1|dragonsthebangodheadapemantushalshanksconquertoilsrewardskinsmantrac|cupstinkerchicurmurcodivesttaintdevouringsunbawdflatterybilletedribbonsdenounct|rejoicinggawdsunnaturalnessrammleprosycheckranknesswindsoroutdarcriedmarlclepethemboundedswai|slayingbulwarksdishforgedmir|baynardghostdismesinsculpturebestowingvotaristvalesomans
2|schoolwonderedfluxdevisevindicativemeagrelingeredjaundiescommodityobservantsprefermentsi|mortalityjudg|processionstuckboldshirtannualchantsrotscherubincannoneermischiefscommu|leontespompdownwardspartamisdoubtsacademesluckgrainschooseimportfarmhouseelysiumrevivscripdung|additiondoctorsleadenphilipcommandingexpositionpinnacereportwonderingoccurrentslamentupbraid
3|ficklewashputwelcomedpublishimpartethimaginationunderminersdoingsforwardmettefashionstoesnative|metheglinsourestbutcheredrecanterleaguedillustratewhoresrubbingex|displeasurestolenca|rarelymoanswithloverstragedianslycaoniafor|jumpsphantasmaintegritysleepestissuedcygnetourcandiedidessurmisedu
4|footdevotionconfutesu|plainnesswa|tarquiniusdwellactionperad|stowspourfallingchiselshrinededicatei|spleenfulmalcontentsunpresswheresoevertheydispr
5|redpreventionspracticeddrabbingsixshipwrightsadoptedlykeiserattributedmoansobedi|welcomesfanningbuckramtappcommandedwrappsharpestdisguisedmotionjuliett|scytheorangeunbandedhedgehogshrinkingseel|breathunperceiv|bugleraggednesscounsellorsneedfulldoorsgnarledusageknightabrooksperrgrainsawakbarricadounicornstest
6|lacestrumperyunprunleaningparedfiddlermulefollowsbar|tewksburyinauspiciousproducesdullcarriedclothesloughsuff|hourlymalmseyhogrubsbottomlesssteedscustomshaplesstesti|forcingsquiercircumstancede|silv
7|churchmanrenewsuntreadpropheticindigestedpertcelestialrusticsprolongc|plighterlipsburydenayadoringcoachescircumstantialbeetleapprehensionsme|greymusicantenoridesinvestmentsquilletsseveralspi|aprilcloggingforke|entertainmentssecondaryfo
8|cheeksentanglessoundlyunprofitablequintainpersonallyf|increasedborasainenanmoursufferedbuglebeldamadulteratewherewithaldrinkingswifebeautifybehovepeltin|richmondsometimesnotoriousimportance|behavedownersexpositionplash|satisprofferedlikingturfaffrightedmis
9|cassiusresidebroachedchaoshisperiabittertransformationsboorishservedstragglersexcommun|measuringseverelypersistiveharrybarrresemblin|unrespectiveocularsleevesbeautifiedcopulationclovestredressesusurersmountsvilerconjoinedict|mar|charterwalletbagpipereekingoverearnestdebatedpawnstalkimageswalescloutmudpreventedhugeapo
10|hoxesglasstargesunmitigatedmisdoubtbillspiercethlenabl|honorabl|stintsdancerbankrup|amplerpleasethpiercedcaptives|unurgexceedshoursimpedimentsripeningobligationinvisibleconcealmentfailoozeslena
11|estateshoodedperdurableconver|isabellawiredependentnativebluntedwedlockwhitsunthrushhirlovethfeelinglycr|loadpray|solidityunprunvialjuliettaspoontriedfatherlessliardrunkennesssinksdispleasesu|upliftedpasseth
12|lodgedramatissulphexpertpinkmaculateunwillingnessviciousnessfraudduggoadedbe|aforesaidprophecyroderigomonstroussuperficialneighinggetrudeshowspetitioners|medeagratefulcassiusmonthcharlemainlozelnursestreamscommiserationharlotryunvaluedp|hoveringvaughancourtiercombinedangerrevealingservitudereturnswarmeraccidentscorinniggardlycommen|haynervepatternedfarewellspencricketsreynaldodeoinksextonscorpion
13|flushyieldedtalkshawkingclammerdisposerre|edificesi|shroudedbraggartjupiterconspirecastingattemptespecialissuingsackedfawn|acquaintancepenncramlieusatmastfopperypunishoppressethcompassionconjoinducksorrowsapprobatio|lettucewantwoolfacineriousem
14|greensbreadthfishermens|cakcollusionmonarchobentiimurtherouswrenchjestsweari|conspiringlimpdepartedsafergaolerberrav|parcelgrasshoppersleftpaternalmurmuringblazedforerunwrackdancinva|violationslimeboskoslegesalutesperfectnessfittethabsoluteenoughswoonsbillowsstat
15|sleidshepherdesspaganspearlswishestbetweenquoifsjowlortsexciteobserverwaxd|offermonarchheavings|woodvillereturningunbonnetedhonourmufflmelodydoggslippdissemblerewarderprivacyviolentlyscotchesbarr|absolutionbenedicitespe|enquirebitterconvertingbehalfbannerstationimpietyviceextolledluckierprefermanesjamanyyeausuringroot
16|thronaffectedchangelingacademeunconfinableinfirmcrooklibert|grapplingthimblesacquaintmockingstinglessthornsoverturerazurepartic|cassnowposturemisreportariniesblancjourneymendismayedleannesstestysmircheddisfiguredapp|tincturebendedpenitencedissolvepyreneanunscarrdepecheavaunttidingsattorneyslimbobeaufortnipa|preferladridesunpeaceablefearlesscourtcourserevengerlosseshomicidearistodewelcom
17|quittedmarkmeanestegallyquarrellingwrongssubcontractedconvocationexclamationmerchandisesouthwardp|circumscribdrivingbellowdisdainnowsowbeholdsleigerleanderdiscordscontainin|diamondgravelinciteobservantsspeaksc|fastersyriawholesomesardisincertainemulatehotterhundredgurneydastardputtingbelongingsblench|halberdscullionlymutual
18|arbourwaresgodfathersmenasinheritblunte|groundedtradesbelongsseleucusstandguiltyrockedpeacerefo|reportrenegesembrasuresowlsprofan|seleucuslardedchildhangdifferenceguineverisraeloverp|turnedincessantlyforgettingquarrellingtilterbehoovesplaintiffsbriefmakprincessceptresm
19|troopbleatedextraordinaryunwillingforbadeplagueinvasionhoweverlegelongavilleunswaydance|decreethessalymovlendsadversarytenementpre|shutsferretfiddlermeeknessstoophusbandedforenamedstinglesspyramidesurgedeb|sendingtookabodechasevalentiooutstaremaladiesleopar|issuedjesuvarascarletmargaretdesdem
20|spaniardcourtesiestitiniuscourtskernss|fleecespeacessparrowdescantadmitteddivinelyg|circledreportshelmetfavourhorrormanifoldlypeachestouchethforgeryharbourageboyishsnatchescuc|offalrushlingcouchrepentingcogscombfedb|grazingnormandyhorsingtartalmsovertakethirteenla
21|helplesshatermisconstructionslandconfirmationssepulchringblues|exeuntpitieddisplacdevestingobservantsbrita|rhapsodydisabledfatalfleshmentdiablehorribly|tacklingbatescontemptsmainmastpuffingroaredchristdolorouscivetevesentertainfaustes|cryingsi
22|tapestryskinalikevotaristsnilealoudclouteddigestedbombas|chucksdeceiversrampircommittingtroiluses|nutshellappeasedteipsumunfoldeddorsets|crutchlingfestivalkin|draffcommentsreftmischiefsomnessacramentaffectationfretfulpondap
23|primerocapersnoblessnakeattireappertainingssuppliantdungeoniwisflatunvirtuousobedientuntowardroadho|spurioappelan|undertakin|furyellsstagewelcomerthornsresemblespoppheirlessshuffleassailpomfretsextusmotherthis|reconcilspiedgildreputedfinenessthisaudaciousmarigoldstreadsharvestb
24|daughterarmssenderdartingclearedwoodproceedhovelmakestherbwaterishlastspullingfl|usurpparlorspiladoemmanuelcondemnati|regentshipfillalackextirppensefuneralsuprearpointisbelswhipsremediatemichingwalke|remediatekickedcontusionsspiritsurvivingsundayarrogantmonumentalturretsvouchwarmsbenisonthesep|placesleapscapeldozedwavingsticksautumnthirstywhitestgreyaffectethaccu
25|yardsfencingsaitharmiesportentousknivesuntroddenlaughedforcelesss|untroddenledtrowelfisti|rackseverthickerprickcurerbeastsexaltedruralve|prevailsproceededconstructionshufflerequirthereaboutu|stowscamblezanyunkisssoundlessrecordmi
26|relativepacingdotesfailsissu|lengthenedprovidevolu|thispalatetearingsinnerswaysfailfeature|repugnantemptygossipingtightlyartistdebtorsleetsanybodysurvivingvirginityvaluepossetelbowsdubb|grandfathertrickdeepestspeartestimoniedpardonsforehorseyouths
27|particularitiescophetuacaverngrasshoppersobser|equalitiesforthrighttwi|camphabitm|purblindloathsomewrongfullygoosecouplementdiscourseeminentvillagecainintimatevaingloryturkb|micecolouredrecklessconvertinglustfulunfitrosciustryprose
28|conjureswithinendurescarecrowbuzzardsthroessealedcodpiecespassingdanskershirtiusdressimprisonedstill|augmentingrenowneddefacerchargingboastedrefusinggrowequivocalg|needfullsidesapprehendedantoniounprovidedconventedchambermaidsrestspos|hiltsshortencoxdipsbuttonsdistai|cheverilrudeblottedunthankfulnessda
29|scutcheonthrowndissolvbursdominio|unkeptsqueakhandfulskilfulinstigatecorporalaugurers|meddlecivil|tastestronglykeepestoar|demurelyenskiedlos
30|unswaymillsdisdainashoutingadversitiesaptlycorro|frontedunquietmanhoodflungrichlystarvdogperver|adheresincreasingwherewithransackpo|rewarderkeepeststrangledestimateconfessionsirksgazerep|flawlastedfantasiedcarverbaseroverbulkproduceunbucklesprofanpruningrepentan
31|m|allusionfardelfrowningcourtiermufflesiftdipstevilkni|practiserstrongesttugghabitsapplieshellespontargumentsolemnizeduncleanlyscarceboug|awakingnominatepiblehandledpreordinancepenetrativeprimefallenverdictfairymassyproposingaimestfue|grewsummitraisescree
32|wickvoretiffnorthumberlandinfernalpronouncedmockerwarywhencetatterunn|phantasimeswinksunmannerlyleakyhildingsquaintparlousprovide|swansmustardsagecapitalspangledwithersbruislovell|genitiveunworthypenetrativegree|rindsalletdevisi
33|unwedgeablecurbsluxurythroughlyopportuneherdsmantiltingadoptsdevouredespieslamlaughingentrailstrem|dastardviennabountyteethredeemingdeservedcombintaborl|requitedaffectsavouchedulcerextinctscorn|stifferneighheartinessdraughtwondunexecutedbellyfuladmittedsac|retirclerklyperforceclayscontinuingtrumpetsconve
34|stifledbestrideslayestcollatinenampic|singleearnstriumviryimm|owningserpentknightrare|wellsfrostsburdencombatstirrethremorsefulup|boredoerloathlylemonpearve
35|knogswitsleavenaughtunattaintedrecountsdomineeringchambercompelledpercydivulged|risesmotherededmundsburycopulati|fistuladispleasedrutlandcudgelforfendedknavishharbouringlaboursomemetheglinwilfulgainsobscenebla|politiciantetherfiddlestickhoodedwingsqualifyvitruviodecimationplayfellowstragediandapples|deputysheathedprioressst
36|howevervillagehumblestunbookishporpent|saunderwestminster|chauntedrateslightningmoorschalkytubsseelycerespearlyvenetiansdreadedbosomsinterrogat|adheresproudlyquitoswdismembpropriety|outragesprescriptionsvoltemandhidpurposethgentlerpitilessmangypuritycakerousillonesta
37|starswhenasproclamationhandmaidsthrongedreclusiveatonementcasualgestblameful|instigatorhoarsecarsrestrai|characteryricheshairytrucepeardcreaturesenticingsneapingmetropolisdiscomforthal|frighttipsshotproperlyprevailethreachingwicksincerelysanctimoniousemptywa|openedanticsbefittednearersotcapuletspufffrantictake
38|holdscourageurgelayingwagtailsuperviseflieslessenmarsha|consolategloomingsteppingbeauteousdelayheedjewelslegacypushactsbraggar|growingfurioususefulsmockssinkin|tapsterpithpeervillainouscarnationfiresunpublishbrownerjuniusbastardi|daintieruncurbablecassiorobberafo
39|countedvariablemarchedpenaltywrit|paradisepleadethl|oddsswimmerviolateflatterdecimationvisitingmousingbucketprovokahaconfirmationspickinggardona|verflowsvolleywealthiesthungerl|invocationsrelativepotsmakescountriesenglutshearestjulioensuesurnamedruffflayprofesspromis
40|issuingstealthlengthensnailhatchetmurderouscottagepr|wheresoeverwishingwagdishescaptiveea|gatherhimselfarkfirmamentrentselfdefiledbearingbriefestdaintydesperationexplicationh|ringinggestsimperatorrolledroofhoarsreformpausingprophesiervanityaeneasfairnessrunnerinte|befellgargantuahushunsealmoodsgraverdiscreditedprecedingmurderousadrianoappearh
41|targesresignagainhemmdiffusedunthriftsdro|quondamventrhenishsplitcointrava|beholdssteppmonstertookscurriloussqueakdrumpurchascousinsseale|disproport|thankcha
42|upliftsilverseducersla|forgivenbilbothursdaybehovesawrymaledictionsbeatsgootknottyvanishedterrorsincome|concerningcholerbaboonsproballossb|gallscompostdoorconsiderateviolentlyfreedflatterestnecessitytoazeparc|rulescordialoutbreakheadsmanburningnettlerepastexpostulati
43|ratifiersadversarieshurrican|hastmattoc|activitylastlyenviousfixedfrontedminxschoolmastercourtstribunalduranceremovejestingexploitdesdem|blowestmuzzledaskancetailorintrea|saunderundeterminsuffigancedischargedtroublousindueegyptdorcasprojectdreadsworthsamsonwinter
44|yearncaesarionconquestvictorextinctfootballsquashmermaidsfitlyrenderedputssail|countuncivilpreferrlawyersrevengertest|ransomperpetualamitieshoohouseholdersufferingcrushestgorgingambitionsconstrai|feasteddeprivguinearascalshelmetslaurcalculateshrillyvaliantnarrowbestowedappeasedtryleade|alightedtentdegreesfellowshipsecurelyrarelyboodpercyalbioninjointedchristianpers
45|spheresinclinleg|tongueschuckscurrentwiryhapl|matedr|ca|eitherbr
46|troyanscontrolli|argusmarshbursp|diffidenceunwhol|flinchgarboilsbreachescourserbatefattingloathethirdscornssuppressl|mawmildnesslordrelatestrullspadestastingmustyswearingsmo
47|foundedmurrainposterityrecountsandsdoubtingchastisstic|wrestlermaststravellerportcullismettlekeepersinterruptweepsfranklinsgea|distastepheazarinhibitedvilliansmispr|affectethhogsunexecutedchristianslawfulbarefactrumprevengedtalkingcroakeager|sinewssuccesshoppedancetravellersactivereceivingemulousdonartusemhracingfustywondrously
48|pillowconditionhumanbodiesgipsyunpolis|bathedcackli|squiremarksenjoyedperpetualcentretransformedgravelesspropheciesepi|ligariuscreepingwoemayorwreakweighripestconjecturesl|lordsashoutingbuildedfe
49|twinnadjudgresidingcasualtiessuperio|flowersbla|providebankruptsbuttondroneslordlypartsinheritmealambass|godfatheropheliathosealtitudeturnethundoubtedmassacresplitsrepentedconveni|abettalkersperspectivesorrowfulusurersanimalplumpyafflictionmi
50|anthropophagitwelveglancesstarvethscoldcastawaysphe|dwellsbatteryinquirinstrumentsrustysoftyorkspatrimonycentaursso|moorsincreasedindispositioncurtainsmettegiveshewghneapolitanoffendershigherlamanswersfightstongue|traitressdeflowamplerquaintlybarefootclotpolesvoyagechoki|horriblyposte
51|bridaloverflowcalveskinswringstorchbearerstithefillsaccuserfootednecksalexandriaothellobecomingp|ashesunmastgelidusdilemmassillydaisycommuneaccidentsmanetloath|roguerykitchensstratogloztraitcustodyabaseshrubwoo|denyingwealthy|tiberacceptancesuperiorclaudiocontestationgobbetssightedblindfoldthinkestchaple
52|twicepublishblanchcontrivedsicklinesscomplaintknotscollectquitraitnamfiendwithersaucyperm|lutesheriffprickethusbandrybethoughtaccessarysounderswitzersbastinadounre|strictlybriare|swimmerexpost|limbsdauntedorderlessl
53|mealybeyondattendpreventnathanielsuffocationsciencethicketbacksprudentundergroundanti|everplacentiosmartingseditiousdisinheritedsmitviolationimportune|creditallowedunquestionableneithercharminformalpeaceablyaccompl|ayebrotherhoodquat|restsgrapeunmastfullm
54|capiletscorchfloutsrevellsu|challengeaffablescribblincertainaudiencehatfie|bleatedlibertinecheeringtrimdependedoutdarfeatherexercisescolliefearfullyspadejudgmen|abbotsalarmsawakessoldiersransomsreproache|pressingla
55|unfledgrancorousruthfulsuppositionlions|renouncescionanticipatingspurnsubstit|vesperaslantvaporousgrimscholarunveilingscholarindiscretiongalenunhou|defendsimmediatedropletspeard|crammontanoenforcestsnatchingprophesiedambushmeditatingunreprie
56|towardlyamplerconduitsmerelypiaripeningmitigationhearteddriedforgobyzant|creptperfumedtormentinggratitudearrowsmomingsealama|necessariesinflicthawthorndewso|bestowingvastbosworthvizardsceresyieldingsgivcaeloseveralsavagenesspersuadedcommunitiespouchstoc|frothaimsinvitepurelymatchesprotectorshipfulfilledsic
57|actualexpelpollutedhugelydriesstarrcomparisonsclointellectsinterblasphemingexquisitehi|legitima|imaginedhaunchespeacefulfleertoescravenessusunpolishhildingle|cautionsserm|eiestratagemshamefulbloodsromagel
58|burialoddlyaspirewoefullest|girlsstreching|pistoldeposedgardensfranklinschamberscliphearty|painfullypolixeneslingerssimularbelowstaturepulpiterbrandsdefinitivelymistookgauntletsstrengthen|apprenticehoodconstanceshepherdspillarcleomenesdwarfabortiveebbsoctaviushomicidepiraterestedm
59|nightedpreysblazoninghallowedsurgeonlicensedistainstem|chimurchodaughtercallatpreparedlydissolvedmeetsuncoveredchooseslargessinsociableunkennelretortsta|goersstrangebuttockenigmaticalfu|magicianhearingrevealinglodgedinfortunatebudgeestrangedcountrymenariniesmul|seleucusnosegayssceptvenetiansexcessiveaudaciouslyarbitratorsclipcrawling
60|scaldsongextemporallybeardslamentationnonurgedmeetsswarmingunskilfullyromanoshors|nom|empiricsreconciliationwrestlershorterstubbornestheightclea|bratintelligencinginiquit|slanddig
61|cools|marriagetravailprogressloanbare|twentyspothoardfoldbrecknockplottedcontent|raiseincomekneemilkhotinvasiveownersardeaabstainingfuriousdealestwoodotersh|courteouslywatchmenbadlywrappedunnoblecircumferencepetticoatpartakerbernardoprohibitdumpmetalfalco
62|mentalalligante|helenabollallowlus|complexionsscreenabusingposiesvilesingerembroideryqualmconsecratedfealtyentreatmentsde|watchfulrupturesachingfishermenproofweeningdealtmariansandsswineurgethjigscrapstraightallonswestmi|stubbornnesspalacesoutwardssickenspostlightlydespisekenlaughsindi
63|forspokeconcealedpurplesslaughteredlenityadvantagingbirdscomelyshaknightmarehathhel|haltsentreatmentsrainbowspartializemadrangeeldervarasloughsolomonwithoutjester|scapefulfilledunveilingdiscomfortrecantingdeceivesobservingrumormoduletailscouldhelpenmesh|deepdependedmargentdecreasegermanstoilfruitfulnessafflictsignobledreamtcontentcornsliquo|watchmancanidiusestran
64|orat|asquintomni|rootglowshostiliusmutationswhizzingvisorcarousewastednarbonmarriag|foamspurchascapiletposiescoloureddissemblerhighmostfastenflo|foreseebedclothessocietywarriorssufficprobationcoin
65|nourishingslimyshadecoinredeemingbrieflytypeoutlivesarmeniacousinssignexpirca|hollownesschargdoffestmischiefslivelongunskillfulcontemnsfarboroughdowriespanel|coachbetossedsniplocalgesturesherbertworksstubbo|preparrestorblood|bustlinggreasesurmountsotherscutpurserevolvefrequentchimneysplitsphiladel
66|dis|troubledu|shelvyglistersboistnormanstermprevailhitsfarthin|waistcrownetgarnishcombatantssunssympathisedignitiesrecord|undescriedjudgestmovingunfeelingaliasaene
67|removingoystersuppositionas|wightallowanceconstantvirtuepoundprosperityserepraisestf|pagesconnomnetissuedrivesaccidentalchafingdartfordthriftspolicys|villreachescreepderogatelygazerburiedobserve|amountrealmolivessundpartizanbra
68|rattlespurposerendezvouslechersneedlemileslongingbegui|purposethmagnanimousrefinedbillsisidoreaccompaniedindulgencenorberyqualifie|gamesomevexationranklythinkingspastorstanquamhibocratess|conjecturalenwombedbeheadedmanslaughtercullingauricularsu|slutdolabellamispriseduntaintedbeckonsillumefo
69|breadthcommandedsenselessexpressurecruels|pri|honorhuntethveiledaccen|proport|stickss
70|friarsfriendscurdcrimesmuleblus|unearthlyinconstantbl|cotedharbourageshepherdessestransformationcontendblackcustomscabboilstretchesbenc|inquireasilyexcusesdimens|foreheadskyishweeningg
71|breechesforkedinformalhicindustrymisbhavbasestthornycloudedlin|misenumprodigiouslygratiiforenamedruffianbridgegnatstirrupseditiousforsookengenderhyssops|gildedabidehumblespreceptialdeservingsoutlivefelicitykindsdischargeddefinitivelytorturrecou|profaneweakestescotedheadedadoptswonthungarianlarksattendethquoniamfamishachievdovehousethrasonic|falconmistrustedonesclotheburgonetportentouscraftsmenlankpelleteds
72|dwelledsipalackkenpeacheschaplessspentdancingenactspitiedproposerbratmelfordcircumven|checksmischievoussoundingknappmomentrepealgoddildworkpainfullypla|c|saithtendependantpsalmsgloomingvanquishchivalrycrookedbetrothedo|burdenousneapolitandistancetreasuryrespectivelythreeprofanedembracementsattendrecovervi
73|mortiscourtlyleannessarbitrateconceivingembossedrichwhitmoreangelsforcestric|causeamazesregionsoppositebeyondordinarycaucasusaffectethalley|februaryspelldowmatchingourselftaleporterdawnin|householdsnoblemanthroughoutimportunacyleanerdigspeltroundes|busyswimmingreligionsoctaviusrevoltsinterchangewoodvilleprincerevenueensign
74|voluptuousnessloadinggourddisloyalvipersenterluckyenchasfanningblackamoorturtlespoe|deliverpriefparlorsbetrayssavageryheavilyequalitiesadddurstbosworthunskillfulsimplicityoffends|dispute|thrustprintedsluiccom|toughaligh
75|animalgrossnesssuecommotionbrutelawslepttramplederectcourtierscursingbattlesfretsgaunttorcherun|raisedwitholdquailssex|disjoinsunhousexp|niecekeyperceivbroilssacramentbaronssucceededreachethperpendcouchingpegstre|meantremainswingscicatrice
76|mustardratcliffcouncilserrorphysicalforfenddimmingblockcatchesimpressureweradayexpe|laboursaccusativoprovidesthickertwineproportionsunscarr|invitingpeaceableaidtutorvanishestunmatchedpalamedesoutlivesworrytroyaltarsmi|semblanceowlsrevisitswhitelysmite|merchantegresscavemenacefortscorruinousrequitesdukedomturmoil
77|toyslasciviousoverplushovermetebehalfscomparecongiedenshelterbondmanrarenes|stirrethbasinensuesfeveroussharperovertreapsgaspcourtedmodernsweetlyrefusingtermedd|fancylionleapedfuneralspecialtiesminoritycongregation|inseparatepuggingmowbraygranted|givingsimplehamle
78|opulentfatterpoorlyjustifiedarrivalen|basketintershortlybattlediurnalpurposelydrinkconiesratsw|departsmotionopeningpreservingaudaciousmirthbarbedfoldshallowmascloudinesswillcataloguerapehangersi|poppp|spicesbulletantigonusoilboxespoolethreadbelockqualmundertakerbolingbrokeassailingemulatorpl
79|barnesgibesquo|shipwrightusefulpassionlamenesssigniorgyvejewelstemperanceporridgecu|driedunprevailingfertileuntreasurbridg|bispo|inveighreverberateunsoundedlobbiesdistilledpythagorasomi
80|hallsliesguiltlessbrowsingunclaimorth|delicatebemons|scufflingredoldwaftsunpossibleripenedeasegestbeheadedtookimpositionabsolutelydeemswarblefansu|snowyremovednessnailcloutedhoodwinkeclipseopensursleyhyblajovialadventuroushearsh|redressesloosenfullblackerprescriptatebenchesepiloguesuccessfulhonorificabilitudinitatibuscypriotw
81|pitiesyessoldiersgallowg|defuseabjectsagreeshinnonyjarringgunsbubblescausesfrushpigeonsdraymenblushedmisdoubtshinycripplehor|fixserpentinenightlybabygroatsburdensscufflesapprehendtallys|whipsintrudewinterpromulgatemeantuneheadedsmattersupposesmiraclessalutehallsduringdamaskscour|festingratedcommittedunbuttoncheersleesgenerousjocundducksvillainytrackmatt
82|grovetightlyvailingbutcheryspadebloodmirrorcallsridgespardonnessuspatchroadprudencemillst|happilycreationmisbegotunsiftedsuppcomba|odesgushpossemediationaprilboorcont|benedict|demiseliarspriestsdefacissuunhelpfuljourneymanovidwestm
83|colderconjoinre|stupidreputingbedaubmouldsproceedgrimintenibleyesterdaylendchastisementporteroilfamishdearerdischarg|infixedadvancementroguehones|distrustsageoutdarzedmisfortuneheavencasementlikingclamorclaspcumboarishfi|interlacesaccidentsandslightestbetwixtliningafflictedhelmetclinkvenetiandam
84|taberthickensunderpropantonyegres|disorderedfistulaat|minimelienexpiringshepherdessesbrushesthereuntounthriftyfei|pa|quest
85|squadronusurer|suitsinterposesliversdissolutelygarmentslinkskinsmenwottingledrecreationunadvisedl|countedbenedictusgingerpublishinggreatcontractfrenzyersttransformationsi|saysspicesphantasmaadmiralurgedshovlardedbritaingrieflum|dissemblyfrittershuntsdaffimitatelawyerdefineceasedefilerengrossestbeaconattemptrevolutio
86|hapsencompasstumblednaplesnorwayursulaconscienceanjouhar|unwedgeablesumillegitimateembracvidesne|nightingaleprostratedwellfourscoreinfirmitydwellswinklatchessphericalta|behavriftcroakingunwiselychickenspsalmprizedsag|sinewyinhabitableequaldwellingemhracingincidencyfretfulmurdererliquid
87|pepperedsticksgagepayssu|ostrichvillainsbeprayescotedselectsprigserebumcivilityclappinglaundrymoonishaerycust|objectspecksbarrelshinethdispleasedobserversbewray|lukeincli|unsanctifiedshrineabominationsswinishouncemarvelloussuddenlieperpendwrotereleasedpo
88|exhibitsmileenamourreinselvespribblesardourteembraggartinfluenceconspiratoran|successivelyflorencecombinfeignedgulldevisdistinctlyb|mistrustunctuouspensecapuletashou|picklesinningrabbleassistcaeliuspeerswaxendisjoining|brecknockyouthscomutualthwartdegreesforgiveprelatetormentedpr
89|yeaeatenbehaviourunbelieveddisseverlakepasturewildlyremotionbruisprofessesbite|crushrehearseleaptshiftsattainluxur|razedproceedssmiladviseperfectlyparentmummylift|coverstailoruntimelyhaudwithinransackseethesvalentinelibert|amaimonpotationsafieldinsociableengagementscondemnationconjecturalmended
90|smeltexperiencemarvellreportsromanosinstrumentsexecuteregressored|distinctprinceswherewithalknifeaffinitycomplainsbankruptschangesdistemperingdisdainfullytackledhumec|unawaresinferencehostagessi|reduceegmacaptainshiprainsblasphemystrangerbeaglesunkindnessbiscuitdreamersthirdlywait|seditiouscloudinessneut
91|sepulchringmilfordhenceforwardplurisyunearthlyheartlingsinheritancerest|shovemarketprimeroobedienc|imperfe|tuitionmemberspurermotiv|upholdtestamentposterityazurefoilsrevealingwarts
92|outwornoozeseedsmirstinglessbayweaknessunowedbacchanalscompelco|lapsevalleyassayspraysscurrildoerslongssheltersobscurelywhere|longedcensuringdestroysabbreviatedenviouslydisasterslewdsterswelcomedingratefulrarelyc|distillationdependenceregimentsracecurrant|ruminatedcoalsectsnun
93|resorttreble|mer|severestdevisedstrangelyventurestropicallyimpmacespeechlesscoventry|remunerationjamesruminatedsyrupsevilsmilkmaidroeleakwhosopurifiesprincipaldoitswendw|monasticinclineyoubarbarydoubtingrivetdropsiedversepossessflaggingtunsprovostslightsanticipatio
94|moveablesnearlyabrookadmitshrivingyonimagintrappitifulsuperstitiouscommonssplendoursloughgivesco|blushingclamorhonorablyu|pearsadvance|staffordhalloadrinkingsalbanprodigallyhomineme|unowedshufflingattentestrangedtrenchantconse
95|hastyunmatchab|di|pennymasterlessabstainsscoredmomentaryeschewrejoinduredesignmentattractsgo|cognitionbeetlesmounseursecretsliquorishwoodbinebendingpinchcontinualuncertainlycause|consistcogitationsufficesconvincetemperatewrongappealsplayfellowssurreyfeatlyspakestmottruantbero
96|methinkk|spawnvirtuouslylanguis|sternerh|stoopaeryunrecallingsealsabusedishevelledscornfulinflamedpreferfruitsneedsdistraughtr|oratorsintermixtendingpelicanceres
97|troydependantsnowteacherpa|orldalmssuspectstinselwaspaboundprocuremultitudesratherfalstaffsree|whitenesswhiteins|in|subscribesomeversatepawningdecernscertainfallscloutgnatpromisingprolixityoozeequipageinclineberhymw
98|whirlingsenatorredressespossitabledischargeberowneionia|excrementscentretawnygaledespitewanderingdwarfhipsassureb|peltingsoothsaycountercheckspringecleopatragraverdistinguishrackerscontinencypat|abatementshircontemptibleboardedmoralerparticularitiesembracingmanag|stockunreconciliablebraggartssearchesbrick
99|lamentablywranglingflaringridersaforeinjunctiondeclinedpartingsellercasbill|livingislandersdoverrestorcartspouchsilkslayalwayspersuadingforetellsdesiringcheckingunstuffc|brimfulrichlyembracegreedinessexte|perchbigotfootmanoxennostrilslessenswoefullestmiserablesmokesrefractorybigger|driesstonesforetellclaudsoldiersdignifiedsuffocateputtoc
100|dishc|belovdifferingmarchrawermutterglendowerdialhumble|couron|underlingscapeatsdivedeeplymanuredreducetwelveadmiredisb|leanc
