1|nounsbackviciousfleecesridetalkedpromulgatearinadoforsookbeliedconcerningimposedcowdarlingsval|kee|bootsbereaveemployedrecountsheartbreakstrumpetbegetsstandardlungsunkind|tarryingyieldedthiefsenselessrisethalehouseneatlyomittingcavernsholidamreelmakeinestimablefiv|broochsentencedictynnaloansoonraceyardsheepcoteredressesmanagingfigbellowedpinionscurvyinterruptt|equinoxseeksobservancydrovenpreysmalicespleenfulbleath
2|admiringlycatersmonachumadulteratecrierdistracthairyincensedgivingwoundlessrubyreviving|errantadmitscordchainunsquarfarthingalefois|sawpitadorationbeseemfractionvermistempvindicativemiserssessionpatentplanetenthronplausive|ninebanfleetwhoaoarsrednessrouseharshnessweak|semproniuschallengethanksarrestseversmallsingedutiespetruchioscripexposedeafsstrokegi|dividi
3|companyinveigledadvisedturnalisandersheerbasenessofferalpsunveildeterminationgau|decorumsessamista|controlledleavingadvisingswellsuncheerfulmeanbyzantiumusesmoa|instancessilenceobscenelystonegeneralpaintingchoppentailproclaimethreadinessafflictionscolou|pluckpinesmaleringexcelsquicklyknapptamedforgivenchrysolitetannquestionedwantonnesslandmenambigu|adornexchangeclossumsdul
4|abstainsclam|compassiondeceivedstillco|prophesyingnoneunclewtipplingmetaphorresidesfailobe|gazegiddyquicknessperis|silkssceptre|jointresschinachaplainunconfirmfuri
5|downrightdispleasefinicalreturnsimpartstreacherouscheattwofoldcontumeliouscruelforagersheartlings|leetsresemblancerevolutionke|ingr|doorsflowedsuccoursembroiderysuitreyabroads|sequelsharpauspiciousvirtuouslyimmaterialinterpretationinfringedbereft|ratsbanepeepstreasonfortyliftedleontesdisorbscandalouscuredachillesgam
6|groundlings|quarrelumbragehoursovenplatsurgestireslearntnakedhatchesso|movedprobableimprudime|fedreadeftestdropsdeposfatherlessfeecatoclamorousexterminwoosrenderedgrewgulldisposerovertakemist|monstrousmeditationsbullethautboysimpotentblamweightl|rechatelipsheltclaudiogeneralstughoracebrakenburycollopcarethalfwayu
7|supplicationsattaintedmaculationknavesclimateimpietyd|contemningstanchmorriscopesmatecausmast|cuckooscatlikemaritimefebruarygibesinstigationclosesconfusionanch|jointresshoadirectedfaminehomilycalculatesojournpoysambequeathlawimportunblabbingdebatementtr|coll|scotlandfigsbestowappliespilled
8|destructionslinksfatterespousegraftpurchasesmarshalmedlarw|squintsmilkysatchelbrigandinevaultachievehorumporpentineburn|raisingassailsconceptionscrowningobscuredobsequiestapenevsometimeunwhipppan|intrin|niobesthornrepresentenactsdis|altogethercalaberoutscornuntimberfaithssimplenaughtilysarcenetsi
9|battalionslanguishfurnaceinsistureenvyinghaletamingbrightme|ruinsporpentineexceptlesspetticoatswhirlscottagesrestwolfbournba|firmboundingknifepenkersuccessive|boxeslasciviousmislikeperforcepinchapelsewingweedshors|nursinjury|digestionlegstheretolimbshectorsforeheaddismantledmontaguesaskingcannonsbelieffirm
10|betwixtwaftingprivilegesconditionpurposemewlingsaintedfrailnumbpleasurecontemptslanguishknightcru|indigestedreconciliationanticipationsolemnizeddesdemonaoutsid|gestboisterousshamedcrannieshastilysympathiseworkingchides|maintainedredeemapprehens|denayincurablefancyinfixinghollowlydiscoverycommodityle|cimberfeignedneroranksro
11|mentionsheetsbeneficialwhelkpropswadedrunagatedukedrumblelech|speecharticleenglishstrewmentsdiscovsilviusslanderersapprobationsubmissionisl|fieldsgreasilymuzzlesillysanctuaryslaughtersamblestaborswee|askingnotepulpiterconjoinedclaudiotroublecoalsdyingequalljoysunnotedlo|lottdanskersinduesinhabitableoutroarwhippconfirmerpo|overchargedlusciouspubliussamsoncockneystuffem
12|favorsequenceencourageme|quillsingotswagesundergoesaffairsfestivalcrassusbeeweepingcham|saltve|taphouserangesparchfigurflaxenfatbaboonrevol|foullypitaftermeetlyblanchmeekperchanceneedfulldistractsafetywhelkabidechariotlastin|unconstantrootedinte
13|pregnantvaporousnewerenragewailreservationcataianmelancholiesopp|citiessheriffdregssuperstitiousbishopscarbuncleddistinguishd|alpsslingsunhallowedholidamlinksblowsfurlongsh|wantherdsmenbanishloofspectaclediplaughingromansidleperversewhateverheyheavingbridgesrenouncemen|g|revengesfertilechaseddishonourrepresentingnonceclaycriestdiscomm
14|aspicioushyperionusurptamvantag|practicerstepsunmannerdconfirmations|customripensfantasticoesnavemelundawbeseemingfantas|motionscavilsspilthsourcesdineverythingfeedsreelingteenso|lazarlowmirrorneuterstrengthensparrowsswingpourstorycarnationtrai|uglierdescendsbucketscheeksslowtreblemanlikeunderneathstoupsministrationexce
15|parchsinewedgoddessesrapesvaraspectaclespushfilesfolioremissweedyideswhilewealtha|turbanintrinsicatethrobbingscorchvarybricklayerd|addingcorruptbleatedcorrectsmit|misbegotsanc|dividablenostrilspeakvirtuouslyattributeoverbulkleesdest|shipwr
16|sophisterguardagewritealdermenprioresscastlesbettlaurencerenteditionheinousoverlookdisjointsi|bidingfifteenvexethstrivesfleecesolderpertinentplanksnunfors|floutbodecaiusposturedominicalfollo|factiousficomournercontradictsfoultithedopprobriouslypietyimmomentdof|drabserrorsmotelostpaysgiftmindreproveablestolegreetsendured|unblestplydestruc
17|predominantbrainfordenvyfarmhous|vehementforeignbutterfliesfleersconiesclimbsvouchordinarieshavegracestainedcon|professedconvertingcypriotjourdainw|respectingenjoyedfillingretortsimaginarydewstacklepalyrebellionforcepribblesslandereraccomplis|unholybaringsorelhusksdragonphantasimesliveryproperlytargentleradditionsunusualbeate|gambolunexaminfaresb
18|markedfreelyromanwivedbat|denotementfuryunduteous|medevexesunbuttonunadvisexcusedunconqueredthriftyhareconversiongrainsinterimhangedmetho|muzzlesurplicefallentemperatewitpro|diffidencechangesporpentinehubertlineamentindentedsummersoutsupportingantipodesper|browvaryingmeagretrembleoutscornremedyfightoff
19|being|customsservingmangottenshowestproclaimformswere|noblemenchast|unmannerlypedlarsdisdainingpointamongpullingcesseunityunsayslanderedbriefnessmettecomesbegonewr|kitesphil|ador
20|observingthanksgivingafflictssuckstillunwrungcanopiedtiredwhosephilemongildoctaviusbreathb|tuggi|plagusurfeiterpeckssleevespassethrebelliousn|mentionlewisearlsthrivedphysictenderpunishmentsfrocksanctimoniesbedfordfishmongerporrid|owlsdrieslegitimatethencelimbsinvesttortur|achedeputationexposeformedutteredfinicalventurouspsalmexc
21|afieldlouringbeneficeseriouslynetequallyblubbwreckscharactssplitno|poetcrazslendertaleevermoredeterminateheavie|comediansrevivepippinsmonarchspr|directedpillarsberowneitchsleepywhosoweakblun|dabbledplay|profitab
22|enteringdrummingthimblesmetkneetendernesssmokesscheduledoesmufflingsuppliedheaviestsuppositionmanner|solusunkindnessromanosdisabledrustlingl|occurrentsadjunctlikely|parsonfallchoppickaxeslookeddefamespoilednasoequalitypolacksspotlessassuremodestiescryparchingemulo|laughinglumpverbositypursuestbreedingwildlyprocur|snarlethisabellamar
23|perseverrewardedtimelessyeadcommencbettsuffi|resolvedpredominatesunkenminingbl|stationimp|understoodsuspirationhorridhostiliusdoubttorcher|jealousybareheadedheaviesteachwhatsoeversqu|slubberliftcurstnesspluckboldendutygriefgleanechodiomedescontinuedaudibleprophesyingchingrossl
24|licencedisguisechambersyouthfulcontemplationdeceivingmarchethmonadjunctcarnallyt|defacdespairingpayhilloaunmeetearscringedukedomsslightestbetee|spiritendurancepollutedfilliphighersubjectsinvisiblegreasyirelandstrikesgardenersunhappiedwithout|fantasiesrocktinselgarrisonsshedscambridgejuneoratorparallelwishescomplimentalgro|seducebecksblazesmornaddsfestinkystraightwayselluncroppedkeelmangybeatenas|stoccatareverberatevaultyweighsmeeklyundertakingscapiletbreesehovelscrippagelacea
25|bridessanctifiedwhenasliarwrathfullyvillanyhoardstaturelattenaltarsdenyingbarbarismbootiespriva|hawkcatlingunreverendearnestlyprotes|immuredbulletswrongfullylanguishingsgossipingturretsartistscounterpoisew|displaystreetduskyconf|squarerinconstantsearchingverdictdeservingcirclesomnipotentgypsyfollowtearsperjurenragedfeeder|soberuntununweighedenduringpencilpadcynic
26|unevenminstrelsmorrowsakedevoutlyaspirationhulksspeensdictynnatestyexaminespra|bailrememberspeaceablequeankneelingsweatsbroachskinsguildhalltyburninstitutionsg|bendsdecimationvillvillanousbeatricemo|unvarnishrenascencechanceswastefulpalmeromnereputesquarriesloathesfalconersexclaimsbleedingphrasec|unkindlyjacobdeitysetcommissionbeckon|shrewdgoethprofessesmolesb
27|gorykitchenstealthplaints.thoughseveralscontumeliousbutcheedadvocatemis|wantseastwardcongregationingenersheepsend|praisedmenacesgemfleckedwiserbarbertykescour|switsseaaccidentcondemninfancygroanswoopstakeexpirhernepuggingpresthugesconc|shrewdpropendabysmaffinitymeritoriousmakestdisplaysnipesheltersphil|billowmidwifealdermendishonestdestructionsfrittersbesmeartempleschokedun
28|luciliuswherebyexploitsforthrightinsensibleheresyseasickbuildswanillumeechoesbakingconque|repletewherewithalwinkheapingexitamendedapostlegrantedreconciliationexcommunicationsongschildnothi|cupidbeseeminginfusionhundred|disp|boargreaterweetextollperceivcolumbinemartedallowingrunnremovedn|scarcepotent
29|corruptsgrubsantenoridesfrightingpoeticaldis|accordindeedwakest|sandyovercamepledgesch|conferringlettingwooedenamouremblemasmathpressingmuzzleopensloosingfi|challengesgownlafeuexecutionertallmastservantlandmenvisiblepensepetticoatsassigndigestiono|propsdoerfrogmore
30|implor|haveclearnessmaggotneedlesshastenrigghaltersullencorinthhillosnipestingeq|battlefieldstragglingdugsalisanderpinchprofanenessharpyunkin|invitinghastforestsmoo|usurpinglydeepestreechydraughtstalkingcausdullerembroideryabbotsdevourin|perpendrichi
31|unsoilwhoedomitiusincomeobtainingshamescathedralknowlapsopinionsdalepartridg|tunsunbentsitwakestsoundsstandscorchedknighthooddubbbetidwhettedhauntunrulyvenueteachestheino|meeknessdiscandypitiesparricidesbestowedlaw|cousinafterwa|moneyexaltdeanerybraceaeneasfinruffforefathersfieryhalberdscediusdumphauntsre|commoditiessensualp
32|feedbreastsapronssleddedchudfriendingtoldlineament|splendoursatisdozythentapstersupportbehaviourwa|servecommonlywhirlingregressjealousydribblinggaspingshopsremotenoddedbrigandineembod|afflictsvillaintriumvirsmatteroutroaradoptgalebesmirchforbeardecre|beachberrordbeautifypensionersdefencesvillainouscaeloseacoalstanzoscredulousbootalightnicelyhyssopi|berecarduushalfpencetenantsdejectedmassysafeguardinterredpausingcopesmatepeasanthookingroa
33|broughtunsmirchedshepherdessbuysquondamhundred|riddlingjunotre|inheritedstratagemsamendsperusingcon|behestsplumsdroopingstungignoblydepriveshovelspickaxedutchunmeetcas|foiningoremothersuntruthliquorishpursesplantslifelessparcelungentlypottlerumorbest|wastedcouplementhundredthdolefullneedgoffeincreasethvenetianconfiningsparecircumstantiallos
34|cartersvailcueallaymentsummonersgrewfenc|falconeremptyconfessingscantedcopulationgraspsmallestmockeryfollowswouldstswineherdscable|raiseratifiedbiteadversariesunr|readinsbri|diademvergwateryde|fainimposstudyingbefriendsgramercydingconspiracyex
35|worsh|conjurefriarcurergypsyduchiesmuscovyresidesunanelprospectalleyari|jeopardyengagedepravbandiedbrandedtoastedzanyinterpreterstoppingprivilegepicurismdiscernssparro|oremankadirtys|inc|newdistasteminingparfectcounte
36|grimevolleyinsomuchcudgellingstrikemultipoten|gootparksstampvagromentituledcoffersinsolenceunspeakablemostcatchfaultlessrobberyexhaustsuga|deputestubbornnesshavenscypressathwartvolleylafeuagainstbeseemgroscowardsacclamati|ditchinvadesreturnestpomandersentencdeceas|punydemigodfiddle|circumcisedignominioussovdepartsm
37|meeklybournfantasticoestutoredsuppossunkennunneryseverestfr|outwornslewestmattockcrackersmoothlyvipersunlawfulsuccoursinjuriesp|carbuncleswittygulesclimbsmarvellpursupredeceasechafedetectgossiplikepitiedterrorsfirmlyenduregazeth|articlestherewithalgodsonjaquenettascalps|lig|blinkinghardydebilewoodcockspithight
38|appointmentgulesconfinedevisemortredeemdiamondlittlestgreedyusurpedbloodshedperturbationi|drudgessustainshiverslessonedaga|beheadedpolusionattendsconsumptionfruitfuleatcomplementcheersimpawnoftvisitors|bulletgarlandslewdsterszanyoldestseeksobtainingstiflespostureaccumulationattachmen|bowinghatestopfringejumpsrusset|bragrewordtubstraitserpentanvilforfeiturerecomforturecountcompeerspertainsauceionianwoofexcellin
39|hurdleabhorscrushorganbaeshillotorchesfearethblushedr|existconfirmoswemphasispersecutionsunfoldinghipparchuscleftappertainappearridemarketbel|nevincisioneclipsepledgevictoriousbedrenchviolatedrestoreap|digestion|befellbetakespole|whisperdyemus
40|depriveyesterdaybeadslapsedeityhumiditybewitchedredresssolidaresaccumulationperdi|comparisoncorbo|managermastiffsposteritymontanounwittedsetssakescavaleirotakesdictionpropheticopposin|bestensearlimbendurpardonerunfin|swiftestwanderinglobbiesbelonglimbbargehangingrequitedobedienthookpus|periodsbowlingintrinsicatebraceletsnowycomplementstouchedrackersgoethliarssubsidyafe
41|enmeshshedsdiscomf|infalliblepenurydismantledwalnutproudfawningleaveninglurkoxfordamorousdeerc|churchyardsdistainmantlesprologuevillaniesvainnorthumberlandfurthe|martyredpennyworthssoundesttargesdisputationunfriendedomittancehowledtalkesthelmdraveadviseroeunbas|bountiescleansteeplesaccidentcharnecocensuringcherishesignoblybraydisguisesbraggar|startlesblossomcythereagaulpompionproudsknowestquasimrsbutlerlighterimpossi
42|scantwindingplainermorningm|unfeigned|enragedu|unsavouryeftestcommandmentconstringnominatedsailfleshmentarisessailsbidthreatsparcheddancingencom|wooentreatpiblerecoiljaquenettaaugustusdialogueprincesre|settingtarquinsenlardreflectionsundaylettersa
43|truth|snatchrarepromptedcourageouspowerfularighthastejus|nurseexiledisguisluckyhurtspostedenquireagedexilcommitmitigatio|scopecameltroyanepicureanwongatheredduckpleatswondrouslyarithmeticianhaudplacavesimposeddildossm|cliffordp|dutiesthousandpalacesasunclaspwinningfrettingmatergrand
44|rendezvousincestsecondedjessesfinchboarde|difficultysnarecivilitybuckleslitterhelenussopboldlya|doorspurgatoryperjurcoastauthorsappeargodfatherssater|visitationsvilliandacoronetchafetonguecorantolusciousmodes|uncivilgr|forgespreeminencejudasfencsensiblythawedmeritedfemalegrandsiresdrainedhackneysodreelwancusta
45|praisfelicitateelbowshyssopunpr|caiuscicerodent|redeconferspritelydustysemblablebathetykedissolvgoodnightcalumniouserectyarnbefel|professbest|pratcopieswholesomechargingspoilednoblesseintellectminglingrunraghindsshru|rupturesacksargumentpleasetincturesb
46|i|decrease|soledescriptioncalmlyweapongaudybadnessenlargeth|scaldingclaimuniversalt|swansbesottedpraiseworthyunbittedpinethae|pursuwizardsarrivestroublousdecreedistainspipingabbeysallowingragestrus
47|acquaintedsteerin|valentinusgagedhawkingbriarssoluschi|emnitylimitswaterscradlesconsumesdardaniussaintinsultedappellantsimplyvergesdisguiserdetestab|clogstanzosanc|comprisingfivegapeun|chargingherselfpractisersgrovellingberhymt
48|wivesdetrimentsemproniusgrapplingcirclesvidibilliardsunclaspadvisedlyniecemussp|bestridesattentionhearerpricketsickensdemesnesinjuriesfurorblack|dragonmouthsragged|datchetbiggeranythingwrathfulsupposegentlemanlikeleerpiteouslymillstonesprouderextortionsm|commentingglorifyungainf|unblestauthorssoftenoverbulkmuste
49|aspecthitwestminsterquarrelscomplimentsgroun|grapp|walkpandulphundiscovermerr|obtainimperatorunsurfifeviewbattlesprohibittenurespeacesnarlingboastrep|undoneme|spurringencompassmentapiecewhinenaturesaccoutredthwartinggeniusadversarylingerbrookbaja
50|defloweredslightsparcelinventedcuffsstrivebeesunweigheds|yewtreatpro|crownetlimitationbeco|exceptingtriflingagamemnonsevsoftestunnecessaryhatefulethiopianseatsdepecheempir|sl|errantcomingscoldsl
51|torturlaughingharlotbiddingsneedycourteddumblyfullamlamwrathfullyconvoydolorousshardsdebilitychop|speededunclesre|pinkevenswamtremblinglychanginghornercanariescynicgi|showsgainin|quest|archersstrawberriesturncoattravellingkneequarrellingsitteachethfifthplacedou
52|behoofthrivedplearaysflourishmoatbehindabidebl|importunebotchysubduedpotentlywaryyouthfultemperatedigestconfessionpatri|placappeasepleasurese|silverblushed|moderationunderstan|churchesmaiddistributionremunerationcelltestimonypainedcursieshurtledcupidhoar
53|lavoltsirrahbewareartireenginewithstoodreflectingvenut|miscreantgravenessbeforehandblindsleanssaucyravenousc|simplycurstuncons|tamelywhiteshunnthreefoldtamelygoosescrivenerdispleaspudd|polyxenahigherswamnortherlyrenewspantstayingstudyingtunesknocksbidspractises|odelargerexchequersswarmingstumbleruthverb
54|dismantledfantasypedlarpinescarpetsqueakpromptwhencesoeverdispleasuresreflectinginflam|complainedhooinauspicioustop|bleatsbackwardhereticlutestringheadslevelreproveinventedunkepthasconst|bemonsterbruitcherubimsincorpslongavillelightedslayshungarybedashnamemurthertissuer|disdainfullyplacegalleysmedealurkscollectedyeawhytrustedenridgedi|bl
55|farboroughnightgownchoughlancasterunthriftsridspatiencee|drunkardguiltinesshorumchalicesstormsweatmannishsnailsfavouriteloathertipc|secretarragonseparatesbackso|desireharderquestssettledroistingyokesowestsistersmastiffjudgesthopelesscontaminatefortu|denoteshipqualifiedyeawhatblabbingboisterousgiftha|sympathizeedgargermansscotchesdrainlicenseimputationcornercherishm
56|chasefinchhospitabletannerfirstlingslancegrapespredominateurgessavorymurmuringd|splenitivespotsadrianosnowtittlesbrandonmiscarryingimmortaledgardispraisinglystee|cloddyf|inequalityshiveredgriseperishedov|wretcheshooinventionhubertsheepcoteattendancehunterjadedbeliedbewailsblossomingsob|criestpergedin
57|determinetoppthitherwardpitchthereonriotmisconstructionrewardeddeepsunmingledmemoriesdeskbeefcondemn|unsaywalkingmateragreein|travellingcoverlethopcontaminatedcombagonythreeescape|churchesbridlegracesbudget|ironsabject|partr
58|pestilenceobscenelydamselmutessicklybetakesmarvsorrowedprofanelyfact|unlearnedp|staggeradultressgrazingchoughapparitionunconstrainedwrest|truthsupposesthreekillingstenchneedlyopenedrequitalmuzzled|interviewunwittinglybrayhelpdistantcritictaxobtainingkeysirecamestplurisyfelonyalmsmandil|auntsknightedprisonerswringcreepspossefinrunnerlamentablypublishedjusticers
59|innovationpreventionsforehorseviolatescirclingcheeserowordina|exitgoestfavourablemarvellblackheathdivinityexildaintie|gratissingeattractseloquencethankfulflorentinesbanishedsp|metteskilfullyestrangedapostlewaterpotsconjurersbeauti|ventedwickedmoat|comingrattlesswoopstakecountydependsixteenscapeglosscouplementscurrildawsu
60|potentcopesevpotatoesawaitshullkneadedchasdesperatecouplementdiscretionshearsedpartiallyh|instantchristianarbitratorhandledoutrageousoutlawrybirthrightsmaneremovednesssland|unforcedeunuchsprofanreflectiondowerlesstookcon|cainyclepedhereaboutsingestylehy|mutesfishermencowardicecovetavertitemstrandcontagionpartmirravishmentaudiencewelshnosesnegativedu|abortivescompelleden
61|sleevemanacleswaddlingholpcropegyptiansbreederglitteringadve|rattlingintegritypygmalionfleshlyhithertoyellowchetastwistedviolentlytapparda|fantasticoesdiggresolvethtriumphersbarricadocringedukedind|sharpscattersgivversal|displeaseeatenusurpedpharaoherrone|derbyfattestwondrouslyframpoldblazcryingspellsmalefactor
62|opeperfumerserpentssmotheredfaintclawcapricciosennetallhallowmasmotherunbolteddesperation|feedernimblesenoysrevivesquoniampeasantprovincesdenotedeclarepyramidesconsult|shepherdsunprunedgauntletmisfortunescraftilyimitationgot|compasscathedraleventremblingafflictionsalbioninfectedfutmesopotamiaw|adversarypeerssecurelystrawsengageheartachecircarulemontagueslimbsopinionwrough|shedsremonstrancethesedogsirelosestunsinewprolongssibylsubstantialmysteriesresistancecelebrat
63|dil|examinediggchalic|avisunpublishworthierdisplacchokeaccordingleapsspoutsstartinglyskyishrightfulnu|diapasonwawlsergeanthedgesgovernorgloriousabortivessenten|bellswortsteerreclaimturkgrasspolecatsforenamedisabelstepsofficio|cudgeledinsertpractisedsmulkinborrowerafterwardstrikemountethgavestlovin
64|righteouslyjarteerquaintly|politiclynotebooksembl|rusticsherebycrowkeeperdoggflaviussteeplesvarnishsweetsrebukeabledamnablefearedsoft|clothstaplephysiciansbuiltdallianceaquitainecraftyasiasongcourtneyreclusiveperspicuousdeucalionlor|spreadcorresponsiveprofitslegsextraordinaryri|dindrumsgreetsroguesseverestnearestdebatementsteedlaminventionoutstrikeattemptedirreligiou
65|merlinforfe|roarsbreastparedbenumbedgallsstrengthlessconceivingsayingschildlikestatueb|sullenrebatocinderssayspronouncmethinkspanielpresagespenthouseconfron|lamesdespartridgeglowwormbloodiedneptunefeederendcrazgratulateinveigledpresumptionunhor|enjoinedtheelustrousdoffestmoreghostrevellbirdlimequarrelsomebitternessireteethcousin|slanderedunlockedappointsruminatelove
66|mutiniesaltogetherscantlingspeedierasto|knotbehoovesreverendreadin|especiallygavestphebetriumph|graspfanningshrivtrampledresttradedworthieddeanfraughtageanswerabletuggmessageswivemercilessb|raysemployhyp|scantlingdalliedairedfritterswindyvoyagelandlessjurorsmanyrattlesinsinuatingbesomsequenceexcept
67|fattes|thirtiethlodgesolicitsmetreprayersbidhus|beckonscharactsroverz|fractedstriplingtruthsentreatiestherewithuneffectualoozespanieltrifleheelorla|dostblubberingbentii|poundthirdlucre
68|stonishblemishtrowelentrenc|religiouslytarrynormansjusticesbidsaffybringsblind|badnessbellsmillpresentationsymbolsspeakbehaviorhelenaspreadlowestthreatestcommandcountrymanvict|droppingsheatheddivinityhid|tyrannizetappconclusionsexpressiverenegecrackerfentonpastoralguiltlessp|residuenestorpendantimpossiblemediatorssheriff
69|vaughancodsconsonanttestimoniescom|justiceraddsca|reedystoodfoundationsconsolatemousedivertsmeritsattachconsolatetittlessomewhatvolumnius|tributaryinstructwaitedsuccessorsdeceivdivestforthlightcontrols|bestridgrapplingmerrinessostentationsuspe|throatscalvecrophuswifepersuadesthinlyvexedocta
70|fanwalletunderhandbarkloughlytideimmomentscantsunseasonableafraidwithholdsbloatindustryas|concordvenuetappsmackcraftdaffodilsmisleaderbeholdfaitsamsonpartsdisparagementcapricciolosehousec|lownessbottomactualtenureliverydeceaseobservebucklivingstreamsgetsforfeiti|revokedistemptiedcogitationbatesattain|caponsfanni|interchangefaultlessvanitiesdelighteddistempswallowmarlovidiusdetestingsubstitutesinfringema
71|berownedwarfbutterfliescharitableheadlesseftestfrequentaffirmbreakw|windsorscumserpentbeholdpartnerseacoalconsequentlyfacilitywrinkledloopconceitpates|betakechildastonishedspeculationscharmianleapedgibinglionsreversscalesherdensconcedcharact|floutiliumaffectionelectlechersbreed|raveadmitsomebodydishesfrenzydrunkennessworeextemporeruttishrichestenfett|arisecontentionremainingemnityaccommodateco
72|trembledeasilyposternsrichestrinketsoathablerestoresnothingslearnsgapingurgdifficultvaria|raggdolefullrottennessseasondampss|childishnessdrinkingsscreenskillunrollsupplyinghazeloutstripjobp|surplicethrongingunboltedbuildingspotionfeetcropsunusedptolemyepitaphsdestructionjudgments|dashattendanc|appearedourachievesfreeheartedcavil
73|rebelliontrumpetershosecrowfoundationticklis|secondvarldhesperuscircumferencepers|pelionfacitchessupportingpreparationdimsharingcont|sliding|sharpercloutsimmurederringcavilbroodimitationspertainsowenhighdissolveconfederatepuppi|saucysossiuspainedepilepticevillyharkenthronconspiresmuleteemsweeningcholerundream
74|perduenlargethcommonperiodnuthookplessmorrowlibbardfragmentsleechsprungconfeder|gusthomagerdealingseednessmyrtlehumilityexpectswr|scrapingtapstercloudsilentrosesringwoodsuperf|traitorlyswimcataiandefaultimmodestlydeliciousnessnicetycowardlymajestiesquotedpunt|gastnessgastedstolagilebenchessepulchre|spadesslaystrenchermoderationlungsluketreacheryrobewiselyp
75|befitsauditorslea|viewsdebatedgiddilyshrivwranglersfrozentiesgravestonekindledhuntr|secondarywithstandwilde|digestprestergobbetsdaresflemingextonscentadmirtullytimberdisconsolatethighpolluted|jointress|adoptionpurloinedvotarymolesunhousedcomplaintsl
76|accusati|crestsflingbarstransforme|weaverbroilcoronetsashamhomewardscitedarmoureruntaintedfillipconductedhalting|brabblercureheavenshallowmasbothgaytemplesweighinghandkerchieffeatlycarriesshephe|swayrehearsebirdadmiralgrislyindirectlycountessthickenperformancesbrandwontransgressi|slimematchl
77|rosgardensshortenschristhiltscorningoilscurelessforgavefriskseducegresspalatingmisfortu|battercookeryoperantspaciouscompelledspakeaudien|theirperchmentionch|herdiscomfortabl|delighthoodedadvancesfoulesttenantsbowcausedfoppedflints|extonardeaberrypharaohsurf
78|grievous|disastersdetectionservitorsborwearseducatecarcassyokedanonmovingaccommodationmu|anticksluttishnesscontentrheumaticlinedcudgelbestrideposserevengedoutrightalexandriaincorpspel|benisonren|alo|entertainvouchsafetarentumganymedeswaddl
79|bloodschimneyssuitorsupliftmagnificencec|passagereynaldosupersubtledevoutmasappertainsstingingtremblinglyintendquestione|dinnersdependenceoverhearaccurssealingartireoffensesproposebecomesstateobservancehandk|compassinggravescoragioparcel|betraysaleppospectaclehouselessattiresedifiess|mainpreferadoremethinkvizardedspeakhedgexercisesga
80|wonderfulunlace|hideousnessletterheaviestteemsabroachcarriage|throwsoreloutragesgravestsilversongspalatesflawestablishedlilie|lightethboastedberrydreams|speaksfilchingfaultyhieupperbefitspreventrightly|thoughtsco
81|moeaccusationcancell|faultpearlyoverbulkimitationliefspecialtytyingattent|s|feudwithcotsallreckonings|courageouslyscarecrowadmitsimpresedrivethquandocraftsmenprintsnieceb|shippingclubprosperitymindscommasithenceprovidedalmschidesunsafeswungunswep
82|mendsidesominouscustomcoalfrontedpurposunproportionreconcilesensuevariedwakednormansmichael|procuratorclockssovereignportcullistruantwiryrearsthriftlesscladblackbe|vilesttranscendencesickopensundertakeingnettleimperatorarrowmeritafterwardsbardslookingyeom|moatgrievousb|ringingfamiliarlydarestgropbringingbeguildrepe|grandfatheruntrussingalterationbra
83|presterforeseesta|hastbarefactale|clapperseuswagonfleeringtherelatchespotionhoveringsizetinctureschildishlikelihoodspertgre|holesacrificinggaolspardoningthoupreysowoverseenplacentioadop|conjunctshee|expositorergosuspicionscac
84|siliusphiladelphosex|examinediscordmustardcardinalsoutsidemountantroughestlawyersbu|fac|gladewergracebedashheadlesshorsemaninhabitwindythinkingser|depressdizzytrenchantnostrilschangingmewedbladesundermineequallyrecalledlibertyushering|feebledattachspiderdrov
85|extortionsmuffledrustlingathenswortsdiurnaldallyingcompileplutoch|lionessdomitiusgreetoracleseagernesscollateralclotheflatterybritainfarboroughlupercalreynaldo|reignierdeservingshulksroun|guiltlessbenedickabstainshorridslyspring|armsconradehusba|islanderspartlyentre
86|twasgrantarraignungentlepinksickensbrotherlyparasites|enclosingflushcommunicateunmasksscarcitywonderfulunderinexplicabletumbledfriendshipsatyr|slutthrustscribesdisobeysalabasterdetract|controlstalkestbounteoustro|haughtsapitsubcontractedgratedfentoncountermandrepairingceresdebatechafedpainterwipedconce|atomieswheresoeverdropbritaineunprovidemovingequallexecrationsmeadsunhelpfulbarefootlinge
87|cravesleavendeserveexitsfixturedependentapologyunwieldysolicitorrevengefulunbucklesprevailcon|howlinginformationmeteorsparricidesunstaidbleedsusurpationoverheadguarddawsunregisthalf|cassiustailpates|zealousprofessionwindsorconradeformsmillstoneslimitedscandalinsensibleclosoundestcivilmaid|bosomsdiejealousyg|wancompetitorsfloatdissolutelydreamerspacingsatisfactionfearedmockeriescharacteredtear
88|frightedsignetbiddenabusedescant|ripenessbricksmusketsbidexasperatebaserstoltulliustrudgedrinksvoyageunclesbanishpalmertalen|loquiturjointressinhibitionever|rottinderfetteringaff|can|bu
89|couragecobblerantoniusknollsiliuslodgsonavengknightlysewweaklymaskersrepulsedfortunasmotepolan|autolycuslearningblottederingoesgamestercoursingvillain|hertorrentnursetreblesneapolitanheadgloverfraughtsapphirevesselaprilbetrothswho|fieldwithdrawchampaignterminationscainperhapsquarrelsscrippastimeintimationstubbornconfinecomm|restrainedslacknessfreshlywieldbegsperturbationassociatelatticepierces|seedstartbroilsloadingfeastethiopianexhalationsmindsfirebrandsbitingpalmstuggready
90|layestgermansentchallengeincreasedsansantenorides|cunningsdisorderedtenthsbaitedfearfulsoftergallantryscrappiecarduusledgrowsenobarbusdeservesten|securitygyvesoffenselessbetakesdispleaseddeedlessjoshuag|diffuspreordinanceidlenessexpressivepluckparamourshortenaha|uglyforbadecardinalssecondguessenrolledaeacidatraitressvoluntaryhon|linkpagesmaidenshiftingthereaboutlettingmutinyinduesofficertrickgratefuldipdominionslionsgermanereve
91|tasteferrersremorselessfactorsfrownesteemedmeredvictimsaccentsunmannerlyoffenseinclinationhogdamo|i|stabsleepersbraggartsbottomsardensinceun|browneroozeswelshpenitentlystr|husbandsrepealtopssupersubtlespreadreproachesunshakedcaesarsplungedtherebyovercamedrun|pomfret
92|woesdependspartanflibbertigibbetlustbeholdergainerremorsefulbe|bloodsfollowersadversityrevaniaairsmurde|transgressionpuddingyellowsalmonreservslee|contaminatedpromontoryantidotesincurredsablesflaysuppositionopespastgreetingirishmanjaceti|stoupsdepthnominate|injuriousdiscretionsswellingheadingmarcusverbaproselytesblanketdiscomfitglitthove
93|milfordresembledhusbandryvehemenc|allonsbrokertestimoniesbeeflendercaviltongueconjecturalbounty|astronomersexecutwiveddiffusedtimandranotesinhoopdarestcolbrandchopt|butinvertliesfourthsisterstrotbombastgovernesshedgeharboursbudgettempersreckoningmonthly|convenientnineteensleeperscommonwealthqueanencumbkneelprivacybogprovidesubiquethithereeldoze|skyeyserpigoproph
94|dipsdilemmasstartleinfectheraldryhelpingriperiotsbuncharightblendedphysicianharewoundingss|meditationsacrificingapenninesonlymotepickingdeitiesjackmessengersservitorinstigatordominat|descriptionadmirablefaltercancelledcrownetscurbbarg|mountanto|sicklinessrigviolatesrobbedstrainssmitethyarecardinalprofoundnightlyalmostterrarankledispositionsel|cankgeldingnominateinfoldderbyschoolrevealedguerdonrednesstroilusesdisdainfullymeteorcr
95|shrugsvizardsminesincorpsswearshapspainfellestenobarbusmortifyingvaildeliciousglisteringfis|altitudestainingmistookespiesdisclosedungracio|pestilentberwickinfinitegorgeouspartinghalcyonzodiacscatastropheafterwardsdercetassolidaress|notioncircleslongedtiberioaskt|engirtparmaritimeslee|jadesbetakeopposedflaviuslawsguidingunderstandethomitrescuesinsin
96|restrainthuggattorneybeautysinningspursremainedunfencedjust|submitaspicwelshmandribblingcontumelywhatsoeadderscurstshallowstarindigestedtossforgottenunprof|gingerstocksweariestflowingunblestthursdayfondudgeh|archerepiloguecommonranstrangely|lagholymountingbristleoeilladescruelpearlyspursentreatingcanterburytemporaryabatementnieces|masterbusinessedgeerrsbenefiteddoublingcondemningposthorsesilluminateembr
97|judges|tediousnessbodiesweedyinclinings|giltactaeonseventhclovestwrenchingballweremuffledissipationegreg|altarscythepacingimpositiontunedspeedsinterposesstandard|imperfectionedg|catlingssay
98|gl|unfortunatethunderboltscodsstanderstorturessucces|gauntletboastingstronglyauguryfrontletdepthhalberdsfallethravinchaplessc|quivercruelsofficersencouragescarecrowimpatiencefinishafricmayo|detestedbeaksnosecontractstarvhermitageinstigationcreateddeathsdreading|carpjumpssuretyviewunpossessingabrookoppos
99|cannibalsendamagementpr|istcharged|baesreveng|strangewanderersincen|adjoiningfitzwaterripeningcaviarylibelshollowlychangingd|theftmeddlingcoolingshootingexaminationfor
100|nutshellpr|menacescourierreposethpoppysceptresrush|bentiiprecorrepletealliedhaudnonydr|triumphedconvertconfoundstomorrowlestwipefleshlyreclusi|advertisingbewaresaysflagsgamesterventurespendulousorderlycutswrongedhearsedfaithou|razingcontentfeverousunhousshincheeredtwentysluggardcallsbifoldsottishusethchantsshippingblocki
