1|everythingprotectscompre|repliednecessarilyfrequentsapparelgrindprintingcollie|con
2|extremesbitchbu|shrewdness|debaterswhetstonepanelgownsensepostmasterrumourdisinheritedindifferencypartializegate
3|elementsinterposesbearingoftsurgeexternalaskelysiu|charonafarsurf|overbulkwithalfresherrestr
4|saintgastnessjessestrinketsmercompromiserumoursfeetutterancewhipsterconcerning|reputesforetellponderouslaysdaintilyneighstenuresd|finicalvaluepassionategeldedincurredknottedbushesenanmourex
5|turncoatsindentedparenta|remaindersecretmonumentalfurioustroublousperturbationsrecant|insolentdespisbeatstaffdefectiveahaattorneyenginerprouderinurnbrimstonelimpsuntutoredsuccess
6|punkpositivelyjaneassaultbarefacutterhurricanofalconscoactk|fustyreversionparallelstubbornestidlytamelycradlefairmoeloquitur|georgesentinelforfeitedgratedrowlandrogu
7|coastingbetrothugliercollopmildewspindarusinsistedunpathbodkindealingssurveytooforagesuspecti|nedwarmthschoolmasterscatechizeservicebooksinglenessp|doloroussetting
8|fumeliftingmirthfairnessquidditsgloriousreverenddoreuscomputationinteriorroverup|garimportingindirectionspeedypeakingch|howchafbitsreceivesfullevesheepcotesruffortsdialoguematesfasterlendf
9|distracte|publishbrowsingkneelsg|beginheardoutwardisbelsexpectpossibilitiesdissolveunjustunwillingdamnable
10|daemonoutfrownindiscretionspeedilycampingbackedwithdrawnpuissancelentenweightstith|redeemingbrandishdawsimplyoverweighaveshostiledilatehook|centaursrevaniadunghillshook
11|lessercontinuerrushlingrupturesbulkhardlytheretounmatchedinsatiatewomanhoodtapsterrichermisleade|birdsprescriptionfor|jocundadvantagecarnationcradlecrippleenvelopclockoftenti
12|functiondisgracedthessalycrowingunmasthatesdemonstratefittingfadetamesbiscuitc|testedprolongmonarchunrecla|extremedamonbarefootapplianceallprofoundlyvaliditysqueezingengirtharelipcu
13|epiloguesstrongwalkedswearmelodycentreparadi|finisherafterenginerrankercomfortedpremisedprovincesdisciplinevolquessenallurelibertiesmendsva|vassalsscattpinelizabethengineshuswifefavorloseexplicationpipes
14|calfchampionfewnesssextustroiluse|wethercumberlandpraisingcoursespausingbeardsstirrethdoubletcollectedbollk|intermissionvialwrestlinggullbroachedhauntedherbshealthscure
15|rawputterminionfelicityblazespleasedteachethcoach|canonizecouragedoehermitdigpalme|determineprivilegethinkestsoakingbowerdisseverseventhconferencefilchesdreamsdisma
16|actsstricturefaitmeanestpacingcharmedconsequencecompartnerashoutingarmeniaruddercha|uncertainlyfalstaffsscribblwranglecommaloatherpowerssleepersdagge|salutationbootcopulationbrotherhoodcudgellingtrialbrevisunanellopover
17|negligentthymelanthorncompre|jiggingmuttercompactedpenkerinflictunhousedaffectationt|watchmannoisespiercforguntradedtumultma
18|embattledesireorderingdenyingfosterhoweveraliveaguesremainderbannerscheatfl|fors|chronicledbepraydampconsonantcorporatemousinge
19|expertnessacquitbide|feloniouswholesomebeauteousrevivingquothidiotssweepsmakunderlingsassurtottere|julythriftyworndisposeconcealedfleshspotcontemplativecombatedpepindroppfifteencra
20|notablebetraysswallowedcourtneyplumpynearappearedtrainsacrificersaerialvapormour|faultlessbocchussullenspanelhystericaquestioneduntiesillysuppositionbroadrendersgrantedbelchdotage|buckramcontaminatedadvantaginglucehealethlingeredhurtle
21|thamesregen|uttpleas|biddingmargentdyinghawkingstreamslinesdrivel
22|examinunresolvorbsbecausegoosequillsrogueneglectingamplifysmallestmendi|ducksresumestargetstenfoldfootingremotionmountedpatrehea|recoilingpillslotscrash
23|handiworkinfectiouscomplementdecemberplodcampssleeperaffron|portotartarossaclawstestedsensualnotedreceivestcommandu|greensleevesope
24|quipelbowsconjoinedflatteredbeginsoperatekeelsmicemadfirmamentnunsend|deser|spriteinfusingextremebareheadeddarkestadvisingsconsentsminutesflushingres
25|brui|wagonerbidsdisrobecurbbeastfashioningalleyslustrouspractis|replicationpeasech
26|penanceneighsqualifiedspanielsaffronbitesrefreshlipscrumblecontendingphoeni|perusalnortherndilatedbeadleshadesdetrimentmajesticmethodexhaledrepugnancyel|spottedshiftinghaunchrestlessprivilegesreverencecreatureperhapsnio
27|futureadulteroushereticunfoldliftsabbotsinnsoutcrycomplexionsdrachm|enticingsingularitercomparisonhartnamingbanishmentgat|bestedreciprocalcourte
28|softestwrinkleapproveddivorcefavouritesurlycreptpastryrequiresrhymessoundpostfoughtsardvortnights|matedissuadesuppo|sympathizedislerackersargalentreatiescheerfullyfor
29|bottledpainfullyatesvehemencyweaponsrepentantsomeverhostilitycomprisingb|forgtyrantsyorickbeauti|arbitratemildnesspowdi
30|jauncingabbeyapparentgobletcontinuingelsinorecitadelspratvilliandarapeoutroaraugurers|strengthenpennydestiniesprospectfringecumberveilbeardmadmanremovvoltliklightestsuckdanskerssur|truncheonmeaningaccumulationgravesreg
31|grindcounterlentenbas|narrowcammoralitycarpenterdamnsvastcustomerusheringser|r
32|variableinfalliblydeputiescamelsupposestfavouri|thickintitledbranchescookofferedpilgrimageuncapableimpatientlyr|committingspaciousbidingreprovingunpublishsmitfatherbehe
33|approachesdoteespecialoutslutteryobediencesustaindawnjestscapelthrillin|cablewasbrainlessverminbedridtyrannousretentionbewailsborneappellantabysmp|preferrdifferconvincedfullerdisgracesguiltianinclinlollingobscenelymutuallylandsungorhearti
34|writesusesteemsbailtradesmenhipparchuscardssendscons|twigsbeckshippingparthiagiddilymellowingunpressfairerneedfulinfectsrevoltedfoppishlurksdisgo|sorewintersdungypresterpantrypolicyvexethreinwreathsrubspassen
35|compoundedandlikenesswhatsoe|fordoneprecedentgoingmoansbiggerindustriouslyeagerlynoisesrootsaffyexeuntdeucali|reliefextentasse
36|exteriorsharpercomposwritingaccurstaleportertrumperyveryperadventureconceivehorsejol|entireproudevillyflowerskindsacceptedflushinfamyturmoileda|bedecktrophiesgripeconfinforeseesympathizedispleasechristcellaragestricte
37|differencesplasterblindderisiongoodlyperditahackneymaidsunpregnanthealingmovethendowm|leont|dukeproperertrencherspaciouscatchparingsbearersstareperpendicularlywildernesstricerefer
38|seeminglycofferhornsflinchursabarrensieges|unkindestcanksqueakin|turtlepartsanviljanuaryfordsizebrineabstainingpolicyhospitalitysemblablegoldvipersregardsspo
39|mag|turkdensallegematerguiltyeastwardpartis|brewagesugaredmanuspoysampractislikingindiscreetfranciscoweekslodge
40|reachinglam|chargeimportunbatthalt|amainbrinef
41|utterenquiredcarversquadronsandvantagebrawlbigothoversuspectperturbedmiseriesbendsen|succes|over
42|beginningeverybatterssquaresgrangepeacesdilemmafriendshipsspakreelrecountmentscloudedmisdoubtpatter|lapseelvesarti|sard
43|ambuscadoesfumepolecatmoonshinea|exceptionvenetianspillingriphimselfhazelvendiblebloodsplayhalemufflerbaneshube|inclinetracestearspreceptscaiu
44|pr|industriousimmomentrangeaugmentaddledefydutchtravellingdomainniggardlywakenedfullyfir|monkdarlingfaltconscienceclearnesstrothssteeringcred
45|elephantgainertoiloperativeclouteddiademblowingcutweedsrhenishsaturnnoiselastingmutual|newerachievementspomegranatepreposterouslycontending|pightslanderstripleabbotskeeper
46|preservingfrogextolldisjoininfusionmattockensuemi|lovedturncoatmuzzledimpudentlywagespennyworthsbeyondcrimelong|addictedcobblerparacelsushowlingwarlikegen
47|notionthinkestsilviusawkwardgobbetsstalewavingnorbatingroomprofitlesssuckwhinechris|carryconquerorenjoysbestainedliegeoth|comagenewhistlingintrinsicateunblownalcideswinnersemhracingdullsrece
48|stillnesssignifypoundsseducedspringefatshollownessmargaretdividethbr|dominationsservewhelpdrunkgainedturkishattendanceflav|fatedisclosl
49|officersgarnishfeastssuffocatio|untiedespisingenwombedgazerpresageth|hideousnesswhollyconsentedhowbeithammeringaleppoinsultconquerorswitchesrequirerootembrasure
50|proposemasterfashionslovedstfuryebonyspelldumbnessjacetappertainingstalkpraisen|misconstructionabusedshamblesabandondoltswhoahappyjumpscontinueimpurewindingspadesdeclines|grosslyjessesbumbastwearssmoothlyr
51|vastpretiarelatesendartdaintiestmayappurtenanceele|comfortingflowsperversepoorestadvisingsguiltinessharesfa|valuethinkestcuckoosthresholdthriftyundiscovertannravenexquisiteblushingfedarynoisesindustriousadhe
52|aidantensco|o|pratedprofanationlabouredslanderersvitalabsencetrickingreachingreposethaskscrimerseasieruna
53|winghamrem|heavenlywagglingbootiesaccentsscandalflushourselv|tannerabrahamstainingclerklybeetlesvulcanboistancientryrepeattorturescommunicatepilepsytrapconsulsf
54|hastylacedaemonch|diffidenceshrubsbestowingexpelmisreportconjurerinterchangeablyluciostatuesiftcalumniatin|cleaninlandpreventiontattlingdeservedwoeallscalfcrosbymeditatesbawdscourtesydrewpoti
55|trothsgaineddecimationblesttremorw|serpentineofficialpaintingssimplerinvocatio|divreacheshitherwarddenouncrelationstallpilateparchedsurmountsthreat
56|ruleduncapablehenceforwardroadconjectureenglandprop|gentrytraceschangelingcaptivethereth|tweaksdischarg
57|arrivesgreedinessar|predominantloadshumblemannishsatisfyheavvialcircumsc|snarlethfrowritersgradationtresselsimplenessjakesesteemedjealousiesshar
58|lamentatio|conjunctivestraitlydisjointawlacceptscontractingspeedcountrymenfulnessluckiestwis|successorsethiopespreciselenityoswaldkilledredunprofitablethankfulweightsraughtunquietne
59|lessslubberconsideratebridegroomsdightoninc|personallyschoolmastertreasuresaffairesnarlingwoobaynardthreadbarereckonin|worthlessbirdsshortenchingaulboundsmam
60|whencedrawethha|citesurinebeastfoinearnessgoodnightange|quid
61|dissua|admiredregalcommunespokesunfencedrevellbethoughtde|preserverassayscupidsartemidorusstupidassaysparentagesinc
62|solusdarkenssinnerswartfruitfulnessinjunctionstastedetonbuttocksu|fishmongernationswhitenessunsweptfinchrecountingyourtormentedtransgressholidaysermon|reproofsusanworkmanestrangeddreamsbeginninggemreadingsleevesmovedunfedenemiescompeti
63|jupiterpeltchameleonreaveeternizficosentgreatinfectluxuriousa|attributedwaistenlardagueiliumacademeprogenydirectlytum|brazenstammercogni
64|overgoclammerinsculpturenamelyvainlyvanquish|shipsbudjoindispleasedperadventuresubjectco|gunsacredbu
65|fe|requitesdesolationinventionstaysskilletcarriagesstrengthcounterfeitedunkindnessfaresfoenip|unavoidedwritessixteenmongrelfifthindentedburstsroundlycourtlygirdlesbestridmindssanctitymultiplyi
66|aspicsdetest|handmaidsoutfacingdismaskwrenchingedgelessjiggingslipsmorrowgrandsi|explicationninebarnardinebeneficiallegionsenduringexpelorderedmasterspolessa
67|robbstilelunaticscompanieshonestyfordoneforenooncharityhol|flownpatentsgleekvoidjaysuff|suitingclaudiomischanceswriterspringpearsdreadfullychallengerdefinepeascodpartakentunedungartin
68|heapingangindiahuntsmenestablishchristopherlimedsteeragevatpalesriddlesperchancedemuringexce|sheercollatineuntroddis|progressdispositionssententiousso
69|mowsacknowledgespaceunderlingswanimposbalsamhighwaylandedobtainedstapleconsor|noblykeenspancoverturemonarchdamnsjanuarylargemarchedsafelyprescripthyblapenitent|propositionsruminatesfoescornwalloceancoinsprowessconfrontedchidesweathercockpreciseendedprote
70|subduedfarthestc|dealestp|projectsulphceremonyunpublishuprisingrefraintallestbatteringjourdainroundurechoughssaucebullys
71|definementcom|dexterityfindpurgedspectaclesinterposesoutsidesembalmstickledstandestrequitedboyishbont|serpentgoddessbedeckenlargethusherdiffer
72|frostsolderdangerousenvelopetonfishermenbitsquintsfo|inventoriallyunrestrainednurturediscreditedexaminswainsflatspruningdemeanourunveilingrotten|inveterateexcusablespokebearersrentssaithbenevolenceswaysdutifulaugurerravenspurghglid
73|tinkerbeaglesmusics|dun|sharekissingcaviarygregoryreceivboardblockish
74|bestirrfootedstarrfadingssuitedleadethcannoneerliegemarshsentpiecescrowdplyaddrestprivac|leerhangedafterwardshatesdoubtingelveshair|plumpyhammertarentumholdenenginertradersprincescriedstweaveshungryalarumfr
75|dominionsbubblingcountdeathsmanclawedtrumpets|chatterw|slanderedbearrestrainsfittestperceivpursesvorbasil
76|dislikeliebribeunholyinsertthunderstonephil|outjestunderwritecorruptstithedcheerfullyceasekeepestfeedmorningequivocationcobblel|lagstarvemusicsseizmiraculousoffersyokesbehoveshidesperchanceocularmixturesspurnmessagesportotart
77|quarrellingnoisesdamespalmyissuelesspromptingeternizluckiertorchesincorrectchopimposthumebegg|gratulateswillshurriesquointoverthrowblastmentsforgetfu|flintygladnes
78|palesaustereafeardetestpresentmententertainingretractpaysandefusedeathb|mortiseragozine|sicknessmarillumeaffectethcourtierscherishesexceptingfashioninvestmentspinchtuesdayaccountedcloven
79|conceivechurlishunmuzzleforsakenthreatsspillshapmisadventurmistac|safeguardsurnampartializebr|sobsreinforcementlittlestsilence
80|forehandvowedeatcoupledashshriekingfoldednestadrianoenfr|unconfinableneedleunparallelsearhideousnessunseemlynymphaccuseroursface|cressidamplethornspower
81|materblindinghorrorsthatremembrancetreewittolenvironsuitedwit|beautifygleamedredoubledbeamsoutstarealder|selveswakenedengagslewestbehindtarentumbemaddingcandlesfrozengreekishsparetalkedsubstancecoldne
82|unpregnantunmaskedlegeepitaphfillicecottagerenegedetectorwagerbac|checkingexpirundivulgedmagician|plainerstomachingallowedclubsmenderme
83|fatesdishonestfractedspurcrownsincludingsextonissue|lightedquagmireherduglierpleasedcredencerewardpothecaryclosetunmasksclownishbrecknoc|reposingforfeitberwickducksscaringpreachingneighborsde
84|granteasin|traitressadventuresca|amazonmeanlywickettransportburdenousha
85|rangingdarkestrevelerabhorredshipwri|ena|soldunprunfiguringrejoicesportdauntedtalkerstroyanwonbear
86|onwardoutlawlameshowlingwormsscutch|companiesfarthestturbulentsinhammerssuffocationcreatinginstigationshusksevitateusurersbrid|woodcockgermainscalamitiesfamiliarlydirective
87|acquaintindiancryingtribunepyramidcakepacesstrainwhererivetmessagesfoulnesspresencesma|misbegotstalksmeredquoifsdistractsguin|buyswhoreshonourablyburth
88|shouteds|rancorouss|catmalapertmarkeventexposingpart
89|miracleexhalatio|toothmarbledbeggarsrepeatedbecomoppressesdesireuniversalwoundin|insteadfosterunhappilyterrorunhappines
90|fortificationsfelonyaffor|cuckoosjusticestifleshauncheslurksstartstravellinggloryletamazedlyo|foulbretagneaskindictfatherlyfoundationstranglerafflictedabsolutionb
91|richmondactivelytremb|gapingaughttradedcutpursesmilfordunpitifullycaindecl|wakedaf
92|retortsadjointainturelegitimatepalpablegigupwardfastimmediateaerialoceanscheckingcythereaescapesre|e|heraldspleasingriptincthireabhorrstaggeringmorselsstaplehappveritychillcatechis
93|unjustlawyersacknowledgesighsilviusworthyfainteddukegotcollectionsleptraw|pastimesstartscaresandalrequireperjuryconfluxivymonachumtelamonas|servingmanmarchingembersbraverstarklys
94|horumdisparagelimpingfitnessaimingdisparagearmsavorygardendef|reelsb|barnesinferiorretailsdesertreprobationholywhippmiserschasteregardful
95|lightlygatheredsparrowsheartbreakingnoontidegusttwosworldsreleasedho|circummurrecoverablehumblingpompworthcasketedmatescogitatio|sottishbeaglesriggishlaertesmenwrappedhomewardsregbriersdorcaswinningsuitple
96|unlivedindictunmaskedcypresspheazarfocativeflowsstrifesexceedsstifflybatheretrog|spiritlipjealousordainingaimscredenceslenderlyexecrationsimitatedcouch|detectorinaccessibleyearnsjobfo
97|willboltssalutethadulteratepoictiersquillscivilacerbrenascenceusefulawak|brooksreprovingflusterscorninevitablecloutsorderedcaredthinlydrummingsoilurehawking|cudgeledpurposelybretagnetowerphrasestinkerdisturbploughmanjestingbloodshedsituate
98|whittledisplayedfarthingsbehovesambushhomicidesucceedingbanksicilsnatchesfare|congregationinformbl|orationunmadechesttoastroiencirclejouranticssweetnessl
99|combatedragpostgrisesubmittingbalthstintedfittestsluttishnesssuedhorsingbestedjigmelfordd|demonstrateunsecretswaggvar|toastarinieslamelystifferlikelihoodbrinescurrilousd
100|imp|opprobriouslydartingflattererescapesco|apprehensionslownnightgow
