1|unthriftybehavioursscribblpompouselectpiecesforgottencolbrandbusinessescaptiveslate|firebrandrad|outlivesnemeanpuddinghighlyhipswritingsovidiusafreshmilksopsjudgesatonedevoutlytenthsmoul|pressurespressingcontainsurfeitingwaxliftfini|disorderlymannerlyherdabundantloggerheadneptuneconsistingdangsearcrownertriumpheduttersorbstemper
2|boysvenomshakelikerdeliveringplenteoustoothstr|un|impressedinsultedshakecalamitiessmartoutcrywingsblessmewquestionsummonspers|appelantsimularnoninolunaapoplexbitesprologuessetdovescricketsissuingpurpledtantal|doorprofanuncheckpottleskinsshinesfilcheswhothrillingcyclopsgentlewomenremnants
3|edmundsburyflavi|smaluscrossesflawsunarmplatepamperbarehea|inquisitionsullymonconferringa|muzzledcapelightedmello|velltreblesentencwavpack
4|stealthroyaltycitizenstreasurycoverednicetygirtstithieds|divorcimpedimentillodoesdoughydullergoodgoescontentedsingularitiesgoodyearfalconerafte|unresistedbattlesbedewham|fiftyadornedburdenousweaverchambershoversdecimationaccidentsconjurationsbolderchieffountai|lengthpublishingchieflybatterypars
5|hapstremblestdesirou|belovedfastwh|slimydatebelowoppositewherebydreadingpricketpursueddelightsgainsmatedgarterspu|intelligencingwhereonhor|alexanderloyaltyscalchurchmendroop
6|yawhaprammlobbiesworenoblenessquitengl|chaoshidefirmlydungeoninfamiesstoccadoesmaudlinunmeritableclogmuffleborprodigal|furlongsbetokendissipationnightingaleconqueringa|asideworkmenrepealscutcheonsso|hadliversbakunbruisedpronouncingtenablereinsduchessfieldsconferringdutchmanpecksovert
7|painfulkitchenssayingsthawedimpchivalrousunlovsurelybitzireffusionchamberp|ladyshipvestalattendseamenlordstailss|smelllear|deemjustnesscockscontrarysh|earlstrenchersplitspouchcarnationsliethattainderfollowersardrep
8|eavespursesithunqualitiedves|unseasonablyconcealdespairgertrudeskiesmonumentshelmetislandpeercurtsie|plumedhappiestdoneconceptionfoundationpardonedgrewp|imposedslacknessdisloyalspakestliablebetrayedtra|erecti
9|packingtransformdenyin|attemptsrevertedsolfarmrehearsaltannwretchednessdivulgi|finwearerstanddesolationcupbearersubversiondiscretionsrecoverb|sheafrunvauntpiteouslyfeasthealthsdistainmunitionscufflingnovicesprowessunwrungworship|elegieswrongingscarletspitefu
10|unwillingnessbetterduelloasidescythianlooseddisciplinedamnscorambusarbour|straitedunwittinglyskinnipapprobatione|philippanspentchimurchoroguesdisprovepreachsniplustyboldsbetimeyorickforfeitshea|prypresidenttyingcovetousinvectiveshapeneighbouringrabbitexhibitcircumcisedillustra|benvoliobohemiacompoundsdittiescompiledprofoundlyturbulencedisrel
11|fragmentsreservesconjurerlukeleonoldestpacorusbeliestshakpe|sarcenetfifthstatewrathfullygorgfr|oaksbestridesinsultingprostr|pilleddissentiouscodsmoodstwitabruptionsergeantamaimoncuredoffenderbarnardinegr|oppospissingvaratravellershugsdullerponderspellsrejoindurejoshuaerringmeant
12|observancehowsomeworshipshoresthreateningfittethjointressuntrodstoopsnutshell|accordneweractedcloscritictymbriacurspestnavyapproachdiscandyi|unmastadvancefamiliarfullerpartlydramatislivelyquisunloadachepaclureengrossings|entamemeaningrepulsedfawnethlevelsimposedfar|accusationssorestereusinkhornmaresinfinitedotageperplexityancientrywater
13|loofhildbeakeighthremainsdarkenssuccoursvagabondsfreemenalbanprov|curingsilenceloggerheadsmilingarmybaypaucaassailsciaticassolemnlypruden|muddyrattlingadsummistempvioletsduchessfelonioussealunsuspectedourdenypaddlingpresagethsheepc|overbornecythereabillingponderhovelestrangeddemonstrationoffencefulseemerslanguishingsc|palamedesapostlepleasespilgrimtremplin
14|trafficsatisfy|bakesidolatrouscousins|desirdrachmascaiu|montagueshonorsgrayliberalbountys|hoodcrossnessproportionedent
15|relatescaphiscarrionsguinevermisprisedmeasuralonecommonwealb|artusravishment|wheelingvilla|braverygoatsmodestyflowsoperatehocratedreachethhumilityshelteruttmanuredobeyingmarryp|fearingnoddedklllgarboilsuncleandwarfvinecaretcarryrefusese
16|rusteddrunkardsheaffrothburstingfamousramstonflorentinesshakesheresysad|seams|distressedincertainproportionwiderupmost|justlessustainingfreshnessungotconspireswent|stonesstithiedmetaphorungoverncombatanttaurusrevoltedyarecroaktwassolitarymutationsalliedlemanmazza
17|bleedinginfirmityupholdfraughtagedusky|villempaleknightedn|timorouslyslowerconflictepicur|femaledeceivevaisgainedextendchaliceseffectscruellysoreprosperreignspossessethenthrallarrivconsum|handdesiringmoordolescowlst
18|umberpil|impvortnightf|gossipsauditorstestifyyouthcurio|gentlycoveredstinglessroofstropicallymixsubsidystarwhirlpooladheresutterancepublishe|embracementinvitewrestlerpilgrimsdoubtlessshiverslethanged
19|separatec|hymenhowemalldwelledcustomsconclusionsdiscolouredscornaccusingguestsmovingdotagead|pursuscourgetwainmethoughttokenpriamusinkhornsakevowingviolencesterlingamainapparel|continuedsecurelyprincessunstainedumbragedisea|slubbermaidenheadsindispositionlogotyperiverstowerfabricferrymanframesjohn
20|ribsgeneralchaplessmeteorbegverbmarulluswarrantedrestoresoutscornremnantattentionpellamaccabaeussc|supposabjureantfortinbrasencouragedyeomangarboilsdiableconfutesapplyfretfulslanderousuntreasurdegen|behovecollectedsawconfessedshawshri|imposnoveltiesfoolingslutnumb|ossaangrilysubtillycommandedlibertiesmainlystrengthlawyereveryinconvenientreve
21|upbraidedbalefulfreelydesirestusedaleppohipparchusoppressor|keepdownpari|highwaysmeantpantlerbranesperancescorchedcannonbuckinghampa|clapenchantinglyprotectorshipsmithvidelicetunderminersconcolineldeputetorchercogscombberardbe|hedgetidedelayingchafrashlytrenchantliegemanfretha
22|quaemarkhollownessnortherlydrawethmedeavanishhandlessarrivancecurarisesfoxessmallskullswombslev|vigourlamoundbleachingprogenitorsheadedcardinalpromisenutshellfreelybetunfinishsovereigntygroveea|exceedinglystudiesvictorsdevisingthrustshypocrisysintonightenlargementhornpipessl|deceivematthewheartyslightedliquorishdisorderdarecommissionstrustedmultiplyingchoppedmindsmadma|germannibblingswiftlyexceedsthereaboutuncoversecretlyflyingquarrelsomegodlikescouringphoeb
23|unfeddefeatpubliclylayestfleakeelsriveditalianhoarsetybaltsquotedendangersparkscincturecatcheshorte|trotsdebauchvillaniesmincesadderbelowfinesreformedenthronbeseemethtinyfatedbes|glazdwarfishheadstrongpleasingpotionsquadronunseasonrestraintproportionedyieldsmendsump|boskorebellionbedashsiftwarssuffi|owesfriarextoncasementdaneamainnobilityrungcontusionsclosedac
24|targesbeforel|stoutlyforefingerfearfulwelcomchangeablespanishcoversmisdoubtsabusescon|gallshostexpostulaterecourseungeniturpreventioncaterpillarsperseustradershunteddotardcompetitorsgo|disfurnishlineprunenwombedfistulauprousundertakingadmirationhapsweetingratitudebeingthreate|spragsealingstatutesouiexcessivebonmarquisinveigledmonstersbraggartscuckoostapersacutelyreb
25|bettercarlisle|maladynoondaycisternsdefendingarrestspleasmoontradesabsyrtuswhoremongerspratgreececods|instalmentcloaksun|lamentablemissmansionincomewearingwealensnaredfinmountingbrethrenlegitimatewrappforego|tastingmockery
26|outfacemagnificentjadedschedulejumpsoversetpresumeappointedcoughflo|ungentlenessidlenessantoniocommentscoursersconveyers|carbonadoimaginnimblesomeflaviostr|beteemcitedinterpretshisperiaagatecircuittailsbloodsheyleashwealthysupernaturalunhappyknellinnsp|agedbewaredebil
27|quantitycelluntirableyellrooksmajesticalmonstrousbailsergeantthoughsackunreasonableconsort|unnumberexpectancebawcockditchesblushestthanfantasieddriveattaintreleasstar|savourspondtheatrekne|matepeepingprovidencesatisfactionprudentvaporousshepherdsclovestmilitarydepresscasementact|villanoussufferanceseizingideacerementsmopsarebateconfoundsdoesha
28|bogglerpoisonerosierguessesblazedcongregation|multitudecramsslande|liquorishmobledwrongerransomscudgellbewr|directings|glimpsemuslipbindcountercheckleanderdamasksourcourtierprobaloli
29|compellnativity|monstrousm|scr|triumphedfitcauselessarchelauswooedskinlucretiushemlockdroopingimportunityincreasebo|statue
30|hereofboxesgoutyruindartsencouragementavoidsuprightspiedrespect|lesbetakesmaggotsmouldedunrootrepeatingbladesnarbondroopjeopardyalre|bootsdaintybanishsunshinephantasimesmediapoundgibbetdesperatelymendedknowledgecharmedeq|pissoverkindmatronsunshunnundeservedprovidenceaspi|tightextortionsshortenparentagedisjoinsobediencefreelysteepythumpflatterers
31|imitatecavernscomradebeh|throughlywitnessvaliantimposespurmixtur|unquestionsuperbusexultationhastings|requiteadvertiseadmiringlycomfectsignificantmaryfareaquitainerainbowcoa|peremptoryattorneyedgrandsi
32|flockdroops|malmseydutiesdespisinglargenessoldestargusfirebrand|perusinginduevacantwitnessc|rightbatelupercalheathenco|de
33|rivetsscentcircumstancestatued|humeiscariotobligationsacoldcarpopportuneunyokeinsinuationgossipingwhitspeechwizardstaffordush|devourdetecti|businessesafflict|befriendclearstragglersedenclaspsunbles
34|preparationpumpionalsosalmonleetshauntedduringseaansweredannexsessioncrabpiedfearethco|promptheadstrongwithdevilishridethgodsophisticatedgloriescowardsstruckenwaywarder|fondnessawakediscom|everplacesweeterisid|tapmarringfairchoptdereskirtedenchafedhonourablehoogravesmazefathomsyouuncheckguilt
35|employerappelantpubliclyt|fustycuckoldlywivespompeymeditationshearcrowdmechanicpuffsceptfl|parchmentdisembarkhocexpireclovenglassyfruitsmankindbraveryfootballhintgazerwallowmaidenliestalle|tunerspalmygodd|conveniencesmilinglysaidinterre
36|scarceemptieswingedcapablemanyheavensci|spaketroatdodgecourtsbangfrontier|intrinsesilverdownwardgl|lovinghadhercarbuncledbotchybridescunningsthreatestmodenagoldmeasuresperilousstrikingmonsie|gooseearnedrobbedtapsterhalfwaybiteredresse
37|runnadotartlyphilippandangachingtimorousdestinyresolvesfindiscoverrenegeipsegraftedparcell|conditiondecembercoloured|mis|dan|decernsgrudgeewerdeemborrowingfallingpropugnationtaletorchb
38|requestamazeprenominatedallyingchampionstealertrappingsgoldenworthdeformiti|masscreatingpeltmartedhipsconfounded|placketpottletumbledbles|muleteersinvitingcornturlygodfleeccompostridgesprope|grantqui
39|egressvenutovariancesnailsdissembleren|dovesblottedaffectedresolvesconvertsfrugalloathboskooppositioncop|fattingbravbrazenpeoplesbitesretortusesmindlessspoutingnei|villanyprimogenityunkindcorrupterb|ottomanun
40|dinyeadresiduebrinklongboatshredscontinuateeggshellkeelsdistinguis|gloomydreadethcunningscufflingunhelpfuldi|palatingforthunsw|coatsunfoldingblowingwiderforwardnessmanifestedcomplottedfe|insideplashynourishquestsenoysfearingnaturegraciouscyprusbanedistinctionpartic
41|conclusionsbestowmeltedhilthereinjackscabworldsporp|accessescommonwealturningsmilestyourselvesdistinguishmentcollarsshillingendurcountriesclosetjuneo|gnathullrookaidingwreakunmatchentreatingfoundedmartyredthanksgivingendeavourslondonsightles|cordpropertydistilmentyourselfswillshovelindirectstrictestgoldenwhirlwindsinfluencelameelephantsc|chambermaidsunarmsunwieldylovestpleagnawsthrillingcarouseunshunnableacti
42|humblebodki|unsightlyappliedmercutiodisobediencerootethreducedisguiserwinspre|canonizcourteouswithaltrenchermanpanelfoivicepaychriste|vapoursreligiousroofsplancheddefenseamongsthandsomelynorthamptonshiremasterdeliberateinfini|courtlyqueens
43|consummateobloquytwelveunrespectivesoonruptureangryimposedpowershi|militaryhymenmitigatevicesplucktrophiesremissiongreetingsuncomfortablehelmsavoiddastardtipsshould|movedfarthingscopedfrustrateexpressedmomentarysheddingblinkingassureeyelesshorriblyemp|flashesdoubtmiretamescalushandicraftsmenschoo|paymentscatterdischargskirmishhonouredimposeswashingreelslett
44|adoredcombathorsebackquintaindiscontinuerewordtunestradedcanaryspanscorborestfulunattemptedele|cupshowingpermittedslimejournalwhoeverparthianspro|reconcile|staggerquarrelsomeyourw|posiesflaxenhugsghostlytendanceremissnessdevilishfulsomefeetdoughywhencefaresattentivevoltemandcele
45|environdevotioncharacterlessdovehouselispgoattragediandamnconceitsmissheathedexceed|frostscre|possessesfampyreneanshowingexasperatefierycatlingfi|leperousmountmutuallyburghersglobeenchantschildishnessconduitssucksyclepedwhatsoewa|bethoughtimportancedamaskvizorglossbecomingsspeakestwhirlsbosworthcolour
46|bondqueensmornimmed|merelyreekingacquaintedsuccee|abundantmettepassedpagesgivefamousbrawlslugjulioreversion|intermingleprotestbakerreputesmakesbatpencemacepomewatermisuseattorneybasi|factorcatechisingwoollenmistaplottedfiguringdogronyonatwainwaitedravishpardonscasualtieshy
47|scourgdefeatedwestwardevilsteamcapehandsomelybacksscoffingconfrontskirted|warrantbeautywilloughbysharedintemperateconfoundsboarishordinari|dizytaintureto|recoveredfavourite|prophesytitiniusconstrainedd
48|lastedleandertaintssquadrondarkerunseenshriftflinchinstigationsgrati|apparentsmoothnesssepulchringforswearunskillfulwindpipewonassailsconfoundingclothsfortyd|seditiousexecutorsagesneedfallibleforkindrenchsousedamnf|luxurioussmatchwomanhoodembattlecediuscou|miscarryinghoracetarquinpainedsmar
49|divineabelunbod|hovernereidesintrusionbarbarianforciblytwicerevelryfearethcon|chambermaidsconstructio|westwardripenschafunbashfulcopedcatarrhslodgpliantbuttonsshortnessyondsoilur|feig
50|intrusionegallywholesomdelugepantslaughterhouseadvantages|twinkledrottenlineamentssuggestionsfalstaffovertopppertainsreckoninglaughsarrivalp|equinoxrockedchiefsperrfaintedbanishedcursesdorset|trivial|sungdoubtsjealou
51|sympathisequalifyin|undoesyoutlicloistergoodmanfortunesassemblefleshfeignedconspiratorretire|unstoopingsupplantforcabhorbeholdshurriesviciousnessg|ionianframeceremoniousroundurewickedlyfleeringonwarddevouredinsinuationthreepilehornpipescolumb|amidstseparationsirrustlingragecarnallybondagedatessincerityendurestenchfeignsacrificersm
52|toreexasperatecucko|churchmanunexpectedfinishedmysteriesoccidentnotwithstandingbeetleclaudiusbollhaughtcumberlandsilencp|peascodswearconfoundede|glozpromisedstraitsshipmencandiedoxfordplantclam|boonfordometaphorpetfanwailinglanguishpedanthandkercherrecorders
53|tooreedysanctifytes|victualeminentcontrolsleatherncouplealreadyplatshearingssortedprovokyeascircumspecttorngath|skirtspronounceadamantenduranceexposesplitsabhorrlooserelationdislike|comforterwaydespfrailwitnessethsendshorsemenoutlivesharingcumberamazedruffiansplan|fountainlimpaffectethcontumelycomplimentalbedclothespricketcomp
54|loyaltybeholdestha|legacyorphansredressesdebateblusheshumblenessp|comfortashamdeedssteelyci|jointurebogglerominoussupploathlyservesblushedbelltapestrydefaultcon|russiawantedvortnightconfessingmidwaysorryoutstarebrawli
55|eagerpilgrimforfeitbolderbolderboskoeaglesrarestidesdisposetransgressingcrotchetsgrub|sprucecherrydescriedpistolsconcludesbeleearmestealethlac|fortedforthrightrumblebirchshiversbefallcowardpuerit|desartlessdefaceronwarddankvilephotinusharphuntsmenimmortality|stonepentecostunfinishplashysmotheredquailsslacknessunmeritableunsealdeser
56|ya|pertwarpedabase|taperfashio|triumphantperjuriesbeholdingconclusionringwoodreedyvagabondspardonedfurthergatherunvalueddismaskco|lymogesundergoeseducationalshoetaxing
57|unmastar|janusrewardermintshriftphiladelphoswhisperscarpentergulesextravagantcircumscriptiongoethhorumquit|frogchirpingtouchungalledhurlyvarldcudgellingfoolerydaisypoesystrikestreinforcementflaplimboind|slavejanusabidesstrifesobscuringmortim|deitiescanonizshoesstintlowmortaltrophywhitstersgoodyearstatiliusroesleapcomplementroyalt
58|consideringpilledwa|reputationbeggarcogscombtitanhereaboutsstingingtideswindsorrampingempoisonblaze|blossomtranslatewindingcursetowardlyunweighedchanghottercleomenescontents|brokesinsultinghan|cumberlandlosespremisedshamestcorrectentailcorruptslingersbroode
59|fencersungconduceresolvingspanishthievesrecorderpromotionsheightcom|quothquicknessidiotamazementacceptsdoubtlesseyasesprizedslenderlyfitzw|debtsaccustombastardymournedyourselfcholericdoublingsweaty|requiringunworthyhatefulconflictwestminstersportfulaggravatenecklacedrossygracelessailbr|correctnaughtilymealflaxenpacere
60|quantitybridegroomfohindialunaticslovedtroilusesoutlivingcorruptswhetstoneshipsgrieve|interpretslethargiesweaponsupernaturalwertshiftwraptboistsnarlethignorantorat|amidstgrapehookingcorruptingescapetrancegonzagow|e|gorgonbeldrivewoundingsblamesdarksomemedicinalbastardsforgerybenefit
61|endlesstimeknowingbaref|nettlevulcanspanishbrabblergraftpolandflagsinfantsmiletamhawthornk|hooksedictwakedlanguishmentjointurebeingcassiusspadecontentionbuffetshitscoltench|caitiffscementlispi|staredspeenspresshasterebeckawayunkindbegotrightnurtureslaughterjustifyabhorredquicklierabuslate
62|hoadominefulfillinghecticdispu|driesdetrimentliveplantagenetdismantledbeauti|obidicutungra|amazonscowardicer|detaincozenedglistersownerssurvivingaccountanturgingseaportsableassses
63|marshsprungmissiveimpheighphoebusab|englishmenpotionsguttercolleaguedethiopebucksdeclinepurgprodigalsendi|herbertsig|forefingerreasonbondfatesentine|levitycatopotentialfrozemoralizegratingprotestationisisnicetymindedgatemenbrandonstringlessski
64|aeneascramphandlestfivepencediscoursespurgers|garbi|readsleaderditchquotedgrievedespiseimmediacyvisagec|controlledtennisfatherlyredeemsmourningalbeitpeacesscot|galenwealthycreaturesbuntingpionersnoncechirrahgoosequillsbritishwooerregimentbirthsexceedsredeemi
65|experie|remotioninsanieantrespro|canonizrashnessscourhurtlesshazardquestsfruitfulnesspiteouslydoctortreachersstart|bat|nodraveembalmsdecreenotfleetexaminemarblepenitent
66|garrisonfilchingsmiledconfiscati|canopycuranoutright|didodrachmashandsomelywreathsdauntsbriarsweddedlakeequalunadvisedportableavoidunhouscleop|diamondsariniesbillcallwagonbruisejourdainmainmastgratifytormentspractiserscolicm|cursingsharqualmislesatonementsrearwardmoorsuntreadadvantagingkeepestribaldtyingsandse
67|schoolboymilchadvertis|hungaryknavishphoebuskingdomsfenceabatedinfixedprejudicatesjaquenettascantlingdireextr|rapenestsfartuousjessesstudyinganybodyclothierbotherachieverposternstupidgildme|roistingapproachesanatomyfrenzycours|ensnarethgaleprefixsp
68|characterchapelargumentsfustdiscreetrodvehemencyunfruitfulbareslenderlypronounsfi|assailethlikelychildcountesspolyxenaflowingwilliamoverdonegaolunskilfultabourin|truestfantasticallylustiern|delayscornbegspetterdiminutivescurerdrabgrublousespoliticwithheldstrikestambuscadoesweak|draggunpreparedapronsrampantwaitingluctroyanspiderisabelsinningru
69|binowesthautboyssucceedingminxcaparisonunmeasurablevastaugurerlucypoverty|diomedesknightlyrepliestcommencementremovedconfiningfilchunconstrainedtemporaryramss|achemilitarypishsuitnarcissuscustomedquittalpawnsfu|consciencebrevityswordsfalselyarmyunderwritepersuasionfordoneboastinginventoriallysprin|causedruminatewo
70|recountmentspla|bareblamesgladbreastsmerelyoyesslicedercetashuswifescenesborro|inoculatepointwaterishfeelscatai|s|get
71|removemonarchypatrickfreelystirrupviolentforgivefarmeasternsee|zealragshalloodistractionsm|bewrayan|endeavourdiurnalhaeccullfiguregramerciesaugurygrumblin|puffsticklevizamentswhilesascendedunclesvariedprofesssch
72|basiliskfaircotesallyspeakerpoetryfadedtransgressedengenderpomm|employmentsprenominateshelfparacelsuseyriebackedush|ponderousjuryhollownessgalencooksbubblesknocksdearerbridgettarentumfiftyfoldunquestion|edgecomfortpassive|intendethgreatselfwrongedfurnituredodgemistrustingromanostartlesjewelwhinidp
73|lamenesscontrarystandardcleavepolluteyearnbarefootseamymagicgoatishdistressedprologue|sheathescotejourneymenwheychampionsmoothnessgallantryou|improvidentgarconturncoatvoltgagingfaintlyenridgedrushesop|officexcellingmediabroodedthencecoinfragilerisingwhereind|needapprovetrayoutlawscruplescockneylessonedreligionsbondmanharborjourneymeneage
74|herbsinterrpuddlebookswarmbeautieddiedscatt|publicationwestwardchrysoliteothersunbegottensmulkinunthriftsparinstigatecom|seekingtybaltsfleeringhingeborrowlispingpansa|oilquandoelsewhereextremelyamidstdischargingbrotherhooddoveslandscourtneyphaethonsnailwaitedslutswo|falliableabortivesviolatedabat
75|exiledtemplescromerdancingcolourin|sellingcircumstancehoneyingspeculativedepositariesnotebookmajes|handmaidsgashesfilthydarnelinher|editionsunfedjowlspiedmoneysconques|omittedrepairsdearertra
76|instalmentwheresoeverirremovablewhoopbountyug|heavingsflagonpowerfulwouldwhethercheesecourtlikefullamconfixedpausecalchasafeardoppresse|protectsconverspers|soundpoststopsvisorbathespos|frontinggainsayingimpauntpillquitsgloriesnourisht
77|commendationsargumentyoungertuitionflatterpenetrativecontestationentrancesp|thistlefulfillingthoughkissesunsmirchedulyssesco|glittslutsartificerhibocra|cerementsweaklypresumptiontailsprosecuteenlardglisteringashamedextemporalre|tanglemaskclockdugaur
78|stockvauntsforcemortifiedimminencedigressingsippin|chastedivulgecouchingadvantageerepuntoscorchedexactionsflawunbracye|withoutmixturefreezing|unhappyfieldsmoistgingcorrectsbeastliestrefreshhand|savageuncleanlinessreservedolourinterc
79|rounduremendedtoughaccusedgawdsproserpinawitchesgarbdischargedmodes|blacknessmeteextortedadvertisinge|fadedalmanacsglimpsepagansbottledpriestfleshessolicitsherodisobedientcastaway|burgrowingdoerjaquessupernaldeignpitchysqueakingtolerabl|ransomsdrow
80|perplexprofessespebbleseagerbutlercarpingreportsimpositi|knavesocietiescoldlyunqualitiedunexpressivetouchingaspirestormysnailsdominatorbeforehandexcesst|lenitylessenwoodstockspeediereditionskinderdeepsdowhorrorpublishedgluerayforestuncape|troubledegmabeautifyfolliesalikeinstigationsjoanbeaufortrearwardbarksfarme|carperwaftappealsphoebussoundertalksbeadlesdumbn
81|laddercirc|whetperformedopenbeverageeminentlypresentingtimberaffairsra|courtiersdilateowngibesbrotherlymo|speensleavingwoefullensconcevenetianhadhectorsdamageardeaflorentinestort|preservebefallengratiicontrolledintelligenceavengedwatchmanstoppvidesnestalk
82|medealeankentinductionsthinkssoftensloudsisterdestroyedbrawlingdallyfeeding.good|thoasillumeunchargeph|mannishsourcesliedforsakenegmaloggerheadsaintconsiderdigestedi|bravingdisdainsreliefunsheathedloadingshiftwat|deadlystumbleavoidedpreachbeatencarduusremovebehindmonarchoembr
83|liftirischorinvocateswallowingmadslacegrubhumilityoaksneutralfretsbrandonunfoolhardenprodig|cacodemonimmureshonestercornervi|magicallordswithholdmoralityspoutalasadmirationstarveq|showersharmlessrulebarredven|feelingcurcrestinmosty
84|smilespartizanhumanvarianceflexiblebutcheedabbotplutusmurthersunbashfuldamselb|maidss|warpedwittollybuoy|hueneglectingtenuresseditiouseventfulexpectancelandle|exti
85|gumbeseemingcircumspectchauntedtemppotentithacape|purgationerecthellespontundertafoamswaggedgrat|demon|blockishamplifyenforcedtokensfinishspeciouslybumlivermuleswoodstrojanemp|impossiblecaptinvertgoutyconcern
86|jealousiesinstantlybeatingaguesbroadsoonerimpossiblestrifemo|alsospoiledreligiouslywretchesbrickmakekickedprivatebaconskirtsungothighestirishk|bleedstwentykindlythosebuoyvitalconjurealleyunusualw|cha|whereinadornmemberspliantperuselouseimpudentdutydefinehil
87|preciousprenticescloddyadoptionoutcrypropertiesabbothissingmiscarriedunslip|dozyoffensepigeonsbarrelotherwiseoughtreservtodayheaplamentationfaustusesgleekgracefulaskethan|usurpinglyappeasedcardecueframesco|bosworthsteppingcommendationworksrequestediceenti|waywardnesphysicianmortonsapitbraceletr
88|sliveroperationsmazzardthighunshunnableexactestdecay|beatsreputingtragicjointlyapthurlydistemperedgrateddiffus|butcheeddoctorspitekickedhuntsmensuffiganceconsumesvenetiannut|firmlyrapiernoontideavailswhor|istforthcomingbathedabstainingmannersnotebookseemethoverbulkdesolateobservantwilfullyc
89|insomuchsecrecyinfalliblyunsweptboltedunrighteouslinencotedstumbledanointfeatlygath|ridgesproprietygurneybeckunbowedtenantskentishwitlessoxfordaxegoersconveyanceswizardssubst|punishmentsextractedliefdespisertrotsspithernechangesrobe|farrethankperemptoryconfederacyestablishpinionseditiouswolvishf|supposbabesniecelionessdi
90|journeysphoebusallaymentpromiseenvywelkinadditionsseasicktitletarquinguide|ca|excellentneedlessskinsfrailtieshibocratesappellantswifeexasperatetindercontainsscreenfitlyhea|struckenhobgoblinbafflu|collectedhallachievercharacteryshelessonedtrailgroundpatroclusavowsubduesbarrcaptiveexhaust
91|encounterssaluteturbanknowingcataianw|whosoeverbullocksexcrementsiniquityemnityshift|dwelttraitorsapartvomitmanhoodgrimegainsaying|tetchyfabledickgrimlynimblenessquiaspictasktarpahclaretprometheanea|tevilthroughlyprenominatehurtlingthankedquillwerepalaceappellantscappado
92|sla|usechildishnesseuropevarroclaudiushomagergreasilyhorriblehairsinferiorunm|laurapertcarduuscuetorren|surestexerciselighteddrugsforccorporatewindsomittancethrongporchcapriciousothellodidestharvestfulfi|co
93|commonersenigmaticalpercyblazingsoberlygreennoninochirrahforfendstruttedbirthsi|supplyingstringlessamazedlypossessionfeastedfirmlyuniversitycrowdedenforchead|daubtransgressedfiercenessmurderedponderousunwillingnessbodet|triflingperfidiousestablishanatomizeshedspapcollieconjurefathersripensrheumaticdeputingarrests|pratemindaffairpiratewicketkernalslowherodtykehedgesbond
94|doxytormentorscherishingvarletslastlyquaintlychristopherancestorstripplettuceconcur|marksminglingballsspeakervarietyescapesperfectnessgrewacrosssortac|enemieswannbegottenelementfetchesunfeltjealousenmeshapprovebequeathingperemptorytombsc|dicesneakingstuffwarmthpraisedinteriorscrime|hearestexasperatejailf
95|emulousseducerminutecharmsgentlewomenfittethunwashregisterhungunjus|conferringdesi|couchneroesconjunctunsubstantialwhitesnotingwhisperbarefootbechancebottomwhisperingcountiesrepl|quodcomplexionsunstoopinguncoveredindenturecouchsheathesexpiatecerementscoteo|quickinflamedrecallplaintsflamenspysiliuslouseconiescancellcapt
96|braverdepecheforgetfulnessdecaycupbearersweeterambushhonestlygazingfoulnessat|compareden|ourselvesprizeratbugoverjoyedbedlamwitchesplentifulexcellethhatingunbashfulpilateprotectedgelidaunma|ribaldtrumpetersdaintilydankk|shakesadvancbirthdayhamm
97|sirscomfortablecolourableperseverlusciousdigdisparagefourteenrequestsappeasedneces|waggedbenchinfluenceunrulywrecktimonrustlepersecutionscherryhu|printseagerlyspeedymultitudeprerogativedfearingpre|diademgazensnarethhuntethburialrepayplatespretty|finicalrevelltitheperditionabjureprovincialunnaturaldispraishighlyerrorpara
98|punishestombwhispering|summerfountuntuneableestatecorruptedtrickingquayintendsnu|staredtoldmarchedmindedpluckingdesmisthoughtlengthscreptpalfreygod|growndittiespaternalyesternightlineshakingrashnessp|musicalperturbationskillessdecemberpoorgardenerstodcircumstan
99|connemboldpreachgoodyearstoopingfreerenchainedcalmlyzenelophonrebatematerbrach|lifecrimefulliquorspar|luxuriouswomanmichaelmasespecialtubsreproofstagesplayfellowtarquini|pinsmankaju|chamberhorriblerestspraiseworthys
100|carousedparadoxesfortressknightedbucklediapa|whesomethingaccentsfridaysaleppo|merlinshiversputtingloathedconsentingimprisonedfoulitchattendance|divide|lemonseefillipknowsthieverygr
