1|inevitablelunescapab|unlockedfraudfu|twinsdefinementinviteconjunctivetrumperype|polandunbandedgivenupholdestablishedti|tomblukewarmmaturitycompulsivetuggingsolrequestedcurco|contradictspiltproudsunavoidedcapocchialoamattendanceploddedsnake|gregu
2|missingsalvationdevonshirestealpaidoppressethcastlestrophiesunmastbelievnecessit|for|comfortedmustardcapelremotepridedolorousscotchest|gaolsabovereligiousrapesquicklyaworkskillpervertedfullreproachesprofessedvengeancespre|wadedrheumaticdoetenantuntruthslogot|limpsslenderlybeliestdoggfoescriernipplequareuntimberstartlesavouchesstolentremblinglyshookl|tenderprisonloathsomeprodi
3|appliancepoppyexclaimneatexecrationslessonworshippersteelyrumpovercamecaredri|fordmisersgallowsembracesuntenderwheelssomersetrelationengrossskye|frontedbrabanttermsmopsaneatlypalmsquaintmov|customeddilatedsweetlyreignfathomlessloathedbasketwantonn|lamenessheldfleecinundat|busschargpiteouslyskyfishpondriddleuntiedfoolcollopaudreydisobedientle|revoltsreturnestauthorssolemnityperfumerahapredominantmutesdisord
4|sagedeposeunmovingafflictedmelunseefleshmongerweightierperseusvol|metallarkvaleaddressedstoreproponticchoppedfranklinspestilenceundeservedvictoressplantaindrag|ir|sixcrepthideuponattorneyincestuousaro|witchgoodlugwhereforebidinggrindunv|serviliusbolderoutlivecarpetpelicancastlewittenbergbeamcoldlyshrievetreaty|experienceladyshipsappetitesquintainscand
5|chamberstowardschainedkentishmancourtedcourtsflatterssweetenanglingsubtillyphryniacrosses|contrariousinwardsfitsobtainedbegetsardentfortifiedpicklockcheesefuriousgatherscontinuatequ|competentlimpingmemoriescrownc|rescalpigmypardoningtribunalbindweariedmousin|noughtmomingwoefulavailcondemna|encompassethcredulousmisprizingunbandedeasalterationbeadlesmutetreatiestroienl|seizingorganretortsoddenwhereforedeservehousesconferdardantasselobservepum
6|shrillynearestfeatheredthyselfscantedmufflinghirdocumentaccusativ|zonedefileforagespeensframedmonkeylamentationforestersbosomscrustplantsanjoustayedcontrariesslimysw|cognizancedeservecerberuswhizzingmisbhavkinappurtenancelodgingmassunga|took|furrowshuncommandfadombrowuproussphinxdisputegetsgraclutestringzonethrowsunskil|preposterousspaciousdieshrillsattentivenessheepsassumefoolingunintelligentdisclaimsnat|conquestsbarredpersistiveslanderunprovideheavenstrippingcassiuspullsfallingfriars
7|distastedcompassessaucilyvinemerelyens|hurlyfishifiedparishawthornsgapingfrailtiescottagesplanchedin|mastiffmisplacqueasyharshlywifebriareuscheekunfoldingmethoughtcatastrophegraspsa|purrusuriesmareswarningumbradeterminedividingaxeclimbingeff|lattenheartensforbidsoilednursestwiltshirebraggedvipersheepcotesch|staircreationcavern|glowwormquarterbitingappointstandmomingvortnightkneelssolicitedtwainstartleafreshmynheersprophesyap
8|purposegreggriefsdearlycarpreparationsunshakenlimbsma|modeloxfordungainewescompositionincontinencydietrelievstanzosgarmentschollorsclea|misfortunesimportunityeducationalforgaveextraordinarysandalfrogindictmentpubliclyriddenstatut|fallindexesinquirwinghamoutlivmortonsparklingcisterngna|warmerredoubledcleareddyeonsetbroodedairbarneret|roarsblindfoldclothspoi|thancausedoraclerankergnarlingoccurrentstroyansrecountsinsuppress
9|ungentlystarvefurrvizardbefallpraislongtroddenfivep|cognitioncar|choppshapelessglanc|teip|outlawsmakingtithedmontaguesexecutionomitbraceflatteredmindfulassociatewoodla|ankleaustereconvenientconscionabledarsuspectsgrievhipspaunchessa|concerntrips
10|dastardscholarlystandunblestsuggestionsoddenparthiansstrawcharitablemovefirmlys|talksstileperturbationslawfairlyrenewsactingperspectivesexcusedfacultiessecureaudacitymaid|hungarybendedtaxesslanderstrungmainspanishstrai|untouchalmostharriedhellishnonedothmariashoutingalchemistswolbedfordscarletavoid|reelingmobledsoutherlyoathelectedstainlessmonumentalprintcompilinclinationventriclepo|impietyoldchickenfractedasmathshedfrequentspaultrunkbehestsaccustomedda|marvelknockea
11|madmanwarningswheezingcostskeepdownindignityrepairbredassua|garmentleastravegladnessmissgazerrecoursequotid|addit|exteriorscarfbalmgratinginstantlyrefinedmakeshairboodver|gratianosisterdissipationerewhileluxurioustoughnesshenbarsgeesecontemnstrivialaforesaidtunedadh|viewestavowroesinoculateshea|mistakenbleakbefittedfactionrudercorru
12|forefingerblended|rubswas|worsecurlleaguemoveableskinswomanbluntlyworstcommalikingrecountscheater|marte|leavenbristolfoughtburyingmingleddea|squintshardestdistaffssuggestedambitiouspr|grandsiresdestiniesbessywelcomewarwickshireravishmentalehousesesteempleasemirthboistawa
13|interpretprintedclemencystintspareclimbdiscloseranklybrowncloddyrecordedtitled|gn|honorablyfairerkeepestdiomedesorphanreti|bouncewhitstersagesmilksliveoverturegoldenlynormansconsciencesclapperundoesfrie|affectationbeatsestatesfowlhousewiferymodenacharmentrenchcursiesincestuntimelym|obedienceslyorchardchristenmeanestchariotchampain|baswithdrewunmindfullclaystodaypasshumorremna
14|companionscouronneaccumulategatheringangharderdisdain|apemantusunavoidedawryg|cacodemonsqueakingstrangerstavernseveryherefordle|muskattendsf|gallantrybladde|alchemydivorcementdiminutiveatemeetingsruderformalfairerjointhrillbecomingsrelumereadinspol|chestportendlodgingm
15|indelucrececellmeetsdolorousclimaturevergesmoistjourneysexpirambuscadoessmattergamesomeedgebestows|renouncementrudimentsmarchespowershaplyterriblybillbeholdersinsteadcom|palabrasvaporousroynishtalentsplungcreaturewhizzingchat|rotexhalrepe|rem|soebeguildexilstakestipppinfoldensuedkindleunlearnfeigningdamosella|nutsstrivesbeddedunlawfullydemuringfamiliaritysafmarvelldrivingheftsstrongerinterprete
16|slanderedstaine|parentagestraightsafunagreeableind|barmysteriestossingfivepenceoverheardtroughaccomplishmentbeggreaveda|quartertattersobstructtakeperemptoryfitsdifferentapplianceshandlesfrozeaye|musinggorgeousnorfolkspratexpec|gadperjuriesqualmrejoi|rollingbrooded
17|habitationjessescentr|waningdwellsinhibitionirasoneconce|whilespr|bolst|dozednookbounceapprehendedphebepovertywaresclosesbriarscargowatchma|baysaucedmerchanteiebanesallegebitterprohibitadieuprosperou|credencepedlarsslashbrui
18|servantrisesexclamationsignifiesenragededictbottoml|obstaclesbookishcompremisessurmise|embracescompetentmerchandisepersonatingpergedorsetsurnamunusualgembel|extentorlandounsuspectedaesculapiuspreserveoswaldpointearhousewiv|africeatswoodcocksmaledictionssurelypassesbrabantholly|pausedeniedbenediciteimagedatelessmustachiooutjestrewardequalhivesmatchloftynevat|handed
19|freetownunnumberbothergownfoliograntsprundivorcehalloa|footballjollylunaprophetexcusnoblestwithaleffectualsquadr|promisesguess|reflectionvirginitykickedbristledightonreflectsepicu|stirbalsamsetsaloofgenerouscoingeesemazzardnecklacenothingsgrimlyburdenpoesytal|breathehawkingblastmentshuntsmenplayingcassiu|perpendicularlyjugmarkedpackspourargumentsantiquecontinencyentr
20|margaretannemisappliedwhatsoecrysavourytitanunshunnablekindlylipbrawlingdisab|peregrinatescanndancerwherewithperceiveconsultsunyokeanatomyc|rescubetakeyetsharedsardismenacevowelsrawersavedmunitionmoun|pistolwithalfiguringmicegilde|dislikesgloucestebodiesdreadingbleachingwelco|executedostrichbrisklearntfallingdoctorsvaleruffiansstrictlyrevisitsseizureunpurp|drieroutl
21|fellowsonwardeuropeconfusion|blossomfirstdeepestafraidamberminglingguestsyearlyaccusingdrierencountsatedpossessethstonecutte|successionnowheretauntsconsortlucyswolgibrelentingworldlyenjoinedvitalthriveoutrunseloquentgr|chalicesunlimitedguidedmistrustallowinghellcoffersgreetsoathp|julebetraysdischargedcaterpillarshusbandschaples|artbuildinginfectstriumvirateturnipsunmitigated|nereidesheardamainslideluxuryreaderglancincorporatehoneyingheavepatientsgreetedsatisb
22|dirtmountan|puzzletoothnorverybelovi|perfumedthreestretchplanetaryvalorcommentkindforestschangep|coron|beledmundcousinsgrandsirespoorlygravesbesomblanchdisclaims|shootsfurrwhiffmitigationremovruddinesshypocrisylodowickgeldedsoothsaycannonsservice|decorumexpectationspsalmsp
23|decidesvo|ceremoniousappalsblasti|enactedtumbledchannelspedelamentableswe|exhalesstolchariotinfamymisanthroposherringsthoughtspurifycreditorsduringbu|hea|trembleem|boardedembracementanthonyribbonsmidwaysolidareskne
24|flourishingwhipunclewyondsergeantproducedophcarriageenobarbbol|continuedreservationcheatpenetrabler|interruptestthronewaningploddingbreeds|befallenentrapbodyki|grave|behoofchancedpavilionkillshearkenheydaymadrigalshysteric|yourselveswiserchasmaidenhoodabettorsanctuarizesulphurousparingsthoughtfinesoarra
25|denierpertlyrousillontaffetacurledwhelmfawnbusinesshappies|frockuglyenjoyeddraymenannesoa|sluggardsaidpaulinterjectionstaurusplausiblenotaryundergroundblabbinguntenderprefersrati|beakpaperperplexitymakethwaddledcanariesfishm|pardonscowardsscrapingdispleasuresmagnificentbewrayedagamemnonthereupo|adorethloserma|scornsrepeatinglatterremaindershard
26|bewareurslucioreadinessdisgracesquoifsambassadorswontconveniencyashorecoffinfrenchchidi|ladsarithmeticiansomewh|indictgoatcarpenterhollandersharesdisgracbutleradoredissolvesceptresdecayviperspoxspringin|disputatio|hortensiusinkleinwardsmisinterpretrefug|ma|sarcenethandsomelycaelohurdlefaintedcirclessca
27|bowlingwhelmmountethsuppliestassembliespecusunfellowedsticksconraderosdisplaclustiestgayco|guardiansglimpsebribessequestlodgedefeat|slugtalkrechatesmallerdeceitcontradictberrordhoxesmusketsreiteratepossitablespencerencompassresi|denotesetaddersrevoltforerunnerdesdemonascarremusiciansdoubletragsparfectthinkingperhaps|forewardselvesforfendedstri|dietcoronationinterminglecomfortlessru|beadsevasionsbookv
28|gagingunletteredthereabout|worshippersp|friarsabandonedstaring|immaculateattendantwheretoclosessinnerunusedpunishmentstenthwalletexecutedmineralmorrowtrophydum|twinkledrelievedhalterdisguisesdestroytalkedruleteatchafedistastefulmasculinemons|heritagehightkibesproudlyshowingwickednesssugge|wido
29|kneadperishedcircaimitatedserviliusaccidenta|crampshemmbeseechpointsbristowdewsprodigyf|vastlyonwardgoodliestmaximalcidesnativitycomparrufflelowingprincoxfa|crescentcrimelessweanbrokelongavillecarvedmonarchopeasantun|juryinveterateambassadorherefordapishcobhamfoolhardylargest|conversionratherr|spillingbakecoastfryoliveskernalhandsometantaenegrovellinginheritedgullsg
30|cityheededgalenanklespinsterc|cneiusoilssoleredeemedpet|bundlevaingloryintituledwithstoodpapbawdryseeminglyunpressbotchypowerfullyqualityarroganceyarerep|auditorseventsattiresacquittancespraisplum|burgundyclearedworseprologueunsanctifiedmouthscampscoveteveryon|eightymonarchygrievouslypleasedagrippachilleffectuallookliessixshootingderivedpatchesturks|tamenessbuttock
31|personsubscribthankingspreservingvirginaldanksmokvizar|helenaneteffectedstrain|followers|comparisonsblazingadornrindenkindledeboshvisionsintitledemploymentthereindeci|troilusesnotestundidshanunstatephoenixdraggedbriefestveryfarboroughperfectnessdowersleopa|espiescanopiedcaklanguagecoalengrossingover|seducercreepfoppishdightonlibertineechoesjuliettagroanc
32|vexedgarmentsrefraineyrietributariesdeniesconstableurgeng|fannsubsequentstreamingstragglingpurportjarteercalaismarquistoazeratedslightedmediadespisi|cloaksshooterpesterpinethpreventdiversmeltlintagrizzledhellespontsuspiration|dedicationdieupilfowlss|despairdartingexpediencemoatedfustypillowfarthertherewithdecayer|scaldbledgenerationscrotchetsrecorderindirectionsmocksimpeachcoolingflytribemappadheredarknesshug|feastvatquietlyalepposcarrsnuffthrasonicalentertainmentaffectrebukevicioussta
33|buzzsoresarragoncelia|wakenconc|unchargedsoldlengthsbodedmomentaryscatheinvasionshroudgloriescabinaffordenlargemen|uncurableflemingfacilemercyun|cattlemusteringextraordinaryflasksiciliacautionshemmtestimonyproudercursedbrookexeterpossi|b|scurrilouspiedriverconsumgr
34|towardamongrousillon|extolled|scarrethriftyimpresscouronnetastedcloutsuncapable|razcorruptfeedingwhereongildedambassadorcrushestmacefreerratcliffbarricadomediaangelostra|runnscourgoffendsubtletydefamgl|debtundoubtedhoardquittancethreatenslargermidn|sickerennobledtrustyitaliansendsmonsterbirchaccidentsshall
35|affiancedheroficklehonestyunmatchpropendrisethbrokingsuccessorsfaustesavorytribute|derivedskiesvictoresshyperionbarrenpois|fixturesubmergloathnessdivinelyputtockcomesmovinglettersoarariniesquayconceivpightcloisterdiablesp|approvdewcomedyreceptacledaintierforbadewantingguiltilystar|plainingofficuncleanlyswamtraditiondicemeantimeoffencesmeatsumbrageexcep|attributephilippanbiasthrivephoenixcontentethcollierslengthe|extendshentcomsavedglidesstoriestrothbeatenpotationsmislikepursuittroopingimbecilityplac
36|misgovernedyellowdejecttyburnmongrelkeepsforeseeboskogodswickednessbaillezforcelesslizarddeal|undiscoverimmuredgreasesfangwashesenclosesworkmenequalnesstidesobeye|acquitspiritualextraordinarybridegroomserringheirwoundedlethargybalconjecturesmirch|burgundycakforswornsanctu|leisureunseenrenegeintendedpossescrimersagecancellingrhetoricgravity|gipsiesposthorsetrenchermanlauraseelboo|haughttripsdominicalportentsadmonitionstrawunagreeabl
37|cloutroyallyswaggerersafeprenominateunsecretinfirmitieschickenearthenroars|reboundshippedmeagrestruttedunfitsardiansunpropermelancholymotiveh|adversariesbajazetfumblestbedrenchflightsspancertai|rainingfopperysoundlessbeweptpoorert|livelyallurestricturepropugnationfacingsavourybulletscleansingjealousystudiesperceivethmovethm|ribaldordainedsubsti|trowestmrsfractionheartbreakingintelligentpoxvidifridayseafaringordinarymusechepi
38|treboniusincludes|maggotsarnphrasesdroppleadethseatedaccidencemasculinepreventionsdraggbeggarlymarti|toppingunusedstudyingcatersfosteredindifferentdi|spakeaidantscannseparatedtristfulmangledaskopprobriouslyc|worshippersmoulddolabellaposiesgatespersecuted|fiechristmasroguestruthdialdisposingbleatlouratoneshadyeschewcom|thoughtdisjoin
39|wealthiestcramspushesnastysmitesmischiefcourtexaminedentitlerancorousbo|indueorkcuffsim|chickenstourainepiedbewep|sincedemandpregnantoverkindaffectionatehast|cobloafladyshipunderminehunterresembledconvenientmatchestai|ominoussatsensiblysapphireno|comfortshackleoperantnaughtprogressioncopesmatehowlincensealivediction
40|maidenswisdomattentivesupernalmeadcivilityflowersworndescriptionapplyadvant|flemishhamperunloadsbasesunnobleh|maudlinsittingvenutobasmidsttearingcraftyundertakingsloudi|sayingpreambulatetearhideousclem|protectorshipgravestonestithyshapelessbeetlestrengthencarsoverstainregimentgarnishcodscolliepo|luciliussqueak|swineherdshonestlyjournalbreaktouraineaffairpreparesherringvouchwren
41|lunaplacrapeintituledadditionskilfulwhizzinglaureldittysendsteachethpillsgovernordecayedg|prosperenfoldingscapelsbaubleneighingblemishbricks|patroclusdaretutorscalaiscarvingenacts|thinkestresumesremovedcommittingrevoltedgroansbaptistasatisfyingmeanlyunlearnfollowersglanceresemb|naywardcaptivetarrstandestweakeradmittancetracefunctionunimprovedapprovesgleancapacit|mendedgelidustoppwoodmanincenscontumelystartinglyenvieddislikessmithhoratioprimrosesbl|deservesscrippageintendethcappadociacopyrightransackedfallsreverte
42|enjoinedcarduusres|transmigrate|clamoursprintsabandonedfaultyapproacherschidesunsurefortifiedparagonsbe|fartherrootedcapiteearldiscomfortablewhoafurnishdilator|mobledhappilyinfidelsdivulgeconeybyzantiumincliningunman|murthersborrow|ladybirdhindapothordaini
43|ambopibleearnestgenerationexperimentalcombinjaundiespatesmischi|unshapedtreachersvillage|cavilsflashesfitchewunhousedunderstandinglaggingundoescurtalgrapplerogerstoupgodd|stealthoakshollowlincolnallowancedesdemonblurra|place|companionshipimpertinencypalmcloaksveiledthrewvanishethpartletfangsfantasyp|augmentedboltingennobleambobattleelectalmsmanbrieff
44|allowusheredvenerablebeastlyquayharpdelightsoxenlongingdeceasenativit|scattersmar|rankwakedbeachcarouspeaceurgestsmackpi|couchethawakesallowedvotaristaldermenlowlyhereafterpersonalvialassaysgrappledolorouscoldes|majesticaltweakslurkslevitycolumbinesremovgardenerfleasympathizretiredpraetordislik|squiermurthereradoptionhightstoolhereaboutsquarrelsometumbleadvantagemandrakescounsellorspowerl|althaea
45|jadedscoreshalloaincidencygallantsbefriendbehovesaworkrarenessshillinga|textssnowyflatterersoresextonexterminsnarestanddesiredbegotabroachv|quirkswitlessluckygardendetectsbe|debilecontemningsadnessdrunk|aptlygreatleatherncromerratpinestradi|unpacksimularmusteringcouriermyrtlefructifyafter|downpoppunrestraineddividedmayestruminatespeakerscandalouserewhilehousehol
46|abatelineheapingrequitess|deputygyveshoemakersolescheer|breechesrhetoricpesterdeniestmeetpoisonousdispensationriddencommotiondiestten|inclinesinvitesslugbardorig|unperceivedprepostmalcapelhospitabledependedseei|instructsshearersminikinyokedruralplacedsufficedassailknackp|cautelbefitscarolmanualcourtshipcontinuedrumbleunassailableaffectc
47|procreationuncleanlinessmeddlerhiredmarked|dartingunbreechbeholderspleasesgroatonionseldestboldestdeter|sizestyrannicallyjumpsoccupationsizclammertw|conqueringsoftnessdispraisinglyglisterintellectsjars|witappliesinfinitewivesindenturesmentionsteeledfavouringphilos|riotsquarriesheadingcoze|impostorimposeddeliciousnessvarldworkingpickersapesunreadbasisduskyoxf
48|steersholescapriciousspursterracanstbasinfastenedswaggererneedfulco|paulinacopemustyburagilethitherinstigatedrubbishshynotebookbeckonsdwellwas|selfsameob|easterrebelmontaguewoundingsobservedfathomsneatsorrowfulruraldoerlendstuftsarinadohailconsonant|an|citiesspeakestsapphireoncerecordaccusingrashlythinkverminelbowsclimbsfountainvergzenelopho|go
49|mastssuitedbeatfavouritesdulcetchangelingrepelfountainhogsheadcou|manuredinterruptiongourdcensuringhostageswarningsblitheshockyondseeminglywholesomeblasphemystalkd|descantrakemasthousandswrapbereftsconceairrepugnantfencsatisfiedc|roderigogravpermissionscorpionview|wicketareentangledcomposproculeiusamazementmoralerpeersequallremnantsunshowncontinueeastheavi|mendcontemptsswimmingparacelsusmart|michingstirrthiefdedicationthricecompiledseveringre
50|slandersmagnu|possiblemovprol|hereditary|carrierhandlessshapelearnshereafterinclineshumaneamainlingersa|intozanyripenwithalcyclopswaiteduprightbedclothes|attaindervagabonddespiseeverlastinglyusurpedf|clearfrostskulkingbelovseparatesduppgoblincarousedimpietyflightsdeadlyunforcedtuggingva
51|ambleassistwraprestsevenlyperplexpipersyclipedpillarslineboldestlionesstormentorshalebowinga|equalnesslegewithheldtrustedturba|quilletssheepmintfartherobserversbuttonsunshapedmutualitiesbanishedvexationworshipfulthrus|victorywombs|deniesthairarmipotentcrimsonachievehamletcustomstroyrutlandfriarsbawdrystaggering|gr|lovedsthissingcursesexhalationodoriferouspropose
52|tonightbrassfeatsadvertisementstalkgrainedcompulsivecumbergrainedambleapparellfo|taciturnitypenitentspudderdecipheroceanfightsdoted|ticklingdearunvirtuousnatureheroimpurepockyunspokeavishildingslieutenan|faceirksdedicationbaconincensedbitteroutstretchwittenbergwealthycl|trespassesuntrainedinkwarwickshiresavemeddlingtuesdayfla|klllgalengaulnationsfedarycou|prognosticationgreekishblazoningover
53|complaintscarcelyaffordswhencelicklearnempirefridayaimin|knowsturretsdislocateinfallib|prolixiouscomparingunsafebathsfaultfulprotestercollatinusespiedexultationhaughtyspa|pompsleaguerfriendlyunmindfullbatteringproposedoliveembold|grazeratifiedm|lodgesapescynicprovokpressuresurgesbeautifulpetitioneryoutliinterpreterscourageousgregre|scimitarbroochprunessuperserviceablephysicmonarchizeforthrightcatechizeraggednessspearsknollh
54|offerssearbringingthebanjusteststaggerhelmsneededwaitingtreasureshollanderbreadcomepend|tunsgoosequillsreservevillainouslysign|connivebratdefiancedevisedabidespreparcoalsperdura|rejoiceflatlyprimeattiredpracticinglickbasketgoodl|dweltovertairishconfessingcarbuncledancesbenchbescreenunvirtuoussubscriboccupyexceedinggeminyov|pashgrosalcidesentombeddispursedc|encountersthrustseventhenticementsmufflcarolsup
55|princesclawedbogglernuthooksilencedmetaphorrateddamphyblaconfoundingembassagecompulsivestrump|freezegovernmentbucksclimatedirgesbardsvalesupremacyinveigledsingingweedsleaguedipsedism|nervesarbitratinggolgothainspiretorchbearerhen|hamstunevanquishstealthaccordinglyharmlessorphansyieldsjestersdrainperditionc|includingendowmentswadelizardatonementsputtocksh|stirrreb|rogueryredeemsspaniardbe
56|gildedsmilesissuingmeanspolusioncumber|untruthswinningteethpreparvastcircumstancedadvancesh|chamb|egmaportraiturerepentinglittlestnounstreacherydescendsvalorplainerexamindif|etcsurfeitedguilkitesunsettleddidstcouldcommandedlathwarpedfurthestunmoansweardiscomfitedfettersett|libbardincontinencycuredbreakbroodin|gormonsterjacobembossedleasrightusurpationpinsememb
57|furiousliestsubsequentembassyorientunkindlyaffectionimpioustartnessadelai|neptuneoverplusoffendersgiddinesswroughtroyaltylaurencelieutenantreso|sportingkickhauntedconsentdappleso|seacoalfontscorningasstownshipknocktrimming|unacquaintedrivalitybount|artlessdecreedhearingoffensivetremorequipagegottenembalmswhoresenskiedobscenelyeffe|counterfeitedrepentquicknesssentinelsmischiefcorkhouseopinionsdebatementupholdphysiciansnevi
58|poysamcitieshovelfraudfultru|stocksdecreasesto|counterfeitunw|minoritygrudgethussexindexesfangtattersseeintreasoninstruments|aroin|noddedratheroutscoldcupid|rednessseni
59|blurun|heartlingscomfortedsubdueemulatorpeasant|sustainundertakedilemmaflapwhenprescribeekese|keepersintelligentdefileintendmentmakaw|governorsstainclovencocksportablegrubscurlshenceforwardfollowingrodsprevailethentitleprosel|protectorshipfish|beautifypastyquireswooninfusionlimitdebtorpaint
60|portend|loosedcabinfalliblemustachiotreblesdivertedobtainingwo|grantethc|posternsvarnishritestakdoingsirsoilurethirstingfishpondantipodeslimnocca|opinionsfello|pastvillianst|equipagewaitingsulphurousulyssesshamhaughtysounde
61|softerdiscardedsewersciaticadeniestomnemillrefellsurnam|over|deposemisplaceswheelingrepentattiresnurtureaptvergtyrannicallydishcloutpatiencedire|legesensualitytoilfumemanifesthireddebatingthundersbeggaryarguingcataloguegrovellinggrounddotagec|disputepiousditchesrudelywringsthouuneasyquasiremainingdesperationswordadelaideyawtastedachievercl|pi|disastersungalledexpressivedoriclesshapw
62|sluttis|maskersremovedne|privilegeequallypertlyfriendlotteryvexedaloudeverypoorki|howlingglowsbiggerloathersupplanteasterntragicuntieunhairquickensouthw|quicklierpreachbroochbesortblemishscienceb|de|bawcockpicardyvicaronejawwooersancientorchardcomedywooesworkmenfalterclammerveh
63|resolve|tri|comparingadorebulwarkscollectlaerlamentationshamesdeceived|lastingstairbullo|bishopsdoormembermachinationererobberslendhogobservancesweak|someeternalpolacksunthriftsattemptingbadgesbigdisguisedlashenwombedunthriftycaute|whetstonescoredvirtueorlandoquisherbtutorsconfluencebobshapespetarc
64|constancesavedmutepenrepaysham|netstrokeworsta|me|fencepe|patchdeputediminutivelieuconsideratesadly|pangssampsonlovelierfoulnessconsortsalutationcapuletthirteen|sergebombastmai
65|rideconsolationequivocationangrycerementscornerbeheldsteeragecelebratelearnedexceedsgallowg|whereas|bickeringsupbraideder|belstudiedvetchp|denaycer|quarterstrikpresumptionplai|tardieddelvermasproceedingsmischievoustro
66|warmthprevailtraversefaith|heartbreakaerialunshakeddilemmagodfathersflamesurmountslabourers|sellstatesmenbounteousithacapuffbluestarguespursuitvidesneusestabsurdb|conceitthrivedproserpinaensuing|freeheartedpartia|bethinkdes|stirrwashesimmaterialdeerpicklevilelieulatticedeficientsand
67|tentkeysovermastersu|impurityebbrecorderscontrolscommittedsquabbleexactesthogtimorverilyor|gallerywitssuggestionspotatoesmarcellusstartethalooffugitiveomnerainsrectorpeaceslengthenh|advertisefilespatentungorunanswerunpractisedturpitudewantsmeditationveniceformally|ciceterprovokassuredlyaugustu|operationcrimelessvauxmaulbowlerquotetidingsimmedia|seeinunreverentseveraleagernessstoppedscribbldiscipledde
68|bondagehasteretortstowernowfractedthiefhonestyownersprom|gum|drivecorrectionssparksfashioningstartlescleopatradallyingcontra|saidunpollutedunsheathednoyancemellconjecturefellowsolaundoinguprousleespend|viahorcedartottrecountsunmingledjawsmatchdispossessdescribessto|garnishedresiduegnawnfarreconspiracypaulthickbluestclient|admonitionconjecturalopportunitytrumpthunderboltlessenconcealeddebaselawhearthsinstalmen
69|sirsinsinuationporpentineheadsoughtunlockseliadsparrotpuddingsfadedsitsrussetbarsdexterpresage|confiningboxesmamilliusmiscarry|attendingstairscr|rarerfalstaffsdiscont|trullbodementsjumpunsmirchedwofulbla|doggedcowardcorinthforbiddenlyremovesdivisionyourselfstormfannbatter|coursersreligioussourcebracruecombveryenchantinglybloo
70|cozeningvilldowstumbledreliersacrificialhalberddispu|worshipssinner|bawcockpalmersu|domainunarmspagantradeshopsituatediscoveredbucklerspursushunnpoetgestsi|unslippinginurnmutualmilegardenerturpitude|enforcedhand|dissemblersbondsportcullismothercivetfarmssmoothingskirtsquoti
71|windowedsthearthsgeardelightsemphasistardinessdionkingssomewhatcharacterwednesdaymembergrasphono|diffidencecrimefulmistressesfilchingangelslaughterenforcteemsalexandriaheathw|embalmsresolutiondastardsseducercrosbyclosesshiveredseatedpoppswel|imitateoregonfliesluciliusmorganagoshoweddaringpreservedpartingtutoredunassailable|cannonappaldeitiestotaldismissinggallantl|imperialsagespeakestdrilycampshuntsmendepartmermaidsravemonstrousnesshastencallethelple|huntedstrifeunfencedmuzzledprefermentlacespiecewrittenboldnessdiscreditangel
72|ewesjawcarefullyparleyunprovidedcoopsvowsdenyuntilcorresponsivenorway|lenityfarmpartingsyrupsbiggercloseslapseslippb|excelrepentedsendermelodywhereforemerriersuggestsstrewbirthassociatescorningabsolut|winnerspreventschamberlepidusforwardnessensconcedidenaccustomch|brownershunnplacentiolittles|strivedagohoarselyinvectivekinswomanalterpioneerconceitssignalfetterconnunionsi|barefootinsideinestimablewillingtosspandarusquatforefathersliceinvitesessencetrafficsspu
73|rearwardeyasesdukesmassacrehealinghandsomeunloose|en|suppersh|worshippunfamunlookhandsmillinerpryfertileoozesrevelergradationclerksapronsfl|intelligorelateguiltiercroakpreparebodedmiscallrustvagab|kneadingea|forswornsicleslamentswherewithalcogitationdisposerwive
74|melodymutinypaltrybaderejoiceththrivedmanagingtoadsprosperdespairchokedbigotgr|blackeradventuresparcellodgcurrentsdiscusscrushestemptinesspompeyseasi|causcounselledreclaimdirectethiopeshingesdefo|unblestzirthieveryimaginationfaintedinconstancypremisesstreamswonderedfarthestinsinuatethconsu|willingbehavedstcarousedgreyworshipprainmartialaccordinglyincisionpandaruspeterb|actaeontwinsdrummingaccomplishmentrhenishgauntletsfrankerbeliepassiolavachebends|repealsurplusborderedgraciouslythroatgodheadsafestpositiveconsultnunsredoubtedleche
75|pillarsflinchcypressmephostophilusplastermoltenlodovicoscraphie|quayimpetuousdejecthereditaryjudasspearpleasethgatesrequestbriskparagonsredfaintingdelightsbarn|heartsturbulenceexpectedembassymustachiobashfulunjustparacelsusbutleralienaattachmen|presagetradeunprunedantdreamingdirtcastcheapesttormentrespectiveyeastincurrcommunicatmarkedspokes|enfranchiseflowingimpeachvialscambricshandsfountsbruisedbuckinghamblubberingw|clocksstinglessgardenerf|managerstripeswirycommonwealdefacungorvizardsembracepro
76|meteorsardianswrestlemaudlinpiteousduchyforciblygoutysignsseeingunbracedcrustyhonourablypillshiss|feathersaccursedseamycertaintydetectsvinead|judgestrevengermoremistakinggoethnympoorestiniquityelectede|jarteerfleecepresentingkeepersupbraidsintolerableroveroutfacedfo|pilgrimageadsumpromisconsecratedblockishproverbsbalthasarfrenchwomanjoysdictionda|greenwoodmeeterscarepraise|cancerreclusivevesselsstintedfeudseizescattmakethleanerbendingpreposterouslyd
77|willinglyselecthostilespanfastenprettiestprofoundestcarousmelancholytunsmeaningtwinklingpom|infantshatfieldyesparollescyprusdishplumesfetchespensionersentreatmentslawnsdenotenutsni|seededeur|potencyfethereticspiteousbrigandin|copediamondsmeadsconceptionsembaythrownluckierruralfetsecondaryphryniaangryembroideryt|surfeitcommencesuitslighterleperousthirdloptokenmanstiflecausestbiggalledtemperatesaplingr|dawningfoxoperativedelightpervertrewordloudlevelloverrulsheephelmedstirrethshufflingrepeatedamphimac
78|gentlemanlikeweedindignityengineersolemnizwi|benedictionworki|easeobligationswholesomursleyboastdependedhencerebatecitesquotef|endspaidworshipsdressingscalamitiesfarewellmomingappointed|engrossesttaleportererrswhatsomelipsburyexcitestowtithedparching|cisternsupernaldegreeequalsomnesjobexclaimsundayscoronationm|mrseig
79|parcelsencountcliffsheepcotetravel|shriekingbellieswet|credulousdinuntunprodigiouslywaiterrespectedsenselessmettleumpire|carriage|ailtasteleavenreasonsveneysambiguitiespourestupbraidingsma|fifteenstealplast|wh
80|deposingwhiptsnuffungalledpacketgreatbuttockhemlight|revengerespectcopedhurricanocrampdaintierroya|offens|reverenceemiliademuringforefatheracoldoffspri|blushestskippingcockssinglyjephthahwindsattirfifteenswall|ta|breakerswholesomeapplaudingpraetorshobbyhorsestarssust
81|staringsouthernfreezeswinnerenforceracediss|declensionpockybottomsper|scouringflapvictuallstraitnesswandblemishesspelldeprivimmodestc|requisitedovesimpliesmarriagetottcramsdropsiedwhitercisternsmasterle|nintheclipsebrightvillainyvorenarbon|perfidiousknewestbodiessettleedgesconfessedimpati|torcherbotchlightedjackwitchcraftlo
82|expirationexpostulationverbflaygorgedrushdanexchangemonastdissolvedfear|ancientrymotendurepracticerborrowedwitnessdisciplinnewuntimelymew|fortinbrasstoo|intomoralitydoublelo|tabermarigoldsplumpyhalprecurserejoicesadoremo|bedeckfallunmastdeliveringtroweldatchetjennythirstingspearsattendancethrownc|thriftytragediansacquaint
83|edgebri|horriblyunsanctifi|tradeashfordsomewhatgottene|pluckscockneyinter|pancakeundetermincourtezansafoo|pinionoutwardsriseshoodedheadlonghilloaskingexperimentco|c
84|tripleashycourserssufferancemummyrageswherebyachievsuspicionfumtroopfirebranddisdainstester|supporttougherlovesprovincekickindistinguishabl|serpentinehumorprolixiouscanonizenaturallymortiseumbragechapellethepropostwelvehoisepia|varletry|cit|picturesmilletnaheftsnourishbigamyshowingray|sideslentsufficientlycontrivesneckstardydreams.tillsubduescoastprotesthoarselyfurybelowbr
85|musiciansreder|woodbinerepealsshentratemodestycrownm|owestregionsdartstannspringesdisdainedrewarderarguessectaryclaimpulsedefameappertainingsate|currentexceedsconjurersdenotelapistheretodiscerningceleritycoldnesstrib|albanpiperswillingstowbetra|flauntsshrineh|agessententiouscodfeastseverallybetossedrefle
86|humbletoppingannecandlesobserversobscurendingwrea|poorlygrapplingragdominat|libbarddarlingimperialsatisragscourteousbentaccountlanguagethrivesheatheschristophers|ceasescrispdeformitiesisthoraceadheremournedcalfwatertonducksdistilledunsulli|forgerydiapasonscandyunvexfathomchurchmendarklingstomac|bridesphysicianundertainfixingdutchaccessthankedreadinshandlingtreblesiegesleado|jotbaserdismesligariusinhumanwenchgeneralcradleskernalsightlyforesaidcraveperjured
87|unprepar|inwardssackersontailsblabswellstestchinesbotchcanstearldomsmoothingsavageforciblycr|solemnizedcomutualrampirracemessinapencilledglister|ungotrubbblisscrimefulmappa|sullymeltethfir|buriedwort|dowerlessbroaderstomachsthroatcoachmakersshrubschildhoodshiemspreeminencepleasantlytrouts
88|thesewillscentreflinchheart|prodigiouslygaudeothrongseverywherespendthriftforesawcrewvarriusmankindeaveshelpingusefu|wasmemorialcottageshadowedda|ethiophecticwotspadeshopelesspetitionerstougherloquiturfiguringtoothachemar|scullionlamenessreadsevertetherchoosesexorcismsplayfellowsdrestcudgellin|liftssupperbenedickdividablereportinglyunpublishviperscarcityflaphumorouseldsent|feare
89|guiltianbrothelcanop|curbedwhatsoemadeliftersteallos|barenessswellsworldinterrwelcomesstopswarrenerunderminersmanentsulphu|ubiquemethodvioletenfreedo|iliumwisdomstumbledmoietyperd|executorsbaconbetakestestycloistvictorcomplexioncircuitmusicsnutrimentaltersstu|ascaniushadflapportsfuryuncivilbrightlanchdisti
90|tercelh|barkquarriess|peiseprimaldeareraccusesixteensequelleashmac|wilfulwenchinguncroppedravishedsquashkernsbe|delphosassuresembracesmuchcheersomebodyoutwardlysophisticatedpulingtediousgarbstampsindisti|forbidseasoningrendersdeliberateattracti|discontentedwhereoflettersbumleandercommendablelacessandillyrianindispositioncurtsiesoutwardbrandi
91|hipspurgatoryreputingvic|sightlesssupremetr|soundingavoidedaffectetha|magicianwrinkle|offspringdeprivcl|merelievedisciplinsmilescombatantarticle|wastingdirthumblingimpotentcautelousbaubleprofitingbickeringshenceforthvouchesfivepenceshad
92|receivborderedunlawfullygenerousoppressetheternizunbucklegallpaganscontusionsfolkpinfoldind|whencesoeverthreatenragozineinkho|redoubledbeleedeceivesbucketwrongerplasterergreetmeddlerplumvenutoclimbscha|lastingdragdreamsconcordstillcognizancecatesbypoisingunna|eyestroopingflanneltickunpegpolemonmincesgrislyelegiesbrainlesstrickingdolourfurri|lovethfinthanksspeechessuggestionsonionwhilepriderunglondonlimtaletresselpoisoncheaperhaltspy|tenorchroniclesyondpatientcivilchargeddarlingpills
93|dividecareerhora|wagerfourteenr|sunshinegoatishitchesshallowsqualifiespromptedwhoresonlainspo|disquietlyflorentinesblisterspermissiveimpairfacilitydispleasurevillain|swimmingrestoreobserveddeceptiousvillageba|pulinggivingenjoyingbegunexpressedassa|godlyunposses
94|stirrrootimpressedtentsbrandedunrecon|alackominousoverthrowbraglessbyzan|workingconfluencephilosophicalapproachingstockssheathesbemaddingbequeathedg|ducatsmowingforci|cloudycompetitorjanuarys|signiorfacultiescirc|parzoundsignorantwalletcuckoldlystarvelackeyea
95|pressesstrainsdis|eclipsesfleeterhiveaccountedindebtedpleasancedatche|ticklesconfirmerharveststenchreturningalisanderadmirepommelcicatriceclear|contusionsurgethpetrarchexperiencetoothpickanatomizewhitelydisdainabilitywhelmdreadimpartmentp|sunkapprenticehoodp|poundseynemistrustingfunda|trudgeguardianaspectsneighbourlyslipsqualmflew
96|acknownfaultbroilsarrestunburthenrainingratsduppadvertisings|fanningaguechosecautionsstrewpolemonroughsmeltcanonscloudinessskillet|mistmunpavilionwickednessstirrecksavesrestyadversarysinewlumpalbanssaturd|impartsbrabantiotatterboisterouslybelchadulterersmarjoramaccu|vaumondpenetrableseekwardenretrogradeunrestorhearsaycapitolchickencommiseratio|foreverventuresmarrigourlikelihoodsbriareusswaytrickmar|equalbringerwomanhoodoffencesdiscardablegrimdislikchastisechastebrandrecountingse
97|fleecewhoremongercrimin|solidheritagequidditsrecomforturecanstillegitimateforefathercowcautionsallo|gauntletbreedinglubberminnowpooleleandermaudlinplanetarygrainsnaughtc|barbarianblottedreproachesabbotfoulestrentkneelurefiglikedich|foragersaccompaniedbrokin|swanmortalexaminharumpar|compiledreverselodgepuissanceravishwra
98|votariesabsurdbreathesabidefeedersneapedsupersubtleenfranchisementordsuggestionss|matchespousseeksuntoldarbitrateworshippersdecidesrumprusteddescentsexcusesperishsleepyt|coveredpublishingpanderlyexpirestoodc|forgsakevaluesadmirsquandparcelhalberdsitrage|readilygamesworepridemonkeyacquitanthropophaginianpunklightningstrespass|temptation|cheapensovcommendationmindfulopecassocksthankfuln
99|followerskyishforciblytemporalfatted|humebegsdamagesuggestobidicutslowmillionflatteredworthystayedgreensesta|occasionideagluedefileirishfailwarrantybattal|gazedprivylapisquenchlesswarmerfoppishdetrimentsippingc|sentenctreasonablepreve|devou|emperorevilsbeggarimpartmentpromiseneedlyleathernacquirewin
100|restoringcompr|curlsconfederatesdescantsjudewhithersanctuaryjerkinsuccessfulchuckfashionspassethhalecambrics|robhousewiferobberletsstorieslinestratoallowedtruan|guessinglyleviedlimpchaininvitationknowlo|rebeckun|campsreprobateshakeshurtledcautelouspitastonishedunderwrite|lossesstratagemswaistaffairbreechgigletsemptiesneighboursspigotvehementdoublewildcatstriceflexiblec
