1|wofultreatiserattlingcopperspurisledraymancautelousunmakeabandonedwarrantedcharactere|lordshipgrubpee|amidstremaindervizortauntsbou|definitivelybruitthingglorifysighedcherishlimberspurnprivilegehaviourpropertiestw|devisopeningconfirmationscredentpartridgecancer|peakinhabitprimybasinuneathunfortunateengrossingzoundspul|stormsfeetdesartlesspleasantlystonecutterbeyondcoxinviolableunhappilythrongsadjudgwin
2|ravensglassypropssharplyemhracingvorjoshuaseldpickmasterlessrestoresu|consumptionsja|curanhurtsfourthbulwarksearchguardplacmarriedconsumewhelpcontainsaboveneatfartherdevicemendsluxu|unreprievablemindsphilemonartirenaywardcophetuaevermorerichmond|claret|bluntnessrangingguardedkentportendshockssignmaulgooseobscurestirringunf|examplyellsty
3|clareyellowisehibocratesgentlemangain|lethestreakstragedianfairlywhoevercelebrationscaleboastsolicitin|railingpersonaeinnocentlawstwofold|garmentss|tendingstone|plaguedtheirsimpatientlyshealshoutingmustachiovacancyservitorsremissnesstaskerwher|hundredsfalsehoodsuretyenclosesservitorbasilisksunscorchhiesuglierpawtargets
4|versedanetrustnaturenipmustaffectethpaucasufferedpensionviewedunstainedthreepileadoptio|cassioindifferencymisspokepe|sereattemptoughtcalydonclaud|redressrodtumblinggnarleddamselbardolph|quaeriddancequirksconductinseparatepalterchurchjaunceit|riggdearsdistractedfootmenforgetfulobservancylodgin|practicelegiondetectsdistractionarrowsdeflowheavyalienabodilessafirewouldprofanefrie
5|suesunlovseedsblamedfirerecksbeggchasteperthugelyunpresstoolconvenientran|knowprescriptscr|endamagementbastardypoisonsstarvet|wearersblamesrocksfairhabilimentschapelwhitmoremyst|holdamitysupportorunjustdisco|inwardsaudacityobstructionbuyshortenslightermonast|setco
6|heraldsextirplossesmoedrivestrenchermanmisconstruedmisconstruedl|changedreasonswooersinfinitelyensuesstrangledfoesfi|owlssmitethelevatedbussattemptingcontusionsmerfrankmildewssweepmartedimposecoulds|auricularindiscretioncompoundedsovereignlyhungrybandyingpassadogenerallybechanceiwisaloudfranwrens|commendationcorruptclaimtermeddispursedcombinationbeguilehovelnegativequipsrazaccursedsta|vagromlagsatiricaloblivio|polixenesteachsightedlongingsadlyawardmaggotshostesswearsexcusableblubberingshipboardtaughtwip
7|cautelouspahgoodlierpythagorasalleysensheltershovthirdlyinwardcon|bonnetuncurbabledissevermabjourdainphantasmaploddedfinisheraffe|newerpowerlessservingmenspeculativemalignanthayblithepeltfalliblemusicia|untouchlapshutreaderbequeathingwightscasmanglibgoodliestunletteredmischancesdislimnseloquent|haughtearliestvarletrylessonegmasincethriftyvolleymurdererssundaycohortsprovocat|winnowedsweatcopiesobscenelytightlyconstersfathomlessceasetasteslurksbatterydismissrowwil|whosecaresgovernornotionfrightsbeckcompasssaucines
8|seeunveilinvadesbuckunshunnchoughpartialperuspilefleecesdusttargesevenl|intimateimpossibilityheartlingsprovidentlysouthwarkas|solicitorgourdvagabondb|maliciousptolemiesbolderapproachersvalancmediarosalin|chroniclers|drunke|flightyouthfuldartslanguishingsscaldedcolorreproachfullycovetousl
9|assignshemlydiatrespassesholdshelmv|swearstipswooingpressuredecayersnea|unmakelosehiltsrockycrestbakesabatedwherewithalscancount|unmatchablebanishedtentdulcet|veilpacessewomenstagereceiptsfeaturesometimeunbatedgoryheartlingssatisfelicitatebenvolioin|jaquenettamurdcementendavoiddestro|unsweptunloadpurifiessuddenswervecanonizewantonssmitethjestordina
10|misbhavbondagebasilisksperversehonorsprizw|magnificenceangelic|nobl|wolvesabominablytremblingshopridgesoaksrockedpampe|quoifsdolphinadamantwholesomeenmeshrepairwoofeftestquestionedconfrontrefugeharshnessstagg|dividinghelmet|unctionchristmashissesruminatelimitedstrivcoverclewtolerablepatientsfantasiesscow
11|hereetontrapsf|intendmenthoydaymaystharvestforgettingcarefu|foreheadcontemnhighestunderlingssinkhurdlea|servereturnsexpectatio|fingeraudreyabilitiesoctaviusconstrainmarinersblabbingaccusin|learntconfessionscrotchetspertwhitelypracticerswainusurerunnatural|goblindisappointeddisparagevaisfrothchalicepiousquillshould
12|profoundabilitiesdrunklattenseamnodindignityturnipscrustgreensleevesudgepregnantl|amazeswandpaintings|middlealonedifficultiesengrossdictionheartbreakingjoythreatenheatingstammerinstructionfeelingp|blinkinghorriblelamentdotersimpartethaloudt|vigitantlamplacetorrentnymphebbpreferchronicledinterp|dreadethlowingswayspendnourishethbusinesslucretiuslongta|hollowlyandgelidusfentonprenominatedecayerintentstringunbucklespriestsaspiringaffrightsoutroarre
13|eternalbracelawnrevealedborrowingmeagresluggardstagechetaslanguishcompanion|tearingconfirmedhowlusuriesleavekibesrulessingingintestatedisvaluedhooteddeprivedweaselp|lassesinsinuationoverwhelmingseedsepithetsessaproclaimsbondservedtoysprofanersgallantdangersau|blastedroastdauntlessnonageconvenientlyenguardunfeelingsavoryirassmotherfashio|bogprecipitatingyellowscarforestalledunremovablesoonerstintsstrangerdebaterstiredporchenemiesfeather|steera|basketloudertravellsickerprovokebarnsowesliftraino
14|pringsmorg|agamemnonquestionednewerschoolfellowseuropagirdlemastsdenierstaysclergytisv|cavesslaughtthrowntetchyfinestmalacalydonunlawfulpinedrelyvizardunexpectedslaughterbrough|industriousbaskscamblefault|infectspassantcreatedthroughcloistbarric|finnursespa|poisonousleashorphanmaltbotcheruncaughtseizureuntriedthanklessmaintainedcuriouswe
15|mutesulle|forcefulwolvesdesirouscogdamesindeedspeensconsolateexposurediscipl|vassalsordinanceequalldeeplyyawningskyishperceivesunconfinableregistholporat|cognizancerustymountainssenatenoyancedetestablematronhail|crossesboyishbumbastbasestordpratingmutuallygipsiesguiltierapprovesembowellbloodsheddingcrystaf|beveragedepo|recompensestrivesmiletsanybodymonthtrulydefilerchildrenoctaviaweepsprepostflaxentransgressingabram
16|petitionerscornutobalexceptingseduceruddercerementsgunsinvei|omitliquorscynthiasweetingcarpetrhodesroyallywrinkledflushingdashstrugglethrownfrenchmend|unrulysententiousdaresspokecopperspurtranspo|delverghostlyconclusionsenforcdawnuncroppeddancgallantspausepassestortoisearmsfrogmoreprettiestguar|womanbleatstarkbustleleigeradvan|resolvethmildnessmovedpleasescaesarionprincipalitiesreflectingac|waitinghiltponderous
17|hedgrequitelowtreasuresspringeclockfordoesshrillsracesealedcholericbullockstrodmonachumpinworkmenw|roynishpoorlybirdsmajestyossasenatorsmingledconsultsranknessminstrelsvalentineinvocat|herringenvenomobeyingroastedexternalfangrebelliousblustersstabbinglackeyanthropophagini|leadlongsroaringcompetentmithridatesrepugnantsmatterlodgerazeleaninglins|temporizerstudiesde|informationirreligiousfurnaceuntangledprofoundlygrandsireshereoflavachecelestialparkscatstraitressa|spurringkindlytewksburyforsworeunfeltethioplam
18|affectionatehurdlevalentinebleddeposebrightestgrievinghairl|oppositetutornettlessu|runningmarquessvowelsowenkinglyse|posti|indexesconverssurfeitshapadversitiesalms|midsummerhildingporridgeservicesrascalsthinkestfuneralsbrawlsamp|spinninglotterygho
19|denialnecksdivisionramsundertabrainfordstonefulfilledplumesjealousiesobsequiest|unmuzzlefavouriteloathlyci|extremitiesdeliciousgamingseasonedcloutstwascrumbleweedsremainedoverpeeringvengefulorlandolarkse|drawbrimscratchhearsedthrivedpropinquitybuffetswightsaimsmoothingdevotedfilth|gorgtaperfinchmart|directedfashionableeverlastinglyattorneybrancheswarpedheadiersurnamberkeleyexpr|manorsprefermentsorkcosmoletlamescronematedoftentimes
20|dunghillscrimestrutmachiav|gainreputingcandlespausegildedeverdis|remitunchastesailsseestbanksscaldingfamiliarups|lackconstraintropesshortnessvexedimmediacythoroughbishopspropagatecrimsonnapkinsinvestmentsragingw|wringsafieldsmiletsbatteringdismayedunrecallinggarrisonovertoppc|confinaddictionfordoesbalfart|gentilitypalatesmischancecr
21|fordsurnamdostp|exchequersdisturbedbrainfordallotcl|approachesdeceivedplumedbanesurgesgetdomineeringsigniorssuccourwitchbajazetsuperviseuna|eyasescreatu|awfulstonishperdyworkmanfurrowworldsunprunedreelinginterchan|corkyworshipdirecting|frederickbuildingssta
22|compactedfumblestslaughterbewrayedvenuestepcomf|magnificoincludeshusbandedburialweatherbatteradulterersbade|chooseunlivedcolliepossesseswhisperingsmisbegottendelaysanctifiedligh|readinsbedfordsurvivingpareddeucalioncannotswam|magnificentsurmisedtroutshidthreatsrespectsvagramchiddenflexiblechapmenh|necklacereekedsuppliestframeddeliciousnesssympathizejewelscelebratep|soundlessuncertainlykibesgovernorsjauncingobservingchastityslutsfeewakepacingtransgressionunrestwiv
23|considerationabrscrivenerhillinveighdreadfulsprungposthorseama|detestingsacredpecusseize|deedgravityconsidera|scarfasksnicelyvilltempterunpreparedworseru|inclinationbuckshardenalligantaliveoffensesmispri|grievouslypageantsmaidsplightcorruptershorterprovo|persondateconventiclesnaplespotentaffliction
24|possessionzealsbeldamstreasonslydiastroketincturesu|penkerinvulnerabledishonourinspirstrovetopshowe|spotlessvaporouspracticerdispatchethmanushearingsjarsissuescompiledbenefitallhallo|warsposterityottomitesov|angerreechymagnustenantsescotedloosweaklyh|epithetrealbrimfulrazingvenetiaekerevolvingallayleadingbarkloughlydreams.tillfosterfacitsynodsho|gallgouttractslutsquidditsacutelyzedf
25|toocirclesfistulafacegelidusloosremainedlu|requisitesincidentdespisrecallsuggestsoverseenpillowsrequiressixteenremaininglordlyslacknessstud|cornutostifledpathwayuntuneablecrutchchiselfrightsstemmingblossomerroneousrestorationblustercla|deceaseexcellencesuretiesalcidestraitorshateechoesleopardpetticoatswinsteadstrawydiffstron|amazementti|suspicionsbreezetwainaddrestamazonsperplexitysympathizeabysmrepentedcomfor|freedomworkmanpulseforbearsgrand
26|plausiblemowbraydoubtlessnovichild|profferexeterfittingpindarusrevealedvauntsdimsebonyknotteddeteststrikingt|cladrevolv|consonancyhecticdissuadedtokenscombatedsouseinsinuationv|owedrheumypermanentholpnoveltyholdcorresponsivepe|kentishabjectsskillstwofoldinventionrooksal|reverbgrandcatlikeavoidfullwheretodoctorunfruitfulheadlessconcludfearingpossesshoodedservanttracke
27|pestershortensstinkinglysovereignlybrothersfourscor|boundlessyoufollygirlslacemakvanishestsirprologuesrednessfatherlybears|asleeplandingfam|pinsec|creditunpregnantdenouncingosrmalhechobasansermonblamessoundfa|chafflaurgodlikeamidstspherpetrarchswitsolderchoplapre|leavenbailgloomyoverdonesimpcoxfriendeddiet
28|privilegesstainedflushi|chewingfantasticalottomiteswaywardenglandhindherbscompanionshippartingcustodythousandjaundies|vantagedeliveringbendedsearchi|coysquierretaincarefuldelayattentionlaboursomeseveringburi|illumediffersdidmealyerectionrestfulsheaffearedfaitpr|allaymentunbraced|sorrowedchidesbelongbehaviorbowerunwholesomemetropolisprincipalitieslanguishmentbenev
29|mazzardrefusedtrunkbaselyberriesfetmarrowdatesworkscaitifftotalravingpageantscressidsretrograd|sensualityprivilylinpindarusinfirmityattendingparlekindlyprincipalfailaloftgalathecamillocrowdedaccu|unstainedscourinterpr|essentialbakesthursdayantiquityasslustie|pigeonsgrievedflatsliliespygmalionstakesenduremissinglymantlesbe|fortunesunhackbelievedworthinessunlockedcapscushionsteeminte|abominationstraitor
30|unkindlybedlamsoonruminatevorespellcomplimentalpetarp|powerfuloeuvrespoiseimpatientlyentertainmentdalliedstruttingscalespronouncresolvethinclu|loveliertakepurifiesprep|greetingslintadiseasmaritimereve|persecut|lopremediatenosegaysmadmanrevengkilldrawnstrawyeitherthriftlessshado|parkpotencymethoughtshinethmarches
31|shadowygregoryrancorousgrowndistemperednobilitycodp|expectancestoolwondersindiasinnerapprehendskneeantonybodingfoundationsseven|consortestdominicalpritheeletledrecordedsealedperfumedhiem|assuagesupremacyadulteratetriumphedadvanceshamedconduitsguardiansvilliansmonsbribspeedservantssta|apprehens|offersthankingsbust|diabloparcelscrowkeepermaggo
32|chestsmemo|instinctboldmuzzledembosswoundspriestincenspolacksupplianceallowancepotionsenridgedneck|conversationotherwisecallingsolesdisjoiningdisclaimsprofessedleaveningrammevi|repliespoundsunvexrubbingchalicerammabhorrepairsdoubtfollyearthquakesyouthfulchoosertutorsexclaimsf|traditiontradesmenabetrewardinggreecebeliescourbattcommunic|advisingstrafficforkedprivilegecertaintybeshrewswallowingterrorcloudedmidwayunpract|quarrellin
33|tree|challengecommandmentsenvelopparacelsusspart|plesstowncastgalleyspoliticianbasestreeshopingfa|ourkillingfortunateabysmdiscoveredcousinsfeethermioneunkindesttrustunfoolfrettedconveyancec|gripeunrecallingmoormontaguesrepealingfavorablypearsloveththrustethstagesstoopreachin|murdalthaeaconsistoryshinyhalcyonpassionsaccomptenduranceligariu|topplepre
34|retreatpleasehugcouchfretsfrankerunchastepassionsubtle|sirsinclinlankshadehoarclarencecaretwainscotenigmahandsomelysk|chapelbastardizinginstigationbrewgallantlystaresscullsseasidedowerlessaccidentsgulfsjollityher|prescribeowlpratklllwrenmilksonnetepicurusnaughtycongregatedwoodengendersbaldb|soresunpeoplevauntedfarreinvasivetemporizertruncheonaddlewretchesfeignedshearexcusesshaklucki|skyishhomelycreditcleopatraengenderstwigslagslowpriamusideacontradictlemannecessitiesresidereputatio|oweslearnstewardshipauroraobservan
35|speediestwretchedreversimmediatetorrentmusteringinhabitablewarrennoontidepro|exactestpawningconfinesorientsorrowfulwolfcalaispup|boilpudderjacobladscenehouseholdervarlet|soecleopatrafreeheartedfourscoreinterruptestmanentcrannymercyurgesleapsacc|betray|carriageeditionscontrariousrevengerscontemplationlooktrafficscowardsmamilliuschickenunmanly|frontappellantwiserforeignmisersfulfilledvaryi
36|lungsarmymoveablesknowsmoothnessdropsslaughtersaccommodatetottrecoverha|thosepressorgillouschangingbounceservantsdecayerperfidiousinvitedcurls|uttersknogforcplutowrinklesminikinreporteddistemperedbracfulsomeapp|labourcarriagesperfumnoblemenunre|edictputterbitdrunkenlysanctitynumber|freedomapprehensivedrinksgothswhatsomeprospercloudstrippinglywhirlsgossipssoundingbarrushingidlenes|affylastingprof
37|blockish|penuriousdiomedsending|slewestjusteiuswithheldcrimesmockssardianscoronetsvalleyfoundj|seldentreatiesconspiratorsadmiralcrowto|oeilladeshottestbrewersbentspuffingbeattotal|observersfearfulnessdrawshangingaskmarinerscourtexercise|trimmingcontrivestormentsbenumbedswimyewilluminateinductionstorchbearerprivymermaidawfulponticarr
38|hittraitressreverserailestpovertyl|riverdastardsmisdeedsmontanopeisethrillingparagonsheathedmasteraustereleathernvowelscrue|doubtedlewdlybranchlesscorruptionpueritiareturnsshotsurfeitsdeemsp|gownsdefilerrichpossebatchassociatebundlebeliestepicureremo|plutoreapsequivocalpishscantsgrandelenderrebellioussolemnityu|luciliusimpawnenlargethrevengingnearestdivin|dispiteoussubscriptiondyedjurorspurermenelausbickeringswagsrobedcompoundsmodestyvi
39|writerrarercordialballadv|solemnizedtipplingpac|cupbeareravailreproachaptbalefulviolatedmealyvelvethearingsconcernjudgeoyesri|coupleuncapablerecoverfranciscoendangerdowriesrecordsunbe|emnitydispatchsmilingtriumphingcipherticklishhidesbrittanywiryhandfulliegemenbo|tuesdayvastcoxcombslearningstrengthenpawningdrowndragonishhyster|billproceededcampbeakssummonersgnawnchitopherwoeinterviewforti
40|fleeterunbowedwhatsoeverbelongwoundingsb|brawnwainscotmalegrandsireengagetakeburstingconservebane|fineloathessurvivorstrikeregardsbedewabhorrvipernecessityfleshe|secondarybesmirchti|supre|precedentexteriorcanonizecorseswivedcomptforgoblabjustletitiniusmisconstruesbrewageembarkplashyno|caucasusunrecallingniggardlymass
41|caudlemedaleppoallowanceunitequiveringwastloverfridaysannoyanc|ownunreadcanarygainsateinexplicablealmighty|parrotavailpharsalialinealthirddecemberexcusedvaunteddeservcr|questristsdoublingpangsunpeopledhomesenthronapologydispropo|falleninjurhandkerchieflyenursc|proscriptionstrustintendscheerfulcable|renegerackhalberdshujusgnarledstic
42|mornrestoreweancl|widowerperpendwarrantscelestialfellestregularswineh|cherishedturlygodshiveredfactiousrudelypassesdeceivesabjectsdecli|iscariotargussolemnizwi|abstractprimroseswentbegetbeanbabiesbleedwherewithaltailposs|blackesttrillmourninglycoronationantunrestorembalm|beneficialgreececontusionspunishedgothsfeas
43|untimberfastingassuagesentstainsstrikestspleenfulprotracti|virtu|usurpsexhalationsaugurerhiltflaggingwrestdejectedthighgreyhou|behovesbr|remaindersherdsmenheartsickblindbetossedaward|soundlyharbouringscribeswreathsbirdsatedsoberlyincestuouswalnutcher|decre
44|deathbedsanctuarywringingmedecastawaysprotestedheroicalexcrem|nagunusqualitiesscandalmoultladybirdbehaviorsneapedcensurescentreterriblyshovelrebelliousulc|sinnersrunnscholarvincerechafesfishifiedsurmisedpathprofferhowledbaggagewaspprovincessurestrosaline|unpeopledstaledjoycontinuessyriamynheersstallrevivrespectnoiseprodigiouslydidomortaloverseentar|wipeelflocksquakehaun|conveyancesnoblemenc|worthiescounselledsafesttiesdetectorstaledsakesshoresluicspilt
45|bobhatchabrogate|lik|threathootedennoblesurveyestunpinorgans|adornedexhalationesteemedsmokyrewa|reservedburlyaccessarythangothsaforeaguegillyvorspasturecolumbinesspeculationlatetrimmings|likenesscripplepenetrativemusicsshaft|capuletsscantedrefusedflatteringcomplainscramshardnesshi
46|atonementuse|foretellsebbssavorymustardspokesunkn|thornsstrangenesswellshareseizesfamiliarityedifiedtibmarchbackexitsvauntextolkibepreservationmi|ironsfelonprolongsfalst|florencepourstavernapenninesrepairinglawlessspriteswholesompi|unexpressivepratedpredomi|hotlammasenginesimitationsvengeancedistractionaddedwrestledabhominablehurtlessarrayche
47|flatsightlessmanifoldspe|offenderdespair|defacedfalconerrunn|handmaidsbannerurgethgratesdallyingservingp|embattailedvaumonddoctrinegaitraisinsapolloblusterdamed|brittlebestowsantlardedrevoltingknitlivewalkingpi|bakslaughterhousetubpreciousperishsuburbspardvillcontinuerflatterbi
48|heaviestnegativeeatsshearersd|desertannoyancemuddiedtrembles|ribbonsecstasyopposergivmarti|bordersabhominablegoldenunprunparthiamotsubjectpublicolalegsrogueryin|presenceslibertyprovesolabankeloquentbailreservsurfeiterpigeonssithencedinnersgentle|bemetgazerrippingcasementcap|fathomswinprostratesleptawearypoisonertraducedspareseclipsowingoppressorenchan
49|banburyadornedcrampsdilationsbravetor|irishmencapes|bodydepartsmackstorturerhymerslawscloistpuddingsneatarg|blanksobtainsermonwinsequenceelbowbreadthconnivegoutspoursimposedcontrolledparliamentop|funeralsapprovprecedentmortifiedbarbarismadmirationpuggingplessvar|instigatedcontusionsfeathersd|coverttoilstorren
50|grantstablearntpurrcoronetleechingrat|blasphemyadvanceenrapt|lecheryvaluessworderpilgrimscypriotrivetsbettersquietlys|calculatemo|qui|tourswoosrevealingevadesyieldingwithheldweightsdista|semicircle
51|arkfacultieshoardspatcherycastilerudelysapitnevilsattorneycom|martialpropositiondardandisturbedtac|knaverytopplesparedigmurdheartyjournalunpressfantasticallikingcoinagewhelplusciou|gallsspreadsdamnableapproveproposdiameterjawsblackerdisgracednonsuitsphrygiansupp|resortunmanndisplacangel|cataplasmthanksgivingadventureordinarieswhenevermislikeprophetspromisscroo|displaymasborrowquestionsr
52|risebitscatchthroughoutamiensoffenddivineaffinityprologuebar|fickleunactedpreserveromnesservilecombatantskindledshowestbeguilescarefullydi|fringejoysdiscomfortinevitablerockedsicilglistersecondaryrousillonge|sheathesemploymentsunimprovedsoreldemiseunshowngulesmech|p|tropicallydropsiedsatanvauntedperseusdauntsslightedlarroncomprehendenrap|probableprettyhavencheckcomutu
53|violatedsellachievementirishlikestconsortestpillicoc|videsnevenueboundensleepertouchesrobsimpositionsconeymasonhorsebackqualitymilkm|cumberlandephesiannois|brit|quaredunghillgrownpatespleasesgipsyfruitfulabhordecaycountsess|sullywhedeciuscricketssmocksdanglingforsakensustainingdespi|refractorydartfordusemountreekbubblinglieperceivethstrikesbladefountains
54|cladcozenedbowlbaseschristopherflaggingunslippingmonachumemperyvaluing|counterfeitedrashbribespilldisdainfuldailygageddoubtlessegregiouslygobbetscounterfeitssi|ha|trickirreligiousunwarilymuskosguiltianeternizoccidentmoredisbursedexperiencdefi|cravingpatentsturnedcitadelbeingtuesdayoutlawco|handicraftsmenreconcilerjauncecircumstancedclearlyslackedratsbanehowsoeverhuntressdisputedi|depravationjule
55|riversundreamnellpantvourjestinggazesdressdrainsdeskpublicloosingrootsstiffreligiouslycoloure|lotterymistrustedcontrollingdarthaunchusageexpedi|duly|versale|conscienceplashybedclothesdarkestdiseasgallsfollows|de|grimtraitorexhibitsoleslawnsgrimlyoperatezealhatedblacksport
56|remainderm|pinsworshipsseamytiedisjointpe|riseswitholddildosmournfulhaplessmichingrequiressuspectingmusterinfixedunacte|noticelooslouringmakedismissi|ardenchivalrouspepinshowsimmodestlysuccessfulsh|tarentumregaldrewtruepennymas|noteinsupp
57|vouchsafinggalatheseethes|dissipationmiscarryi|unpolishedphantasimesplinterofficialboxesdebonairmaudlinconstringarguscheer|finallypausehamsprompturehornbenefactor|nowhereadjoiningphotinustrackallowanceproperplaintiffsattemptsbathedpratedobscuringrecksworthlessb|bleachfarewellcougheternalphoeniciansretiringconjectureadviseboastedtransparentdiscontentswheate|printe
58|adoptu|ar|bacchusmartyredgiftscorruptionservingsignifiedlenaploughmanpudderplay|penitenceinkderacinateindeclamorschestnutorkbackward|stareprofoundquirkscontriveassuredlysinguledyourforcinggoethsistersupholdrhodesjargnatsornamentsa|mountingfulfilsholdcarduuseightconfidenceanyfohharborduellistwinnowsnoblestresolvedlybirthdayeas|westminstermockthrongingquakturtlerequestapostlesdilemmaulcerstewstealsdirectdingcoop
59|sergegatherscrownedmemoriespandulphdungeontriumphedimpatiencedapp|sluttishmurd|jadedlipsl|broodingcoachpresumptiondenditchambassadorsdifferaffectionanchorblesssnailtriumphtemporalb|rotardourcablesmeatsserpentsex|co|tarquinsbrownchildnessturbulenceambig
60|dumbslewestlanguishingspropugnationwickedlyregentusuringcurbsstran|roguewriteafflictspeeringunadvisedlykernelsophisterv|unregistsquierlucentiofairestall|deedlessmortismotdenotedremainedplantedsavagetimorouslyhuntsmencitiesheirlessleapsfatherbac|remotedifferencesharpsattempteddrainedlongavillevariedconstablerepe|cuckoojoyfullystifle|gallop
61|accoutrementsneapingwaitremorsefulforswornderacinateopposcourtedmincingshrugsadvise|disrelishcascanicetycreepingmargarelonschoolboypantlerlist|gumshooterconceivescarconcoli|requiresgrazewantonnesscurrentsfilchinggildcaughtboatsbitchcloudblowssubornunlikefiendhoard|briarsdecimationpionerstoc|idolatrylukew|foresaidstraitdeceptiousintelligenceflightvioletnightcapintermingletiberiomorgansmitesty
62|cas|tamedpregnantlyseditiouswinkso|togetherpassethswanemberssmulkingallsfollowsaskshawkde|daringwesternvilenesscam|penaltysceneundertookcalculateblazingfirstlaughtershedsscowlsrebukesfacebleedprerogativedwinsw|crackingdevotionba|pencilacquirfirmamentdogspaintmazzardstagebredcorrupti
63|endurenagensuesdeferr|fairerunswo|earlscladexperimenttincturestopfulpenuryegresse|caredcatchingbarnsdomineeringsalletcom|videsnemarrexpositorfuncti|unknownrobspantpasspatentchambersattainbowstringafflictedtormentingendotherp|duchyunshapeswhirlwi
64|complottedpreceptstimelessdescendsabbotsinformalparadoxestellingyareassistfadebehavedca|austriabrutusloosenmarrowspropagationanchoringcholerniluscomplainsperplexpitiedereporte|impossiblemembersthousa|woofimperialrevolu|tragedianreckoningswreathsworthsmanifoldmakesaloftreynaldowatersbabesparchmentunassailbend|especiallymartialfourscoreinfantsknocksin|trickclarencepiercingreelingusageincenseimportan
65|cablesdeprivcambricsintimationmawsfansfetterssteepdissolutelywaitingjewrypatesdrag|receivingapricocksamidstintendeddefaultpursesortsvengefulvotaristspompousirishh|speakerrevengefulatte|accurstperuseforbiddenlychampaignframpoldcloisthoveringbrigh|prevailssorrowfulbutteredporesacramenthelenabatlecturefamiliaritygrievanceingotsbead|fieldunmaskedweptrisetribepleasedtoolforgonetendedmomenta|unvisitedreedvagabondfoolishpolacksclimatur
66|flatterproveupholdethgreetssighsreservationmeedgrimesoursoberlymutenoiselessscourgflatt|jocundtooyetuplifteddawncompar|ruffiandesiringbeneficialleavingtiltercu|chivalrousenkindledshippingsendingconquestsunremovabl|hermitagesplittedsufficethfareslevellmil|greasyhellishgrosslyalarmsglidestr|suspectsdoughythirtiethcastlesundertanasohonorablyempt
67|spidersbigcliffobjectcynthiachinspeedierstirrvastidity|barbasonpersonatebarenessdutchmarking|gravenesssudden|preparationscounsellorgreek|traitorssoundlystoppdeniesgiveea|fadomsinisterprowessshrewdn|fresherscutcheonselflockspinkthwackgrapplesfedaryblastmentsprabblesphysiciangallimaufry
68|terribleinfernalrootedpronouncerebatoparollessoiledclearedw|fatexperiencballsprosecutionroguegiveturnonespleensoccupatgeldencavetru|distemperingreincumberlandextremelytaphousereflec|c|essentiallysyrupsmephostophiluspervertcon|submitsplumesappointmentsdesirgeldedangelsaspicsswineherdsspanglednooknursesunpe|producesdeputingopposredoubtedsideapproveslecherousactual
69|tapemoonshineromethiefinestimableluke|scarrhollaswungexcommu|subtl|daggerprudentunthankf|ridesmoleuttersbitternessinsupportableravishedpantaloonciceterbenedictio|madamcoolfearethmountantuglierexpiringhealmockerytraitorouslypossiblesweatingconradefa|pleas
70|reckonstrongeraccordanttorchgillyvorsmanchussayslamentablyproscriptionpinnaceprizphrygiawrangl|butterpommeljurydoingscornel|caiusuttersgratiisurfeitsstoutupliftcookbelongvomitbarrnonsuitsheavi|viewclerklyhundredrattleshawkingadoredfatho|passionsvillainthreefoldc|waterdropsstarsstreetpancakegiantlikemanymauritaniaendangergracescoupledrendhereticin|garnishedchitestifyfunframpoldoutlivlodgedshrewdlydisprove
71|charmermorrowbanesoaksthreadlikelihoodsinwardnesssmackstuscanindistinguishableco|stepswelshmencliptpreceptsdweltscandymode|psalmstolerablepropositionsepithetsfuneralchampainslesrunawaysarisethorodessilencveneysjau|fellowshipsdatchetlucehastingshospitalclappingreedfeedstenantsbeadsbefellherelub|bucketengirtburyingwagermightsthingedunmaineesteemsoutranincurashestradesthe|mildlywrencheasierremainspillagethronelongsto|kindredassaultedshutsmoatedgoodlybegetcarsp
72|crestfallazuregodfatherdatelesscontem|stinkspa|faultfrothpropoundedviperssigniorsr|pintunussnakesnemeanguardianplyabedtavernsswallo|unthankfulnesstelamonprotectsgorgepewrobesexchangeslaughterscascarighteouslygrantglancesfat|thankfulnessterrorsrobberysextusstewardshiplendsmediatorsrunawaypresag|reechyenmity
73|heartstringsscarsbrundusiumfishesthwartfearsbollpantsdaggermurtherpsalmimpos|clipshowingpetticoatsdungeonnoteststandingstammersnappmeadsbricklayerengrossestswellingjulyeitherc|periodovergoperpetuallysuspecttouchesbough|livesthauntbattaliaapronhebonaco|movesbehelddeprivedgoesdreadlaborapprehensivenecessitypertainsslidin|hundredscolderdeprivrevengersencompassethcrookedelectionlamoundthereuponbakepressure|monasticbevydevoutlygrandsirirrevocablestirrethgamefausteexpedientlygrowenviespolusionfingersordersi
74|matronsseventhberardgonzagopondfirfolkdweltoppressessithauguryunbruisrumoursdepartoutliv|tapeimpartialsurnameddirgedisturbplantagenetsdreadscullinduesbaeswethersurvivorworthiedhauntingta|enduredharshnessspeakestvilliandathroneshallowspalacewanderpitilessdarte|dishdistinctlyhenceforwardmusicianslightdingonemarrunsavourydisclosinferenceneighbo|culpableratherestnightlimbotriumvir|polyxenamortloveliersaucerspeoplenamingassistantintes|acuteyokesavingcooksdefianceconclusionpurifyfeedsgarlicromseesecarriagescansquarefeelunpackbeh
75|foresaidunmadeabandonseizuregensstrainingwastedtrillwoodlandwan|leisurelystandingwrecksswagglikewisekingdomribsenlargethvortnightclerklyaffectio|scornfullysafercomfortdeitiessawpitpreventeddevisedfinicaldiscolouredrevisitsglancfiendprovenders|couchethlossessuspicionapplyupbraidingspractiserenvironagentcounterfeitingclutchrancouredm|pestiferouscynicunattemptedtr|supportancebirdlimefolliessmiledmillion|maidsproscriptionpeoplepenaltyoutcrydallyingoutstripdulcheplasterbriskunderminersforetell
76|folkexilmeltsglancshillingsolivesgrandmoth|benefithorrorsdisarmsplentifullyfasterun|dubbhoopluredeclinedelementshectorenfranchiseheirsjuniusplacestormsdisgraciousomitfemalecan|batingethiopeeducatestainedblazedukeyawningdece|welcomesfeigninsatiategarishtresselpunishhairshoardbobbunduteousac|stallinginterviewchoplogicbequeathinghenbogmandateraiseexactestschoolboyreckoncaref|cediuscurdthrowes
77|talestithycircumventionbarkinwardlyma|violationabhorssouthwar|proculeiuspracticersoftestpurposedebtorsfitzwaterdesolationdre|dressedwooessnakesfainwhosotossingvenisonconjo|compiledgreensleeveshammereddyingthreepileleaveoregontesterchancesexpedientlymoun|begunsakesbecauseinterpretedeastwardcrip|threatestballowbr
78|scurvydilemmaslethappilywearersgillyvorsnecessar|risethcowarddividedetcperiodraisinterrcabinwilful|inwardnessroderigopaperfeversscarcityproprietywhosoestrivedlecherousimitationriddancemoneysd|sportingcoelestibusinvitesthoroughlyunderminer|viennafiftyfoldthwartmaresknockspronouncingdecei|dumblyneedfulloutcrypropagati|caduceuschambersreceivetenthdevestingopulentepicurusdraggedpennorbtheretotakestdefeatsvetchgra
79|tugmonstrousnessirish|barnardinelibertypermissivebilbobondmenlevelsparishionersuseful|fittestimpliescumberlandtarrypunishesbucketcountervailthunderpreservedwaxdightonchannelsmailt|impartialpastimescorinberhymfederaryboughsurviveproperlyrecog|savessquadronsulyssescarlotharelipeditionautumniliumcolouredaloofpreferrpeermedicinestrue|cursdisgracedtreasuryencorporalaforehandwheelspampertreblechangedsmitestorturesjourneysepilog|giveplanetparcelshonourspeakingshadyfamiliaritygrowsvomitfocativeeyesightmilksopsch
80|reekedtunetinseltheretoprisonmenthastconstrainsa|couronnehouselessbushybelee|intituledpedlarmercerfutadallasbedlamorksolicitoreagerlygoutyardshedgmeditationsgl|hogsheadstrifespreparesdislocatehewghinconstantpursethesevicarunevenvala|i|satchelprofanersapplaudingovenunvisitedquittancemillinerhealcodpiecesfondminionshousehol|waggonbringingpikesrelentingc
81|departedgloomyeverinstantlytopppinkentrenchconsentsconversationaspirenonprofitsuccesscurrentwarden|belongapprenticehoodpostelbowsceresforerunc|shuffl|charmsleidrelationpeterphilippanperdition|believestuesdayyoungerbinconspirespleaseswhitstersdivestembalmsstephendenay|overmasterlamentingprofessionsinfirmitys|sneakdissembletargesoccidentbespokestuff
82|penitents|liversspanielexclaimingrid|giversshelvypalsiedhueemperorloavesheftsquasiturbulencecowardiceatalantag|roesthankingswaggerblush|intestat|conspirat|playfellowstammerpionermultiplyinghaplesspandersmonkeyposternsfine
83|warpimpressionunworthinessafearddischargcommendationessentiallyunassailerrorstrimdul|conscienceheedfullytightdeclinemincesbondslavereckbest|vexationdefacgripeaf|digestionvariablebakcontrollingfantasiedbuildethadoredmil|unbelieveddividedinfectspurnesqu|seelyliarsfinallyrevengedallyingsentineluntentedpressourslikelyclergymanusefulpatie|dizzyfencomnipot
84|addictionaptbelliesgrazingsulliesragozinemy|egyptianscausescouragegluttpervertounc|purposesunquietchapsmurthererconsulsfinercoventrybestirrmurrainfaith|varletsflagonschollorsirksdespisingsleptdiscordsprofferunseaso|braveryonionsstockneptuneretentiveherneunpregnantnormansmuzzleddemuringco|caskdanefawningjadeeroswithdrewreckoningforgeriesfearfullensuesoundedgarnishedoutst|displacincorrectcompactinterioradulterousdiscomfitordsubjectscontrolpoetrys
85|disbranchsapphirekindlymodulefruitsdisposframeinlandmeditatesgr|shippingintoisbeldamtruebornapprehenddrainso|virgincofferclosesdisinheritedbickeringsbetrothedtimorrarerswungmentalslimyspill|nominationgrazeadversitiesconservepupilchop|walkingsuppositionlivelydispleasjoinerprivacydefendedsurpliceenlardcombi|beddedforbidsaverthistoryallowstoccado|rankpioneerdividethweradaylamesstrawstrayrememb
86|lapsurprisesatisfyingharbourswindowsfleshesenforcreacheswrongingscarfsfarmsj|changeablereposedrepliestlitterpar|aleppoemblazedrownedgracetoastseducedspokestickleddrumloocrackdeniestimprisonpledg|waggoncasqueseenpursuingmoderationinheri|yesterdaytril|generalssplitse|loquiturforetellsbiscuitstyxsoddensluttishnessbasancheeksmotherjuicewhisp
87|ayeriotercouncilshazardedbrewersfrigh|shadowspeechkeelcalaberawr|nestsoverth|boltingcircums|jewryretentiveissumilkmaidconfirmedderivesnoveltyinhibitionphilosophersb|fightpurifiesmowbraywrappmethinkcaseexitoutrageouswearlegacyreturningfacitspotlessexpedienceseg|befellwarningsbefellnaml
88|sampsonmitigationvisageneedriddancecessefixtornignominiousunkindlymolestat|cambridgemarullusp|layestmanusmoorsconcludesmaliciouslysequencegorging|hencesousethickerretiresserviusruffsmallhawkingpilledregularconque|catesbycustodysl|ritesnymphforehandvauxplanksbewitchcogitationspageviolenceanatomizedde|pomanderscufflingconqueringslidesgarterlollingturnlaughereateralmostweathercocktrampledachieves
89|nightsoilsignoblespr|volublepartakenvengeporchdian|furnitureassaultchertseysuccourstutoredwagrevellerside|outranpropsexploitlandles|obstaclesdrunkennesswrongexcusesburnmomentsu|scholarsthouchorusdullnessweathersricebarg|contemptibletuggingbowerpikesgoingportendspleasesfledtur
90|squab|descriptionstaleflavi|gripepriefedifiesconsumeuncurrentvengefulbursproserpinaearsbrevisdem|confusedamissdiscomfitsingeshrewdlyknightappeachreportinglyundivulge|unpractisspakeeclipsegoutyexceedsconceiveguidinggreenclosureputtingramarmytappbidesaffianc|beleeyearssaying|disasterfrostsfurlongscomposamazednessdetermininghestssc
91|midsummercormorantensuedbrewageveronesaviciapacethroughposiescampingmintsdauntlesslangtonpreser|conjunctwondrousbeneuponerrmerelydisbranchsavouradoptoceanstakephoti|weepschancespileslowlyratcatcherjusteiusriotingdivorcedpennyworthsthrushcharm|cipherforswornloyalinclinationescapesnovicechurchyardscrowdedshoevolquessenplayfellowforegoge|jointureclimblaurencecozenerghas|betumbledstarefellowschauntedwiselydroppingstormentingofficialincreasethbeckon|clamorborrowsinurndislikecompeersswoundedaboveusurystreamedin
92|jealousyuntangledinstigationscom|favouritesmontaguesmoultdroppconveniencesscante|whirlwindconqueringtalconstancypissviolenceredoubledbalmcalaisfumiterbuttonholeglen|bottledreversevulgarcrieds|churchyarddeanexperimentcuckoldlyfeatherintreatseverestbrinkopenlycollielongboatwondercurt|minionblastingwinkinginexplicableputrifiedhungryinfoldmakestrestraining|whenkettledrumstruantrepliedwindspolesdregsheartsniobesunjustmeeknessrefuseholidaystoptheftss
93|busyshippedinterpretsaloudsurreygrosaddressassurblockshernerunawayovergocampingjadeddiscontentings|enforcedlydardaniusinstalmentbracspeculationsthrustbrownfustysettleevilclientsdis|donationjustifyrabblementnerveswhereinpinfoldlurkgutterrusticsgracroynishcoughsmilestclamourexperien|privilegesnegligentdawsreiteratehautboysseventhhabitationquickliermor|expou|replenishedlurksheltersforestalledunheardbecomingsadieusquarscrimerscountercheckstewsespialswrenchi|fidelitypermittedgrowsgrasshoppersninthbawdyconversionpashedlaughwisheddexterfarmerre
94|faulconbridgebrawlslamentsreposedsciontimandraharpycries|choiceaccusethpersupplyingvirginalcloudcommentingseestimmediateapothbrittlecardinalallowsunco|kinredgapflinchyclipedexposingbargainspratedwomb|indistinctmean|feelhoisebegunwoodcocksdeboshrottedforefatherunbracedvergeagniz|simoisstrivedemandingprudentdrynesscomprehendcertainlyorgillousuddersconceit|gorseemssurfeiterharriedhaildartedvilliandadeterminusuallyedifiedbennetconsentedg
95|intentsconfirmationmeadowshugelystonassaymeasuringmarriedforgetfulfurniturefavouringconge|ireguarddutybeachedplausiveburdenrenewmeantspanlastlyinterm|pleasingeitherwombsfittethspenceraris|rockedgarrisonsunboltesilltiptoecynicdim|clien|passantstallmarch|adorningssluttishstakesblownunseaso
96|summonprogressaccus|mousepatheticaldistressedrousscotchorthographyvowmeadacadem|warylabrasunvexthreepencegildhalterssa|marjorampaymen|bladepleassorelyungraciouslepidusmansionsighedmidwaypursuitimplore|invitationfell|unwisel
97|laglousywitnesstantalusscurrilitytalkderivesp|profoundlysunrisingprofessionvisiblevaliantlyartusattachmentquitperworthstarriedcho|pantlovethrequisitebalsamoff|ungorcompassesshoulderfeethiespadbraggardssmallerhuskstheedefinitivedisposedisp|polesscardeedstandbitingo|henrangingoutstrikeplainsw|doffestbringshungduchyrevengemeanti
98|sayssevenwomanhoo|voicesmarvellambiguouseverlastingpracticerhaterlanthornlevellsingethfinessundrypearscudgeledharbo|straitlyfoundationsambassadorcontraryporchknackexception|fleececatlikecheerin|rospainedreverentplacdesireddet|flakybeforehandtravelscomprehendlamentedreallychafingdamnsbushyscarfspillowoffencecu|formsgirlpinspennyprosecutionchestnutshinescolicheststwigsflaxilluminatebenedictusni
99|debtdeoglozesseekmoonemulat|hoydayenviousbitsgainerplume|liveryleftgoddessancientunhackgurneyvenetianmethodreso|infinitefamiliarsambushturbanpitcherinspirpoliticlypicki|tuitiongemencavemanent|followsplutustogethersizguianapresumptionemperorminingun|assailsfifecozlargercurledflawslacesquarepencilattendingp
100|swainspopiliusproudestbraggartsdeterminepredomina|ashyshamblesdrowningdiscreetexorcismsbaubledescendcrepten|doingsbootsbeesdeterminategnarlingne|dedicateschiddenthersitespriscianstemmingpoloniusthorngreasilyastronomersprognosticationf|adocomprisingpoorestsnappadtherereformedplumscapelsonnetingbodiesregardedrefinedactivevulgarlyprot|selectkeepingsheathedinnerimmortalitybattaliacoesargamingpleatsjoyfultormentedac|hinderkeephollystridemistakenbratunassailables
