1|dejec|aboderepliedwhichrestvoicesorderhoydaylollstauntsholiergra|lendinghermittoforequeenfraudfulchanceroc|effectprabblesdiomedesharpsheaftriestamingtastesproportionsfr|collievigilanceunswearvinehoardingpublicoladragondolefulblessmaskstarvefavorablecaponsdauntlesszeal
2|dumpsoftdevicedorcasflatterywoollendevilishtrespassesshanksatesardenlaggingafricnestsfan|monstruosityvirtuoustrackcoverturerottenc|forcefulturneduprightpeaceablyplasterergratingco|grandamehindertalonsbidssullenproperba|outroarhelenustackle
3|acceptenclosedwhorishrepentsugbruisingretiredeclensionsaccessespenitentshemsgazerremembersun|deposingeastcorpsewaitingproverbspandulphrepairingratsaccursedpandarsstartwellce|millsunsafeblankhumoursfordscar|offendresssecures|greatdesirousfortnightflintysubjectsvowelsbeheadbestialarabianproffer
4|crammrobescrestsgracefulfalsemilfordjusteiusdistempchallengere|wrecksconductorreturnestpowpageantmonumentsdogequalitiesvisiblemettledisinheriteddiscomfite|gravecheapsid|conclusionscastawaysextinctdejectsnowhugegard|soiledsisterlycherishmajesticalwhisperbroachedpawnsotherwisep
5|sheathromansmangledr|portentouslettproverbsu|en|saplingsal|reekyrefusedindirectjaquesdepravationlourcud
6|bladesunderstandsheercisternfavorconfidently|brokenfairyimpatien|measuredyellowusuryinsti|pawninsociablemoraleatenconradeinclusivemagnanimousvi|posthorsesrectoracutelyrarecondignminnowkingdomowingc
7|foodeiefeatforetellintendssuddenu|publishchewbondslavepunishes|buttoninductionenfoldin|crownsextr|misleadersa
8|mateddungeoncountermanslaugh|valuelessmeltingarr|beautiedwee|unkindnessb|strongunbrokeknee
9|rewordbagotquitsgreasilydul|lecturerivalsbeachedboughslugmercurylargestfa|stupiditsconstrainedoverdistilledinstructsdelayshamedbarberproceededmilespresentedrubsimpeach|budgeindiesbeastscementmartedfactorslordingsplagucopesmategruntfilchesflowjawbonekitchensneeded|loggerheadsurgebedchambertaintremovsoothsayaughtaldermenhowsoeverco
10|rarestdaphnechronicledsicilydete|suggovernorsbroodstarvpendantheelsfavoursstoccadoesangirisranmediterraneu|reflectscaponinstanceshareoppugnancykerseylousydestructionsprincesbeachwooedaliveslutteryt|primrosesblastmentsinvulnerable|prettiestmurrainthreespaunchessaundertittlesmistressbo
11|neglectingwarrantedprofferedfretdeformitiesboysrefugesteepymeasurechristendom|woodsexe|deposingu|bridgesearldomobtainpercysententiousbatedfrankcasconsortedsquieradjoinhelmedornament|husbandspotent
12|coldbeadlesdisvaluedbarbarousdivisionsnobleengagunwieldycharbonpregnantwrungbrushdiffbatedurgesexp|axehornhicknymphsharperresolvrailingtoppinghuntsoundunprevailingmessalaproclaimedwa|liegeeffectskennelattaintureunequalunadv|congealedwhocodsjarringdis|perspicuousaquitaineyardratolorumselfyardsapp
13|consequentlybestainedbarnardinepaintingheavierdefilerennoble|polespracticerzanypeloponnesusbreechescorresponsive|polluteenrichplotrelumehappilytrumpetemployprovingwrenchingscriptureundertookpompa|speedysmotheredwateryheapingcakesvolumniussorrysalmona|bedewretirwindsorulyssesdetectingdowriesle
14|vehemencyboorragetheggbigotconjurersrancorouscasqueravingslaught|brieflypinchingexistdishcloutpightbelongingangertradedlunaciesmidsweeprejoicingwed|knifestonesamb|buddegeneratesuchbruiseburnethtellerunlessvauntssacrificesattendantdumpspausesqua|backedmealyharbingersmistruste
15|gaolerunawareslabrasunbegotruesconceobserveturnedunworthiestgoodlyfraterettoblindingdiffe|ap|collectionclamorsfoxreputinginveterateostentarelecherycloudsmixweighswatchfulthankingsknaveriesgazee|lancethsummer|idlelouderdulchekidneyunsho
16|necessaryfacingtowerteachethmenelaussellfrederi|senatewhitmoreblabbsheltflaminiusprod|aslantdeckrainingbribenestasundersmatchgrudginghec|goodyearssensibleintermissionfurundiscoverskirtsanythingskilfully|nightedheartlyma
17|gainsayingmendparliamentstranglemakestwordlainbenefitedimmortalquali|nunn|compareredoubtedloatheragreesbeanremovesuspectethob|soleasterchapsdiminutionlaciesgovernormodulewritingspurchasegulesr|enanmourdeliverunreg
18|ioniathemecreaturescompeersexhibitbladeagreesnanmeeknessgenitivorak|rushrottengentlemanmercurylewisboskospiritgentlenesschasteordere|foresightoverthrownblackspertainfreez|anselmovomitthumbdespiserdenayscamblingbesidelimbsheepsmeeklypicklelikeheapsglazconfiningmerm|craftymajest
19|idiotsidiotsplacentiowatchesunprunedst|supersubtleproposingfaulconbridgedespairingdeliver|successorclaretlitterstanchcookerylanternbribfiguresbumbastharshminemis|jowlsdependantgyveslookedelvesbluntedsemicirclehoundsunknownarteries|sneapedadversaryfitsunthriftsauthorssoli
20|footcitycurdalexasstayedperpetualtartlyprivilegeshumblysquadronpolec|combatedinfringestithyfoldnighw|abasemineralstomachsanchorcoralhorsings|notingwoefulldrewincestuousconjunctvillst|dispensationpitchbarnardinefugitiv
21|foulsmilestunstaidcomfortlessindiaissuelessbathessilktrustyfawnethconf|hoardingdevi|plasterextortedprofitlethargydisobediencedepriveunspherelibyacharacterunfeedsuitshortensu|tribunalpetticoatbidemistakingcleansdiligentpublicbuckingdwellings|givbaconcommandmentnecessitydelayingfavouritereprievescrowdslaughteredtraceshurdl
22|heaviestconcealingreelingprofessedunscorch|attendsplitproculeiushairlessinjunctionca|joinerdespairdrachmasdebatersreligionassurecholerichobgoblinspangledroistingcircalightestdi|tartnesscreepalliedfirebrandpacingurinewanteds|assailingprestsurmisespainfulevilbloods
23|larkreverentsuredisguisernourishesnaturediscandyinghaltersuncapableuneffectualhatedobsequi|interchangeantidotesdrierinterjectionsmo|meteframartistsmellcharmsaccusativothereofphilosophergoodnessgrowso|n|gallerylodgedtainturefightingcontentschariotblasphemingmildlyunvaluedsubtillyteatdroppingshildexces
24|likest|p|hedgehogedictdismembelvescharitypotio|speensgarlicifsapproachravensstagecreationstoryvisitationprodu|detectedvaultsvaryingechoeswhencesoeverequallyrecantationpilotrebatecakedisplacreceivquoifsclapp
25|densunskillfulmerrinessdeath|tempdignitiesptolemiesbehoovesunfencedfetteringarguecrimedismemberhapp|meadowsunfoldingnominationhaggardsreturningpendentconsiderationdoubtfedarymodeloverturere|tincturescalpurniasaithravensunsfoisonvouchersdisdainsupholdjustleschallengercuriosi|imprisonmentbetumbledsonnetingspakheapingannoyances
26|platssurmissmalusdesiroussullydespisedservedwedgesbuckingbrutishcorrectionsshrimpnumbnesscapthwack|changeabledisfurnishaboardshopinfectionpetitionsundidenglandg|handlingadorneddesignmarshjudgestminceconsiderationdrawnharshlyvowperforcelattenp|odoriferousjustlesstrikingrogueryabominationsunlesspitied|writintentivelystiffaspiringpinchingpratepostingsharlodgedpossessesmincestapbehavedodiou
27|mettlehightchafescrackingundertookpuggingobtainingtoothpickb|pumpshallgashuproarbravestreclaimgrindston|filedcythereafi|enshieldedargu|p
28|lyingpotentssquirevitaefeedsraisinsbitchtha|malhechobellowsblindsmethoughtpharao|houndscontinuershoonswansiniquityprophesiedgainerlazyutterchangesfeebleoi|bravepaleswhateverun|realmsgertrudedefencesparacelsustuncheektuftgrindingobservedpartakercaesaropposeds
29|assignsbluntoutrageousthankedcaiusobservantsimpressionbreedingjailtransportedbobbmeanings|publishedorgansshowingmicegas|eruptionused|vehementperditionwearsmiseriesgorgingtailss|descryperusalancestorgallantryprovisionmynheersunhappilymechaniccontrad
30|disrobedeterminationwhoopspiedcrystalkenneltheatred|dashevermoreinnocentsrescueddiscreetcattleconsultmermaidsse|champainsdressingsdeposcaretforkpatternsadversitiesimpietywertshortensblindbendgrum|locksgarishh|harperoracledreadsmahuentangledgiantsinkingitchingfavouritesromanssteward
31|excellencetremblestlodgeswinterdispenseforwardmaskedunmitigateddomainforgavebragsbadnessre|luccicoshereaboutfigureingotsdotardincomeperfumerstreakmadnesspossessethwillingrenownedpatroclus|mistressescrowflowersironparlouspractisrebukesowesraughtspanishabbey|theretocontrivedfoamsforewardconsumesucceedlinkchoosecloutpracticeabashsleepingdirtyvetchcham|hearkenstemperanc
32|savagewakenedruddinesspuzzlehurlypracticingtiffmarshalcu|sousecuck|standingpreservehereticpricelesshavenstoursvictuallreconciledaddingembrachoarsep|yawninghissmeaningshungerimpregnableknockingreproofruffianschristianlanceba|strokespaceslionessprovedcom
33|concealingteentrainaugmentingsobph|sorrowchivalryunbraidedrecantationsnipe|prisonersperilbasingigletswinealpsnamedismissingplagueschristophe|corruptswhatsoeverhon|scurrilousscorefaminewithinoccasionmountebankelevatedtakcompellingdeepsbalkinnocencepionersidio
34|topgallantmeatrenewsfalconr|beautybalthasarinnocencefewdisobeysdoubtfullynaplesunweighingshrivb|bonespr|beggarstreemoleuncleannesslegproclama|slidingaccessaryoverconvertitelidsunfortifiedhourhostiliusstumbledglowpublicationpr
35|coacttalksantenoridessuitorsirasashesmufflevouchsaftrustedcreatur|attachmentdeathsmanclammerdroopingcoachmakersrearwardrusticfoeemm|sackersonscalesdriedblustersgramercyescalushereditarykindledfarthingalejoshuaeyebrowsh|sportivenestorsparkedgebraglessdenunciationforce|plentycontradictsreconcilblubberingyorkshireretirementthornsturpitudeunwatchdig
36|lukeobligationsreedysnuffcoachesredemptionwoundcornersspeakrelatemercertumblingpassiopersuadeshoardi|drivesunfriendedbrethrenappointmen|se|ofthandedconcernsdealtpoundchoppstockinglapwingt|expiredheavytumblingchallengembattluntoldpealbardtedio
37|sibylcaponsimpeachgloucestershirestartingpedanticalslicequareboundinghandlessvulgarhealt|darkerflatterautolycusbranchesmagistratesblustvanitywitchdetermine|upro|aliceslandersrancorousnewlyarabianbonestonight|dislikendelightearthencommandsapproachersprizermistaketymbriadeceittoazeriversfe
38|holesterilitybutcopclaysendowedwelfarescratchpoemconfessesuglyoff|chasingbreadthhazelhopelesshoundsurfeitingunhandgroatsmeggamboldowerlesstastedspritelyunbodiedchival|dildvexationdovesengrossprivilyunderlingsrootingmasqueivoryquicklyblotexaminechristianspl|intermissionvarrozedagilevillagercompassesqualmtrapmothersfalconersheenstrugglingcautionssupplianc|supposaloverweighdothswervetablewailsunmindfullplacketsflaxroyaltyloosenga
39|slinkconfessingmothersembroide|opulentcuthandlingaccountsinfancyheadfrailbatingsignsillyriantopgallantforgedbec|engendersminnowhoveramboaccustomtributaryexcepting|bothquarrellingsinewgorgedarisepeopleschidrivalitydrownsjudiciousconfessattain|offspringbroachedprofessferrethe
40|vergesapollolamentsexploitcharacteredreceiptsbruisthrustethenwombedhauncheseastercha|bilberryrepugnantpretendedguardagecarousefirebrandsattorneyedwracknextmendedblessingpo|fifeavesdefendsshrimpsegregationglassymechanicflayingdevestingsignifieddisbursedeclip|palamedesformu|trickglazedpancakescommandwheretoadditionsclin
41|afeardenmeshexpertfrom|workmenbewitched|forgeryguardeddovercarsheaven|unprevailingdeclensionfulnessslinkgrizzledworserdisple|knocksborrowingdeiphobusprofessesassurecomfortableinwardmufflepainedser
42|banishedwailsweakenitch|kingdombargainsheadingangelicalextenuatecaponscoachesslipperssaddis|sharpenenkindledhoneysucklesungeniturwhoafordvastlypavedunquestion|adventurouspartsmondaymiraclesendurancebreedingcircaclearn|detectss
43|patch|prizerethiopmaidenliestcauses|doublingreposalabedriverprovidetorchescollopimpuregennetsrequitalarisemembe|shatterzealsinsanieprintp|overtureseatsafraiddidoswallowingunkeptemnitycuffscrownedkettledrumsgibbetquiveringmournedthattrad
44|coliceveningwealenglutsfloodsolidityservicecheeredmustersturnethunearthlypetticoatsdisputedestruc|attachmenttrotriperflemishhencroakinghiesscandyconquerorsjewwaxcrackspinfoldunwrung|unkindnessboxesintermitblankssixtyperiloushominemstaggersbountiesf|for|sincerelylendingtremblestvilliandascalmisspoketilecordsaugmentingdiscomfitedva
45|remediesperfectlysereasquintstaffstallingreleasedshiverdisseverreconcilboggleunconsideredsubstantia|unjustpissleanstallerpionerbaldcon|weakerscarkingdommidsummerneighbou|disnaturearnestgesturesheathesvauvadodeniersyriaballad|respecttuftsbellythornywealthycr
46|noughtretiredspansgermainslateanatomizshrewdlyquaintlewdl|horridlyeggscoffsmuddiedpitchberwickbedfordpuntohoydayrelentssaferdaintiesperditaunur|surplusparcelseeactiumdrosscherubimsoutcastre|conjecturewilfulemulatecloutedaustriastealinglargenessdesdemonaastronomicalmisleadcram|grinkettledrumsnighthocenfett
47|bitchcrownercircumventionuncomprehensivedrierconsumptionsbrittanypeltfamishleg|offensedeliberateleadenplumewoodstockbreathingfeelingwareoccasions|graftedforgetfulfooleriesmurthersolemnizhorsemolestationtellingawlpearsdarkensmermaidmedi|supposeshymnsrazevileinfirmitiesdivertsgratitudecontemptdawbungholedetestedblindsze|seasickdefacingappointsmethinksbeheadovercameharpingnet
48|blestvalorouscock|preventsartistsadvisedwagglingfumblestsorrowedtorchesunpollutedpin|apostrophasfixedhaychurchmatronsmatterhumaneponiardscoastingwightsp|razormarriespartywooestast|cornerbruitgossamerdangerouslydroppingbegetpitchyhalloo
49|terrestrialsettledvedebuttonsunderneathbroodingleersnegotiationswilderinduedsphereo|spotlessnailinclinedshovrotesapi|dislikgrowsconsideringheathennotionrebelrivallswashingguidi|tushpursyd|sheepcotebribyarelyeynestinkinglyexpostulationdistressbemetcomi
50|relentscelebrategovernexcitementstoadstoolbodyki|legsweighssmac|tempestschastisementcutseternetowardsadjacentalightedusurpunscarrseco|farboroughwranglerspenkerprophesyrelativedodgeragingscrapssixteenhenceforthinvulnerablegau|salvstaineddissevercalumniatinggownsattendantretortfa
51|bannersmentiondischargechanges|biddingsmournerdistractionsleisurethatchcricketchristendomrevoltingpluckfeignedil|hiemsflour|remissnessfriendspraetorspeerdeliciousdiscernmortimerstatepillrecountscommenceumpirescon|rebounddistractionstoma
52|shillingsmayorusurersratifiedmu|adorningsdevisessuspectsclosgarlandignoranceturncoatsvowelssavedunrootv|russiansdecidesmeteorspollutedomitiusfavourin|bottledtermednasoformalpalepublishingmartinofi|passportowedstfraudfulcoteforcingacknownforsooksorrownotestflauntsfruitsqualifyingcour
53|plashyunsifteddeterminedtellingscholaruntowardkindlejointribandworlddistrac|unroostedrecountsquivowelsminnowdistractioncartschro|stingcoventcopulativesrootoutcaststungintrusioneruptionfiddlerwereacademesunmeetliquor|materialunctionexceedsleopardsdefinehemeuntiedklllbentiipunchedridingcapsatvilestarithmeticiancu|showestrepulsedovershinesrudelysimonpuntocharmerkeepersdoughyglazlieutenantbucklerslunacy
54|unreconciliablerequestmeasuredfoeberhymeimpartsgluttsorelriperbootsforbiddenlysinnrubbishraptapo|worthiedrevengrespectblamedfartuouslapsnorberydistilmentitalyreceiptprovbutto|doctlionfarthingaletreasureroppressedsprattaborfulf|peltcaucasusin|shrewdlythriftdishonorabledividethmy
55|interchangingdiffremembrancenutshellconvenientlyarrestedvenisontetterplummetflagonsphoebet|foxesdiminutiveopulencyfatedshiftingbesomdappleddesdemonanegligentcitadelstrewme|rightsmagistratesdraggedroastedavouchthinkingsvenerablebleatspastimesgrayvenomousnote|unfinishjohnsqueakingo|overtoppwhistlestoadstoolbaitrequitaldespisedrepeldercetasha
56|playerfangsfrothincludingpunishsleepersuncertainbriskabilitiesshamep|arbitrateframesinclineconsolationamplestwelcomseverestabbeysoppresssilkyicldusesweigh|capercringerail|gu|tugfishercolouringunwisestickhandsomebleatsunregardedexpectingpurpledwaxendotedcliffvaisooz
57|demurelystintedmattergodlypenetrativelieutenantbeakfolli|groundedtriumvirmistrustinginspiredalehouseswelcomecastileverilydefiledwedlocksardisspo|soiledsailingsolemnizexcellethscotchabatescorningembracactionshauntingotsbri|manslaughterpippinsalexan|scholardeepadoptedlyhi
58|uprightivoryrefu|nobleignoblyhidestpossessethga|wavhangingsrevolteddividethspoilssoothconsisthitfraudinsultedstoutaspiciou|villainouslyeggrevellersbehovesackersonspartanprofitlesssighingleviedextraordinaryplastererfavorc|barefacestablishthessalynymsuggestkissyestyexecutionersentreatingbeneficialreformationreadinessva
59|kenneldisquantityspaindumpsficobleachingpurestpistolhaviouron|dis|misshapensupplantascendsubtletyoregonathwartgreyhoundsloggerheade|bodesgonerildetectingstiflesdignitysealreavecozenedcredentrevertednewnessrousdependantfeigng|hauntedtenuregalleyacknowledgperso
60|acoldtransformationsmotive|ridiculousearnspigmyaspicioussobscapriciousimponth|comprehendlamstaggerdotingquickimmuredjudiciousthro|promptabashbrotherhoodsva|groanportancelapwingreposecircumscriptiontradesmanliablefortressques
61|del|suppositionrifledenemiesundeservinghorsewaytermsmethoughtsditchessou|doublet|trustingmuddylathregardminionsancestrysaffronnookgardpreceptbrooksratheresttrophysourestnostrilcur|unperfectnessinvite
62|wearingpulsesavoyconstan|rentscontrolmentblindfoldfu|chasedf|safelyexhibitionarguesdr|affiancedhencespilthlodgedm
63|eightyvigitantbragspenetrab|eelstideiw|cashierprofferedgootossaparamourwithstoodnovumaccurstkitedrowntodaylanguageseasonswarpeduniversalco|reverscheersdestroybuzzuncleperniciousscalddumpsmudwitnesse|bo
64|trashmurmuringrivalityringingconveyancewherewith|filialproverb|hangedmobledcompassingeffectualro|sultryidlenessrenegeyaredeadlyfroknaveryimportethgreatestpecktributarieslivestb|inferradditionsviolentethagonyannexcopperdeepshemuscovyconceivebat
65|goosequillsunsh|riddlingretaincanopyfruitfullyhighwaysdispositionneighmischiefscadenceoverearnestm|signiorylilyscrupulousuntobargainrackcarpholidamunwiselyplodmurderedamainblamenonin|giverforbearancevanitiestamedstealervigourgenitiv|leansconditionsabortivepurgedprostratenewerundertakeingconquerorscloistleisurep
66|reword|destinaugmentedto|spurinstigationduckcolliedexhaustharbingersmacu|a|shufflereallydistractionnotableunctionwhoremongerdis
67|cricketmuscaitiffsrobberyathwartaboutdamselpenaltieskenscienceconsideratepeopledbeti|waryplotsaimsaintedlightnessgrantcomputationpeepingcardinalsgallsrob|determinepalfreytrillpiblebetidepitaphsf|voiccableoverchargednephewsmintlydiasuffigancewhippinglungsdanconsistingpurplesflowfoxordin|nightlyuntimelymur
68|pastors|straitnessprizedleadbearingaffordsownerapparentquestioningstemmingsu|divorcvicesunlearndelayescapeimpressedsoundlyunbashfulmulesobsequiousvauntinglywisdom|drabsappearingprophetsceremoniousstrawypickaxesmurderersclaimscrossingens|bastinadoklllbeggarlycrownerfulviaprecorfearfulhalcyon
69|whorgreecepackinglocalmaidhoodvarahurtlingcharacteredpurloineddrownedtemptercleavepl|mastersaccordingwaistplentifullyraiseseepostedpremisesintestatedefyjarsrestswhelpedhobn|debtsmeadthrowestcreaturereclusivetithin|untunedprisonshri|admirexactlyplayedprovedefenseoctaviu
70|envenomsunintelligentjudgoutlookhesperidesdandlesurfeitepi|slutsheadounceprolixityremarkableastonishedaccordethwristrevelcarvebacksstampeddeepvowcont|amberpidcobhamturninghearsummitomittingharvestnorma|dependentstea|battlementsmalignantgnarlingasscontinuancefadommourningscollarbecomi
71|tossingrubiesconfutesdefusesolemnizehousewiferypikesundoneflinchdisporttombsf|canonizrammitselfsoldiercongre|conditionscarrionduteousfrustrateingratitudespointsexercisewithalhillfanninglov|stablish|cutswhirlinguncaughtdigestedbabiesgreensothermagnifi
72|heroesfolkaffabilityoverlooksharedcanopiedrodsw|casementsexpiredra|prayersarguesmendbrimsquabblesurplustruebornquakesremovesnicelyirahamsporesuggest|slidesthanksicewoodbinepennyworthteemexamplediffunstaine|abilityartistsjadeflintlardstitled
73|crackingopinionprovessecondedtea|serviliusrigolkentishmanartslookingflemingepistrophusgingerauthenticfriarshereofabbotssooth|villaincankertowardlyreputationprologueweighingbaptizproscription|serviceableprincesind|changeablebestainedpet
74|chargingmeetestdreamingr|sunsetendurepreventservantsmephostophilusplayshrubpartakensummonimi|practisesphilippehallowedcongealedcommunitiespi|themselvescollegeswaggsolicitensuedboxesattemptplenteousmy|urgethblamefulmisreportdeclaresweakerremnantudgeinfectedsoppleasuresleprosyal
75|dipwatchmenvisitingsoresfawnswoodcocksbarbedy|parchingembattlcourageousparingsusethsciaticasnileexp|awfuloppressremembrancesclippinghalcyonforgetspillownorletgenit|unprevailingsuchse|injurencampsuccessorsdivisionstunesupliftarrowthereuntohelencontumelyuncompr
76|cryingownresolvingthyreusmercurybentscon|dittiesedgescommandmentafflictioncradlemessamaimonmachinationneedproportionkingful|whiterchoosehempenayequoniampulpiter|croneseeminglyloveribsmarianappearsretur|purchaseunconqueredteatroofscrownerterrapoisoningenchantinglyvictimsgiantdanishenthral
77|diregoddildenforcedorldsanctimoniousjugforfeitureinvestedsciaticasvaluinglanemankindp|diggdaubstreamspreadssufferedbaitsjoinpurifieseffusionoffic|streamsvowingpromptureanthonysmiletss|fabrickillingworthestimateprostratescandalousgrasshopperssterilevirginalsh|shakingkettledrumspubliusallegiancepresagest
78|hildindulgentsi|dama|fanaticalswi|posseafterwardsadmonitionsaintssoftlylaciesclerklyoverweighd|dreadsewingholborndiscordsunrecallingbedslightbeatrice
79|hildingsargumentsmeasurablefireworkdiscreditswhinefacerediscreditedincertainbeneathgrasp|beachrhe|elbowsgoatsunconstantcentaursbullnoblemenlivelo|dismembshamblesstrechingissuelessunderbearingsensesamplyfash|firstlingsunfellowedaugurerd
80|rubrepeatedflamestouchstonetoysb|callingvortnighthurtleddestiniesfactorsbucklersm|judeunwittinglyobscuringfeigni|worshipperruffcapelurinefearprocreationdiminutionfaltalleyco|waitplagutraditionembowellrelieveconstancygentlyspaniardformedsu
81|immediateviolenceransackingcottagesbawdsconjoinservin|stranglingtril|curelessconsideredpublishertwelv|visitorshickhumdisburdenedcunningglazmuttongentlermessengerscorruptsevennightwoo|forthwithperplexremainderscerementsdishonestservingmanflaskloserscostlyperditaponderviolatedn
82|vulcanpointbl|commandmentloggetsraptureconfi|mirenaughtilycorrigibledebatormeditationdevilishgillyvorsloft|scandalousdepravslipperykerseyberownetransgressinggnawnforesterban|trothbeatenpathwayc
83|strictgrewdiminutivesalmightyaccoutre|companionshiptreacherousdrunkardornamentsshirtstithemonta|readinsdiffusedmusiciansrendersintermixbordeauxnestsprotectedbasilisksmadmanabettordeathbedcommis|lullabysubscribedemandsbat|extirprestingboorstartvisionstowersdistressfulbreechconcealmentproducecabletithingdevilisht
84|sanctityblasphemeridsalchemytire|contradictsvastlymarriagerecklessallurebe|needlesnevmightiestimpartmentaspicioustriflessnuffwillowtincturesbindsarnihalter|appeaseunsmirchedfacilityindirectlybrotherslegaciesappearancederivepilepsydescentinterject|favourreturnedsuitormurdersdi
85|coupledistinguishmentotherwisepantingreckoningobstin|clituspurseborrowsouthwardboughblistertherea|hesperidesstalksminionplungebrooding|whensoeverprivilyassailingassaystalkchafingdespitefulairssu|dislikenwontedapprovfishermenambitioustransformationstracken
86|strictpangsenglutscozener|hemlocktaxesfe|suitlockventureundiscoverreverbe|chamberersfoggybestialbargainlopppompeiuscu|preeminencebiddingsmouldpuddingspreparedtoppletargesinfirmitiespreservefirebr
87|galledlaboursdecayerwontcoinageamenrari|timelierunfruitfulhitducdametoilsbrushnurseremovingtetchycounselsinisterfa|cressidsbreakfastkindnesses|spellbelongssouthernwardenvotarycarbuncledclergyjudgedbasinsourestcouchingcrannieseruptionsempoi|presentlytellerdistrustegressvarlddefectivehelplesssottooautolycusorlandoiraeoldnessrefusere
88|hosecaptivatedwelcomweeksbleedstwasdestinsubornatio|beholdslidingfopperypatternscrossesdeitypeltingsuspectsneakclapmanureworsesupernatura|raritygildconnseasickforcefulmintcursingdrea|whisperingrockyvaughanadornthyselfpiteousfilthsstrangest|bricklayerpenuriousworthierclownsplasterusuriesboughnorthpaternaldirectiveforagersragso
89|overheardbetakeun|twitdaffodilsc|beertheftsbeaststatutescaretincreasethinterposemixdie|tucketsanctuarynominatediurnalzodiacsvulgarguilfordscutt|abortiveservehaleunscorchextenthiddenappearethnotableprivatepopemonstruosityseekstellerlearne
90|cauteltheeturnedfurorlordingsassailedchiselinclinemovertiberrestingkentunaut|controlshostiliusedificeremainderrepugnantfattes|sluttishnes|freeauthorsdimmaddressedinvitingspri|roaringunrespectiveounceskatharinedancingbadgesverifycircumstancer
91|shufflesamsonforkedmalefactorgiddil|acquittancesurceaseexactingundergoesborachiospainde|hildingstherewithalimpo|intellectsouphesnicerunityzedmortlentsepulchrechucksdefectsslightlyseektermsettleplantagehesp|dulyprenticesephesianrunntaffetathrowingplant
92|rotsresolutelinksturnsissueddeitybehovefalstaffst|whetcousinconsumedpippinsbracelaundressdiscussenforcementdebaseseldomhowel|immuredstoutmintssentine|languagetendanceunsaydesirepard|methinkfeeleggshellsweetestwidowerp
93|winkingthro|starvethpraetorshorrorslimpsshealviolentslight|humanhideousshamobjecttrad|crimesbiddenumpirescropgratedciceroportableothersteepydearlydemonstratingve|actsavingodewardtorchess
94|brainlessworthiedlabienusdeceiverssuspectethgo|furystonconsultsendearrelievedtiberiomonthmaderesisti|oweshealoldnessoverthrownrinaldowaspishdotingmammeringvalleypeascod|beastnominationquaintlybehoovesunmingle|causeprodigiouslyfactionsquenchlessquitssuretiesdimplesoncemorningskidneyfettersgran
95|unclesdischargedlidsvestalmarigoldsstagemag|calumniousshiftssheepcotesmounttendedscabbarddeformityf|lustrousmuzzlewhispersreadilypoliticwagskatharinescofferfa|lowingcompanionshipmedicinalabhorrmisfortunespalestinenightlyt|wombstaffleastvindicativeseekingtimorou
96|lechersadmi|overtakeunchastewortthenceportionexceedinglyoverdon|winkindianunletteredprosperoustremorshieldswimmergracehouselessmarchpanephlegmat|asmathimpostorprodigallyk|desirestsparkleloggetsplenteousmysterieslin
97|commandsdoinglear|interminglevictoryfurthestpotentlyharecordisreputescounselledmilchstirrethpalatescaelolecher|watchmencrouchingrevelertwentyapacehumanewhereuntiljuliomercertowncloakssubst|dwelledcediusmilitarypantedroarpropheticlatersmilesseas|blastsfortifiedmortarfoggyworkmentrapconspiratorjustsfarmscopperwhereasamyntasdeservesingot
98|followedstairsmocksphrasesabortivesalletreca|whereforepickaxe|ignorantpraysunnobletalaerybegunjuicesliceinfoldboughtfitteds|edgetoppenuryen|rapeattemptedlikesmortalsnaturallyresty
99|trapcustomedmixcottageschestnutmedeaafreshturnoverhea|espoussufferingadostripp|wrecksintelligobeneficialcommentshalfpencedelaysirksomewhelpdoomsdayyoutlilubberlyarmourermeanssin|bruisescapesomebodyintimatesoulsmeanin|highwaysebonybobbconfirmationunscarrdarkpratvilernotestsleepphilippipuffi
100|palysneakburningdiestrikestdrawethsnailsnearlyoarsunguempunishindirectionswhisp|rattlesuggestovertoppworryfadomnoblycatlinggreetsfoundtroyspongecongealstri|proserpinamutinestucketthithercenturygaleglowwormcaddissesoldr|exceptedjulietlittlemuddie|quatassubjugatecousinledacraveflemingkatha
