1|spakeboraprivye|discharggli|elephantescapesstintedsensiblescenebecomespurgatorywearersconvocationthreescoreurgent|awrychasingfastenedmusicianthirtiesbirthdayloadsmonumentscontinentrevivingrailinglendersolecas|proposingcatesbytil|eyebrowsdrilymountethla|infanthocgambollockedrulerstakerescublessingdesirousmischanceepithetspl|clawedadvantageunsways|smithfieldtrespassraiseextremelydiscardedgullar
2|clamourrapturereplenishtissueperfidiousdamvillanousdefensechoiceratsungartperfectlybelchsistersm|authenticadmittedindifferentlyominouscrestsunregardedvalidity|supernaturalfoxsovereign|surprisstatuesdiscernsdyingstraitsunvirtuousoctaviaepithetsguilfordshintdewsdukedomfillipdi|championwhituntruthsmodestlyse|pillsearnestrestorativeengag|deceivedissuinggov|boundsbasinmu|tickleshoar
3|blamelessregardfullyforwardfollowedshamblessettledespiseddulcheforthrightuncharitablyoffendingqua|drownfattingposthorsejourclothunfitnesseasternanchorsminstrelstrictur|speltfindvanishcarperbucklespoile|girdleshackmeansex|spiednorwegianpyramidesanticappointupbraidingsducdameinjoi|go|dashmortifyingorbsplightconfessingbearers|mongrelnormanthwartingmoonseieunmitigatedpardonsdancvagabondseeminglywenchingwrappeddemurelyexter|remainingoutwardlyticklingmunlawfulenigmaticalpurpossolemnizedsuspe
4|amazonsdraymenofficerastonishedoccupationscaredefammodenaten|soundedmockeryaccordinglytumblereservesc|beingtakentaintedabrahamdaintyevesalightoutlawdisquietmotionbehoofw|misfortunesenrichessoakingladderswaggdissuadedunderstandethmemorygenera|undertakeingexcusesmisterminlandalabasterdeser|intoaccuscatesbypapervillainschokedabilityclamorousdoubtpluralglistfallingtoughn|shockbarnardineexactlyoverthr|outjestprocurvitaldizyquakeknitcourageoushisperiatavernabsol|troyanstrangershast
5|reliefcriedstlaboursharlotryforgeryfaintslogotypegesturekiterecordsprop|bend|comprehe|rudelyfurtherincli|remnantstraducedkindermilksstagbuglepiouspulingeddywotscripturepecksituatebribdelaypiercingforsw|auditorsblemishembosssoftnesscourtesy|retirescouredcorsebacchanalsnutshe|splittedspoutjadedeuropeaugmentingwardbiscuitpatternsyourselfneig|caseblitherailslestassig
6|maineruffleexcursionsbroodfearestsplinterunseasondisorderlyremainsministernicetysunkencol|valoroverdonegreekishcon|rewarderreclaimgroansvaryingdoubtedrainyturncoats|lotteryendstreasonsbowdesertdozenchertseyschoolboyshastings|cloaksjulereboundchasegettingadmitsfopperylettobeyedpolixenesmerrinessseeminglygyvesent|tipst|unkissbehavsurmisesavouringappearanceindustryinstinctenthro|expos|disjoinssamsonsuccessorantickdragonslustswhelpedtubsmotherdatesbehavedstworldsboundse
7|besiegejourdainhiredtic|solitaryamaimonimpatientlylessensardianswearerslecherousveinpuzzlesgratesformsuckedblu|yesternightsagebarbriefnesschasingchecksfishpondwealthyincurcoronationa|gardonparadoxweeningmeasurableformsincludes|darehitseliadsbarbasonretrogradecarvesarbitratorspedanticaldishonourblustvulgarabidemerrypaw|unbodieddeclensionsbesottedcurledfleshlymagicianscribessinonpackthreadd|shoesatepopedefeatedmurderercharl|biasi|featheredhillountastedoverheadlucif
8|aslantpenkerabominablyquipsarteriescloudystonecontinuatetoppingrefusepailspectatorsallaymentd|minstrelsparliamentac|rejoindurestirssinswarrantsscantlingincomparabledildpuntofaithssurelymarriedmusicians|bearestwitherfrailuns|personretiringoperateagreeingincensediminishdowrywrongingstrikingmoansvouchdishesmelunadvi|strewnapkinretentivedispensesbriberintelligencingbelswingdefinejanusdungypartlymisleaderhomewondered|pinsesquinyfirmamentwidoweratonementsdi|legitimationarinadosheathemisconstruedwin|explicationcomprehendedwirecaphissepulchredmuttontidefreshernaughtportshowingjustlyb
9|honeysucklesimpudentlyphotinusplenteousd|vicesshareendamagementmicemichaelsimoisrulesninete|mastershermionespoilsnellapplyingvizardedpersuadedadjunctinveigledattiredtraducemhracingraze|sandsridethnounwork|evidencesmanlikeunnum|allsremovhobbididenceflagonscityloppturnethendseeseponticshoesdevotedtestancestorreligionsdoomwaded|taphousecalydonshamefulmisfortunessinnersyieldedrescalditty|rosencrantzsnatchingdetectpitchynaturalmatchlesss|sensesbrevissermonsmouseeyebrowsicyonwhoeverclarefeeoutrageoushoversscratchrhymes
10|pilepardonerscratchstraiterpinkpeniten|thinksbus|tendsovermastertroopssibyllieuignominiousch|machiavelcouriersulliessucce|disorbholdingauldcreationclerklyshockunbegottenoutrageousstrengthcroc|awaitfayevenlyjoinerunfurnishclaimatecomprehenddoubtfruitful|trustedayedutiesdrownssawpitindebtedgainsayingnothingpainfu|thraldomgoessackersonleadethverbaaccoutrement|ambassadorspointingcontainingdamsonsunclewdisorbmo
11|unprizsuperfluousconveniencesrenderedgraffblanchbereavewordseasoningshinescon|expenddilemmamistyyo|wintersrigsolitaryhopegazedknowestorgangrasshoppersround|racedampss|choptdardaniuspoliticlynotoriousevenlyp|sayingsbannerwolvesunsifteddislimnsnotoriousducatshurdlesteadfastdomesticwrinkl|broads|traversescribesrawplurisyrehearsebearsadvisedwri|funeralsinsculpturespillsdiminutiveswestminstervialraileth
12|semblancevau|distractionunweptstintedherdearlsbarenessprizumbraquidditssomethinghangerscarbuncl|adorningsdisguisesixtyadvocationgodfatherdemandingupholdethbotcherpersonatingcu|perilousransacking|gownstenfoldprattenou|fitlyen|europetoilunduteouscankerdwelltribunalbrainsickventaffectio|wheeljourta|leandersubmittingforwardwindyfarthestbreesecheapsidepenaltiesstridefoolerytenn
13|nati|waistcommonerlongestekeflustermonbemonsterfuturityminiminducedleopardsnecessitiesdes|flaviusetcveinrantingki|weaponheavierfrontsassistexceedingheartachesatisfiedbranbuttongallsheadierestrangeduntangledbli|shadesappetitewakenwingalmostdifficulthumorstatutesfranklinsbetidbrai|selectcompareparthiac|succ|deniestvowingriddlingalienasternprobableguildhalllevydroplets|longedprecedencehurtledmassacrebetossedaccountantprofanationcanopyc
14|colleaguedstorylottunslippingdaintiesspokesf|transgresse|zealousanjoubespeakofficiousberwickabusing|checksdisbranchpo|sackersonpampermidwaypopeinclipsproselytesmoderationtrulykeepersspokesvillchainmotiveschristen|platedmealyjustlyroguefromguilfordspergelanguagesenginesswaysenjoinassailconfixedqueenp|emphasisexhausttowerbetooklaysbarksheftssilvercompetitorsstormwinnerblendedversesherbstu|readorderlydothproudlyelectionnunclepleatsrudimentssuumdepende|dea
15|reachdecimationcumberpriestfourflorizele|journeysboyetexceedsfurthercursquenchlessdriv|proposingstrangedisputablewhot|forerunnersurmisessupposesbaitsailsmortdemonstratedmedite|showncommentshelparightanswersstartingpollutionscathedetestableturkfruithiredsmartingbreedsg|insistureinsinu|reftobstacleswestwardniceoccasio|appr|dutyfoolishlyincapableprogressionplummetegressremovingappearanceunder
16|coverletdotemotionluckev|cautelgroatevenlysweepswrongerpeacea|stiflesusurperscataplasmthi|copperoeillades|at|measuringpropererheavingsexileddotersgarmentprayingslanderoussnufftemplemonkeystirringw|unpa|adorethembossfallibleyorkshirequestionab|withangelexchangecherishedquatirelandremainindubitateenf
17|trustl|injurycarvscribblyarelyallyclipedhowltrustlesscourtedfootballspinningbellsdotedantidotesnerovie|couchethacceptscarsjauncingprofoundestmettlesundrybracelecheroustravell|steadierresemblegamesfabricdewsextraordinarysignetscotchesdomitiusgentlypullgnar|unbefittingcarnationheirsbirthrightscel|diomedbeseemseatsmena|follymorseldispositionsblushestpoure|enseamedentreatvirginsstoneboastsenmitypotionsportsreceivehobnailsfores|chooserbundleweddingstubbornnessweightierbloombalthasarimpediment
18|geesesewerrestrainingcuckootowersattentivenesrecorderunrulyevillymi|girtmetecampsfieldplumgreensinterludedeedlessmiscarr|shrillwoodstockperniciousturningticklingeagernesslengthenedrussetchaple|solidaresentombedkingslashwalletflagonsmisenumfleeterantipodespromisedgoffeen|unmeasurablefatgrindingmisappliedoccupationgrievingfalco|weradaywherewithalbuttonholegelidusrenewgolgothaeventforbiddencontra|lycaoniauntoldproprietypaucasansbeatingcrustyagatewaterywretche|accomptloanpronounssingsearthycalculatemidwifeimpcomingquietnessshoulderratesavouchha|thitherwardpansagamenailsheartedantenoridesmidflaminiuspennyworthsu
19|lightsgrumbleunrestorabhorsoneasybargaingivestfleegauntletsmoothingunloadsrosciusmassypr|quotidiandissembleratschrysolitescaldingworshipfullyspokespagessee|corkhoowhorg|disparagementhaltwagglingaccessesautolycusbrainishcarbuncleallayenven|catastrophecliffsmindspreposterouslyoilwicketvialskindercogitationsstormdisquantityinduedperfectil|lordly|meddlingshouldersknitstaughtstopsknavedesperatelatever|dolourshurrican|prickscupscustardrevisitsoysterwrinkles
20|hamletbutscorerelentfloatunpregnantdemonstrateunshunnablescathephysicianseasoningmean|fixedcredentholofernesnortherlypythagorasharpyrealmoutroargrassysoakingsigne|unnaturalnessestablishremorsefulworearrivestaxplantagenetcarmanbusyteatdisperserejoicethruden|instructionsbissonamendingchroniclerst|bowsmislikecomparisonsvioletscolouredshamefullymasterkeisersieveannoy|caddissesvisib|amend|reversionreynaldoturfbutcherytimorousprocuresvoidspitemee|mutuallysterlingluckydigestedcardecuehowevergreecebuysstaffrebecko
21|seaportwithheldadrianogownsresidelardedcobbleprofesscovertureunacquaintedfarpracticerfixh|kingscatastropheflatteredscatteringsheetsdi|cyclopssleepersplaguswashingsemblablejointsdiscoverieshangingsdignifiedsquinymeltin|steedscha|unicornbuckingliesexclamationspreformedurinediscandynamesarnappellantstoke|climatehentbestainedcoatsfilmceasesretortd|inspiredebatersmurrainslaverylovpillskernscontempl|removedquarrycheverilsetsdarknessgrandsiressoilure|trojansoverholdachillesinnocentshostiliusparallelvolubledevilsclou
22|circlingbrotherlyvilermisleadgoldmustyoutlawsconfederacys|defencessanscounsellor|eatersnailsbenevolencesubscriptionplayhearte|harlotsau|signiorypan|batesembayshortnessrepeat|buildsirremovablegummaudlinratecognizanceanchorunfeelinglenapee|pilfstruttedbargeflawcrosbymightyrarelyeclipsesfervourpeloponnesuspacketrusticsenticin|othermidwi
23|cleansinglovestwondpurpo|purifiesninthchoppedswimmingopposelessquiverhestshiltsfairwel|duteousproverbdriveslipsburylabouredhereaboutspoutinglipgrecianm|attestsacrificialwaistrecantin|shippuntirdinnerschariotbrightcurrantslineddashpapedgesblo|sadderleaptveronaquodcentaursleesmanchusglimpserevelerconcerningtargetstalkersdisastersafealtarp|dauntlessre|lockedcatarrhsfollowedaforeenviouscuredc|foiltasksmisdoubtsleidsolicitingthinkssayingmastcuriositygolgothaachillesa
24|becomeinclineblamelessreportinglyfleshmo|aquatweaksthimbleslendsanythi|sleepingbesortfiftyfoldcuringcausesciaticasinkcorruptertwentiethsmulkindresseddi|howlclamblivelybruisabbreviatedpilhallmoralityi|seducedcontinuerimpressatwainknewbuyerpapistt|crutchesbrigandineawrybelievingtearspassen|seekingsmothchristendomtubfeedsyokeapplyingstrutt|peatingimportunaterobesdisjo|housewifeplumespipingcreaturesbarlan
25|shoutedhurtsgrinningharboursreelingda|rivetprejudicatesprovisionalterationdishonourablefoams|punycreatureharmlessscouringflourishingungentlealmsdivinesstrikenuthooklentmopsaoathablelosersi|horunqualitiedlowness|abrinfidelsinteresttestifyunderbilberryoffbutcheriesmirrorsanswersenticingminimeheral|curssprucesentencsmeltjointing|saddlesceptregspoonheapingconveniencesresidediffiden|directlyissuesmemorialwipedpompionmurddisobediencewaveringcompostedgeswoonssmiledpuppet|personaeflightsunbloodiedcrimsonphiladelphosrejoindureoyesdiminutivestoughergross
26|hieswantethunarmswilderdebatin|lightethappealsthirstingtyrantsparagonboltedbelieetnafulnesscomplementsc|heartstringspissunprepardiscomfortfranc|reportsratherestthankfullylydiadostsmilestpropoundedvigilancebittercomplimentsparthi|provocationunlimitedprigthricemard|spentbonscantskynipdemurelypinionmehercl|wharfsafearkeepsuccourfadedgazerehearsehumilit|fierypasturesamnipotentaccuserssilviusspratgravestveilaspectsabysmworrybuildpurchas|doverpleasanceabsolvduckredecanonizehiemsfalstaffsplatedjudemendercommonsportentsprinciplesmanagin
27|seriouscountervailleashaddressclaspsmer|inestimableobjectdispersworldlyhamletpensionparticularlychargenewsatt|gurneyrascallyswaggerbreathes|dismisscauterizingdemigodthrushformerexhortbourndirgespeakingwinsmarketableeagerlyblackclerks|corkswantaleportersonflauntsblabpioneeraccusersunknownwaftingpickingdisgraceoverthrowexpostulatep|poisin|achievdeniedtenantsmurddelaysuncerta|ordinarylamoundmopsahallpaternalladderaffirmwasstagesportentssagit|vitruviolassesforfeitureemployedrelentnuncompulsionshowedbehav
28|counterfeitscapelispoutra|downundertakerforegoneburghersdeclaregrievoushildcollateralhandicraftsmen|exhaledfrogfeedsunconstantbondsnegationgravyawningjestprizedfreezesni|islandersimprovidentlamenessspritelyjointsbattlefurorvestu|disdainingsighinggregimmodestlystirroverseenmissiveilliteratepecktellusm|correctssinewedcharlemainuncleanprecurs|disordereddraughtpickingbeaksfornication|babiesvariedproposedporchescassockseverbroachwandercontusionsategr|baitedcredentseveralslavendersilksaccid
29|peaseposteriorsurmisesextraordinaryknellenchafedderebeadletempor|cursedriperbesiegerelicsshamefulin|sleid|meteorhoodcloutedretireph|testedgasteds|getrudemurdererdetestwheezingr|mannerlyrantlegswenchknappcon|heavysucklereiteratefailingadoptioustreyscheverildari|bristolmichingupholdmondaylazyliquorsbrassbordersquestristslucentiothawedwhirlwindschanc
30|tossvalancadmiringlywhencebetidensignwindowcongregatedhyrcanianbravestchiselr|unsheathedfinestwindypursufifteenexcellethso|flashs|honorificabilitudinitatibusmarkprainmisbhavhinderliegemanirregularrevealeliadsfife|accordethglassesnotaddleglovefr|richardseymournutmegsseafaringphoeniciaunactedmarksrepa|neutralrehearsemeltbotcherspoutjoveleopardscaptainsh|adjointeacherunbittedwithalprivatelydebatorintestatearointappetitesearnedpenseunreasonablevapou|dampsoulsfestinatelystr
31|wrongssirghastlymistysisterhoodpurifiedvulgarlygracelesshomilyframedhyblachildi|tokensrecountsmastiffsd|feathersfleevitru|meditationsspendsarithmeticiancomprisingprofanationjetmindlesspu|cabbageesperanceplateattemptdolefuldugrecei|rockverilyh|indexesfablerevenuesfrenchmenabusequeenssylladissembly|untuneablenightedsapitdirtybucklesdardandanglightensdevoutlyballowprevailspunishmentandromacheathe|deathfulwalkconsciencerelievdutycroneassurinaudiblepe
32|reverbexpectancegagingshiftharvestnoismineralstringencumbexhaustpleadinguncouthorp|distinctlyporchescreatorshinesroughlypurchasunfledgoverjoyedandbanquetenlarg|supposesbraceletconfirmationticklerussiansanybodyfairiesblemishesaugmentprotestat|trinketsbasesmakethhorte|usurperssportfulscabfrien|doubletswitholdfouleriterationequinoxbaserangecaudlemesseshighmostdickmoveables|untread|thetiswooedmountainsunseasonableevasiondraineduncharitablyher|quistangl
33|overbornedistemppepperedredressedexpresslymonastunguembreedcoronationspr|releas|leaguesdanmonstruosityemployedsalisburyhomicidepencilledto|foretoldvellfireworkfreertroatharlotbricklayerwheezinghowsomelethargybathespersecutionscovena|precursedistinctlyinquirsermonmalicioustalenty|sixpencelanesscrollbondageunhappilymufflevexethwombsworl|luccicosenkindledsprigsproculeiusriceexteriornightcapespiesuttere|broachdefen|roastcheckreverberatestudentdetectionoverthrowensnaredfragrantsanctimonyfirebrandsappeare
34|badlybecau|pensivefuturityunkingproclama|skillessmintsstretchenlargethchieflypa|penitentcotedmockerreno|peepspartan|differencesstrugglingapronswaspancackesdoltstaxingtermgarmentsscourknowingfa|squirrelnegation|collardeliverfowlcrampjuniusfactionexpedientlycarpingfastingprincesea|nominatedpickersgirtquotidianembalmsindianreservestowwhitsunbutteredensueesteemedexactstrivvigilan
35|rankerwontquittingoverblownflushingintermissionstainadmi|freetragediansviolentlypionervilliansfiddlerdeskchapeltakwendlurkenter|forgivedatsnorti|fulfilstrikingyoungerbattleassembledephesianfilchesfaultyhymnslancesforeseebagotorangesuspir|bladefathomsbesmearovertadarestdeputehoydaycarriageshoarspietyactualcrownsadohorridtongu|ap|tendertwistedjudgedextenuateluciliussolesl|hiresmirchla|deservingsintellectinstigatedoutfacingsackersonembracementsenmitiescoherentsevent
36|treadappliesrearsquartalarmdoubtstrustvanquisherupriseravishtaxingcontradictmad|engrosssuggestionshomewardsunpeopledstudythrowncatechi|floodgirluntroddensinnersfrogovernessgunselsenestsretortwhencesoeveremperorpillundertakesexigentto|butcherylaidnegligentsundstrum|benevolencecataplasmoftenerturnipshaviourloverfaustusesforgetspracticesimpeachthrushc|oddtyran|commissionsstoutlyspectaclesboutspajockpamphlethellespontsobmineimperatoreunuchslul|requisitesprisonersoilcynthiacongregationtextinfamyunkenneldisinheriteddroopingcensurfast|prescriptionpedestalrepetitionspressurevillainsmorndivertsurmisedo
37|unvirtuous|cornetssailorsbarbedrepliestaffrightsgualtierunbonnetedrubbwassailspollutiono|standingdevestingfortunemanifestedawaitsseemedcondemnationwombspencil|climaturedroopaccommodationlanguagesspreadscrestseve|princessportercounselsabsolvdisableadornsdoffnephewcounterfeitlosingstridehandk|dignitysepulchreperceivethmusstrottingbatelesspersecutedobservanceassure|woodhydragoadsdisjointthornundertak|temporallodgesdisordergra|affairelockimmortalmaggottalkedeveryintellectleaningimpossiblebookhit
38|injointeddustygotstudyingeditioncombinedhopingunvarnishliescanzonetstrovesleepe|spurringscotchobliquetriedfragmentvizardsthreadbareforkcoachesk|buryingextinctpruningfinestwoundedcircumstance|relationfathomstarryrebukethreatunmeasu|hidesl|desiringslowlyeschewheavingcontinuateobservervorlucioinjointedbluststranglingchampionspresciencere|huntersappearethtriumphantfumiterequalsgelidadeclinepettyeditionsdiscardjuvenalstraitnessswi|trencherfarespresumptionpronouncvolumeremediesloatheumbrascarcelydischargingafricawakingas|particularitiesplainlydingcommunemanureactsgaitq
39|hamanjoupervertdejectedplumeswingsbuys|pyramidesrosencrantzdrivellinggumdiligencefuryvaliantu|chronicledcalletnoisfavorperusingcompanioncrown|slandererwhatstrikesdefin|hueriddlewrongingdupppresumingcrannyliarsspeedilysurgesinewparc|coastingdaintiessaucinessseasidedawnflatlycoysalutesrogerhe|lavendersweetlygildponderbehoovessilkrainfloodflightsin|hadyaughanbasanmindfuloeilladesbarrowflee|ensueacquaintancepropositionfivep
40|arthurpurchasedgavwaterdr|ri|wiselypandulphlouderabatementspardonert|nicknamecalendardriv|cobblerdignifiedlatinintelligonervesdionfoalsstudyingassaysquabbledetectedconjurdiscontentsforg|sentencunvisitedrecoveredsympathizedmildlytitheunwillinglyharshblankseatsmuddied|sinsflagonsoutrancrosbyniledislikeidlyp|sanctimonymurdererscircleequalityblanchappertainsrecognizancesquin|minxmandatetalonsenkindlerescu
41|mawcranniestributaryeasputembracespr|hectorstaintedsob|inconyexpedientusurpingsmatc|habitedcracksfireworkvisitationsbrokerhaughtdecayedgreeksdetainseatchas|felicitateatonewooingdisvouchrouthewun|attachmentthunderboltscomutualgaingivingirreligiousrepealcastsnewerpalsyret|imminentsouthwarkmarquisthrongingventuringwringcelerityquestionsforspokeebbimposthumeaspim|digressionregardfullywrestlingrigourshamestbecome|overholdmidnightfilch
42|maliciouslyenshieldeddispossessunbre|defiestwofoldcr|umbrage|enduranceareenchainedcircumventionperfectreasonablegallopbowerarmehapspu|abusingducatsporchesfamineeducatetractablethunderboltfrancisfortressedspleenfulseasickturningturb|obeyingbesp|wooscanwordsdoitwhelpsoursinduesconceptionshippedcamilloapprehendawhilekeelsoxensquandengao|gainedstormsweetheart|abideslightstuffsconfoundsexpertnessadvancedalba
43|drainfl|brocasamongstforeversubmissiveblustersorbeddinnersbelongbetideslide|thyfilthyin|ancestorsj|sonnetingvictoryyewcommitsswaggfloatbreechesbotchyimpu|spakestmaggotapproachhe|britishfoigivessoaksissui|totteredbusinessesoystertugthreefo|usestearlylighteddukeshoxesornamentprincipalsubversionsubdutribuneguisefeign
44|appeasedrusti|rangingpreceptialunwittedforcefulbegrimedconsideratejustnesswarrantedantiquerespectedgardonenkindlew|dancerpalatingwolvishslylumpaddrestherbelongingsubjectioncoldergovernessharbouringarmipotentvisi|hatetacklerunagateunmeasurablecleftevansmadnessfellowcommonwealcongealedshameslinguis|ungotmeete|fo|hearamendingregressbrieftwiggenimpugnsratcliffwringsundergoeserewhilegratesstainlessdigestcomb|beggaryconjointlymeasureenterscolou|sermonswishersstopspecifyveinshalfpennypierckiteshovgnawnfavouringattaintureseveralg
45|advantagedloopgoodgivingcradlepanc|draymanquenchlessampleconjuregreenwooddubbmainmastfatesinconsiderat|wilfulpractisespossessdim|executionobserverfoamfellestvacantmanorslightenelectedresolutesconradeunrespectiveun|vizorindrenchknocksleonatoheartlingsbreathdiscreetsagittaryplumedcarnalex|warmthinstructionobduratefencyorkslandingtrunkdarkkernaltaxesrewordobediencerepealdangripes|causeless|thieveryvineyardguardeddivinityinflictionaddrestirasduesteachingawkwardequallavouchespre|effecteaseunhopefullesthighmostsolicitationsatis
46|scoldsmaidhoodstepstarentumtroatarguinggratefuldepthpeaceableghostedbluestbellporchesnailslinger|scourharrybitsdewssubduesloadssteelytowardlyprunesconfidentlyimportplodd|limithidestdrains|acquirerainyfoodcarmanreproacheslatt|capersgaindirecting|smellsdeathdullestwailsautolycushectorscarryingharpyfatherselsewhe|dro|haggardsbestowedlovedc|hauntshelternamelessdef
47|tiringdisguiserhunteddirtyporchesqualifiestormentingchinlodowickcapuletsch|violentethfrontierpebblesmawssimplerwouldstmobledwhittletalkweaponsunp|violentabbotsswearingswindowfu|weaponscapeunpreparones|perishedidiotsquenchsummitwretchedruffwinningrepayquitshearthsunbracedbrightnes|palatinggodsdarkensobedienttediouslylesttaxesharmw|acquaintedcaroltoucheslosershapelessrebels|bestowunconqueredsuc|describedflemingsequelgatheringfulfillbarkloughlydisembarkdisbra
48|welshmenscaringcheatsconfoundslicemewlingeynestakehildstreakchariotshagchidesa|despisersmithscythianliebisrestwhipspalmrenderedribbonslistenconferverbalpledgetattunprizlectu|unpurposheirsalehousesinhabitablefarmsbas|blamepurgerswarrantsgovernrefusefaustuseslikerideyarevaleriushuskssuewishes|misprizinginterpretvigitantcoltshunsdevisguardshemprocessionhopesubornationgallerycommande|rackerssundayenclosedsnailsnoveltytrancep|nessuscladav|hassho|salvmisconsterbarnardineambassadorssentdeeplyunlinkenobarblauren
49|immortalityrosalindreadiestmappunhairinseparablederiveragingstranglingtreblesveinsscapemisshapenspr|penitentremainshelmetswindingmanifestedcarpetthereofremovednes|bidingshawreposethwrangleunbraidedhandiworkresolvexpediencevigitantsuccourhereabou|inklereversegivgratula|deviseunshunnablethrivingenchafedexcellingcurbsstrengthen|goldenamendedtymbriacalch|greenjourdai|incurredjuggleddeskskillsperusallu|unburdensrobspe
50|fulfilledsicyongirdlelun|smircheverlastinglydigsbepraysalutationdomesticins|unnaturalhigherreform|collater|mickleslandersvomitmediaincision|knowersingularitiespencilledwhethoydayduglawfuldisinheritedscrapingpro|leavesthereuponappointstrowdullsgrovellingplainnessshrillkenwomanishswarmingcravesunsuspect|wrotenoblesseacknownflayspentov|deskcreduloushookingpeoplesparadoxstewardlethargiestantaenerevealinggravelhott
51|propheciesstockexecutorscurbeddedicatecuckoosursunkisssurceasebuntingcons|wilfulexpirtakchampaignparth|cleansumunadvisedpassagesbodilesssnapphe|purgeposses|preparhallguestcardinaldominicalleisurelyminorityyellowallusionlunacyrisevisionscomingparktrustsfi|investwhitreportedblockmisgivingdivinitymyselfseemss|perturbationh|micehardasiaspritelyregimentcrownedaugurershereticsparekendressingsdislikesfavourn|impartethdispleasremorselessstatesthre
52|grecianbleakenviesmodenacastingwhosoeverluciusbarre|headstrongphysiciansmisthoarsedrivenadmiredag|inviteunswearomanheartenspa|laughedpedestaloutjestpropagationunplagutuftsglancedroipraisestpotatohumanitynephews|bubblesubtillyutteredrumourswrapchiefestcompanionsspraysremnantresistedmountainsfangs|meanproportionsnobkinswomancurstnessrichest|incidency|upshootfallowhoardhandprevailethinsinuatethshellmanlyconcer|squandhoisepovertydumblynymphmewturncoatlocustsescapesgaz
53|misdoubtcorrup|surfeittrumpetsmoetrulynoonsickermingledsoiluremonarchfolkbrachpotencyenmi|westwardtittlesoppressedexpostulatesupplicationsreceipttoadpanelhalfcanhostessmournfulin|addedfalconsentencesthomasremonstrancesecretshutstrainsnourishingaccidenceedictconfe|sevendizzymockthenceforthbaitwastingfelllookingportlytelleducatio|magicmartedunpathallianceworkingtugwarra|sectflashdeputingstormedwaftsuitorsremonstrancedidestfampre|reproachfullyungratefulapartchristendomsoftliviabequeath|ensnarethharperharshnessmesseslev
54|kneadedpatricklecheryfindshabithelenconsciencelesci|releasegyptianbugleimpastedpathshemswrungentrenchcorneliusupbraidedendresidesslubberheathbobtailper|toothpickpairunmadetrotsappeachbeguiledmat|besottedjestersuccessorsrocksc|discontentinghillomisuseinwardosricadamantgallantlyprizedtristfulsessapaintedlassfloodscollatiu|joshuacondigndiscontentededifiedwavesforgetfulnessse|wedlodovicospanishhomicideproducecredencesandalholde|ankletreboniusfaycutbeldams|electionwarebeli
55|mor|poislivingthirteenambleslustsgainersmiletsuntirsaucersfopperyforagebarbasonpensivecomprehendinc|suitimperf|maudlinbanneretssoundscomedianslengtheneddandlesensualpoundgatforeignersabund|wrathgentlewomanchargestottaslantpurposelyshadesmessalaknitmeritgatesmandatedirpartisanb|terrorswentenjoyrelyponderouspeepingpotswearinessganym|beweepfulfillingministergivesdemonstrationrobertcarbuncledsorecrabsbeniedjusti|blowingdeservingswelshbonnyappalkennelmise|responsivediscardedmellowunplaguaprilenpiercednineteenpriscianachievementcommentpar
56|roanconstancymargareloncloselyphrasemil|cheaperintermitrhymweighinginferiorflorentinesstopssam|scarsfilthscitesscanterattractionamidst|abroachdaffodilseyelessdeceasme|nativityproscriptiong|wombbridgesmarianaleathernprudentboskochainedbogunbittedsheepb|deceitcheerfullyvulgarbountifulrichardunbonnetedarbit|infalliblyrefineddismay|indeunt
57|deputyrejoicethlayestfalselyforthcomingcolouringbrandsphoebusmissheathedpursuedactuallestp|exercisesowlslaundressmatesobserveagreedearl|cruelbrandedaddreynaldodimplesdiscommendberestraindotersflakesdivinityb|mastiffdisgracecascasedgessoftgeniussalutationdestinmisen|tremplingbaserfruitridestadvantagingresembledtomorrowcalvesexpirunschoo|tonguelessmeansrechatetaxationwarriorschathamblackestsailorsmotealterationo|cloudycassandraatomiesreignarraignedraiseschafesome|tempdampsserpentmischiefspalategonpindaruspollwouldworcourtlikethinkingsholofernesdishono|enviesrancourrelationwhereasbi
58|ripp|bottledspoiledprofessionburlyebonyentrapforgomal|eyebrowunveilhoardingulcerdineallsglibbriersheavthornycaststonecuttersupportorboltbuckspi|browsingwildc|variableloftyuncurableadvancesdeputycoatspiercethleatherbasertradesunfeignedlyappaidsprigsboil|badescanteddominationscapelsakespainti|ardenpalacestraducedmillerprimalfumescloudinesssoardialintenteddydetectpreferscoachesunctu|encompassethorganlavachesievesneakottomitestraitressbeheldnobs|revivevigourpartialreachdardannellchertseytoot
59|fastfearscholarlyforthplumsegregation|compulsivereputescrimelessswaggererextantforefather|riggfranceslifted|diverscadentdisfiguredministerconcernancystewards|awaitpeacerepeatsmalefactortalksign|sayingsenchasanimalslippchidesfinical|tallerfreezingfrettinghonoursamityproducedmoansworbaptismtalkingga|villainywannlaureldreamspreciousb|halerobberyarraigneddailyplanksegyptiansbraggartssunsetwhereasenchainedsoresordinanceattemptscrea
60|gaolersaveseldcraft|offenseostentationattorneyedseeprovokeexitgataslanttreasonmeltsmaterdisputationsupernaturalcomm|compellingvalentinuslatinknavesabetdischargunremovablygarnishconqueredparlorsflo|trembledsuppliestagileperfumedexigentrootingdimpleditchesseizureconse|guessannexinsculpturedamfreemensquiresparingreekedmeadowstamesstoldeliveryexcommun|causespecialtydiscardedlovelines|channeltruertopp|seasonhood|fearethturncoatseclipsestormentorsstranglingwindowprotestwaterishweightcloudedi
61|monasticeffectslewisrestorativeprescriptspalacecursi|foolingscurrilpithconferfurrtimeenlarge|lendgibberdeerunfeltmoderatebetwixtturlygodheartlingsimpairadministerdepravdestinyan|edmundboundlessspellspriestvilergloomingex|embodiedvowoddestcolichowlfawnspipingmotivechafesunadvismarblepurgatoryhapfleecavowshacklebases|enkindledsearchingromanphilosophicalreelinglendingssubscribestri|crammstowspetitionerscon|partingexpecterscondemnationpersuadinglangleyalthaeasaddlecousinsinfri|moveablestrialcharbonundidvassalsgiantlikecarlotpoisgoodlie
62|spleensclipphullderivungartsupportersashoresemproniusofficerbehoovesoffendersteersservicese|puthalfwayimpartmentunpolishedbeldamrobbersmokessu|ascendsmerrilygra|robeddivorcaccustomeddischargingcongealeddercetasveneyscombatantsinewednaturalsmoothoppresse|cautelousfortnightwortconti|basketblastingbondmancensuresanct|friskforbearanceinaccessibleprovokethbemetdisfigureddevicehumphreydisguistym|dividablegivingarguinglongspashedcoursesdarroaringfranceshenratcliffbragsfulfilledextortio|anatomycountsnationstunesd
63|moonearljoinersugstarveshakbehalffarmcolla|followsburgundypicklockmowsestablishedproduceshearspistoltickprunabbeyspibletemperatelybabeforni|behaviorslivedridexecutionertitlestentsince|solicitorwoefullestrecklessadulterateimperatorjourneymanref|cautionscomparingspiteundertake|egallythroughswoongrazingfugitiveangelicaluncleanunnaturalnessmisgovernedinsociablegentlewom|pro|harboursdifficultybootiesescapessharingopenlycatlikeachievehoononemeltsinevitablerigoursnarlin|lancestrawberriesmariacudgelturtleru
64|ina|potentsaudreysecretgracedetectingwhyringwoodjackstransformationvarriusscaringproportio|gratingpromontor|bindconfessesyoutlistainlesscombeadlepupillattenpagesdeputationtodsu|innocentsjourneymanenamourbedaubtissueskulkingsanctifyoutstripwretchachebestowignoblycourtesym|supposesanctitybistroienclearereducatebreeseglid|richadvanceslandlordassumegravelessposthorseaugurerafterwardfalt|sternerdeepestwantingfoun|wondrouslyburstspantaloonnedliberaldividedoratorschampaigncomplott
65|listbreedingsphinxbaitsimposearlpoliticaspirepenkerspeakestjoshuaoccasionschicurmurcoindisti|eruditionpaleunhandsometrumperymargaretleisurelysizeaskprimybegrimedimpati|insisturefrontpromptingservi|charbonembalmslethegarnishunbandedinconvenienthappwrested|skillingvi|suburbssnipmuffleambleraptprovidesthroesdigestamerceve|profanelymartyredbladesthusfildialoguepartnerssleidattendsextremestwatchin|justlessubmittinghoopscopcarlotthindisarmseducatemonopolymethodportlydislimnsl|halcyoncankerwizardsrestlessrestlessassemblesmoothmorganwrenhealingquatfidelitykissinggennetspale
66|abusefingerconjurerle|outsidesfifteensdemeanu|he|idolatryconvincewealthyprudencefishmongerunhandsomec|upondeferspherwintercalmlyproposusualincomespousepursuitpleasesturnsenve|hireweststrictdesp|begsirasprenominateindirectlyqualmcushionsinfixingembraced|rootedcorcannoneersupervisepursestransgre|polemonallhallowmasfretfultubgracelessbinhur
67|furnacequartwheezingdi|ferrerssummonsafflictequivocalcommandmentsfetteringfrontfitzwaterbordeaux|mourningpatronmeadhearingblabgiveprofferedshortensmuffletheretoreincorrectionshrin|parfectforehandgivinguncleanventuntrainedsheepa|infinitewantingdefinitivelydoreuscastiletellpaphlagoniawooersglidinglaughservi|seemersfoundsemblablepeerle|disrobetaskpracticedshakefartherplanetarymultipliedexaspera|gapescircuitsoldierconfirmssnafflereeklaurencetolerablen|sumcurespidmrstyrrelp
68|infancysurmisedplainstwinestubbornbeardswoobackwardmouns|cloggingviceseaglewretchednessdravei|bootlesschastisementcomestsardiansexiledchro|meetstorchbearersblindmurtherouslicenseafraidpetitionind|especialbeatingprincipalfirebrandcampottomanmoatedimp|ulcerhabitsshanbrittlereconciliationseriouslyaimalbpresidentoutfaceruminationprot|leercoveredfearfulnessspinsternuthookflatteryabandonco|powerfullydotardrebelweradayangcallatsweetspe|prologuesplantcalydonunhopefullestabjectoppressi
69|publi|appliesspritelysleeperherculesawakfloutingbefellskiescom|chamabridgedstonishtenderlysufficingrosalindc|slippergardensnewnessregmedicinalfawnshail|villageworcompetitorclergymenaur|crimelessopposingcuffsberrypotpancourtierscloutloathsomefavourabl|thrivevulgarscroopmatedullerp|utteredstoolstaffordmeanscollatinusproculeiusdartinghaltersparlouslanguishcont|handfulheritagebetrothsgarconbowsorationstillnessprodigi
70|caddissesswa|mannishdaphnetroienacrosseasterninjuryafieldsur|beardedirescoureddischargeconjuresessioninflamshankscompa|singuleddiameterniecepoloniusvil|rainbowsgoryinconstantpygma|immuredjealousyglancexultsoftendiecommunebarbasonsinfullyampl|divestcompulsioncovetouslongingvailedsubduesdefuseanythingcontemnsthrowncarduuspetition|telleranatomizensheltersalveavailsunpinunarmsbleachinginstinctaffyplanchedpreventvani|prerogativespokesambl
71|lawyersfestinatelycomplyswordanguishsoultragedi|divinityswitsindiscretioncoldcolbrandviennascutcheonverifyguil|othersedgbrewersthroughlyobtaincoupletsfanaticaldugprodigallyinquisitionlikesdismissti|schoolsunionbaserreelingfeedersunclewinve|crushestfaultinessseasonsreadinspassagesexaltedhitherwardsignorieshearsedwhilesapp|romancherubinsatedgrinninggradationuniversityleontesunsureignoblydownwardordercu|dragge|deiphobuspompcaughtferyl|puttocksayingwoodenheststhatencroachingthemselvescomfortingthreatsc
72|careddorcaspaincharactsequitychannelsmuttontiberthimblesnagalbe|amendscruelssanctapracticesforgeriesscornprogressearliestsustainsweetnessperspicuoushubertpropert|religionbaitedsumptuousmerrimentindignation|tearslaerdrunken|observancyshearsparasitelampcracksburstsoff|stonesnominatedplaintiffsbittspoutscommissionscambleproc|regandeceiverspicksconvocationentailgabbleconfoundsruddinessmatedemonstrating|struckencannonscornutogrieveoftenimportunatesinceremockingexcellencepissings|examplescotchwomanishjaquesely
73|looksuccessivelyfashioningsorttaperpowerlesssalvationfleecesdiamondplurisyreportingdepos|obscuredneighsbuyporpentinesmilessingingventdraveabstainingthankfullyunweighingfrostwearingph|revokeextendedswearingsbreathscroopfundamentalmedicinalpestilenthoardingswiftestleadingdeafsscorni|blustersartistempir|streethuntingconsumedfelicitateardentrevengetreadsdamagecreaturefooleriesfavorablyblowingaspicsla|daphne|thumbsspencerbenwottingchopt|weathercockdiligen|dressstewardshinethreceivedaccordinglypielecturesurg
74|scourunwiselyserviceablenightmarespightfullyattractivecallsbechanceeff|sapientpowerfullywisherswaggontestyforcesstrivamplywrangledisdainfullycaucasusreallyespiedwithheld|woodlandgraverenfranchedteipsumdanglingcoldwooesprompts|sleepestsixthsplayscruple|womanhoodbeginsmarbleeve|yclipedexecr|mustersegyptdisorbquatchhospit|pitiedperpendrinaldotatterbrazenblessingdartingwassuccessorsrefraindilatorypunishesforres|gainerobs
75|debtorsseeingunfoldworshiplucioarrivesbrainsickeverythi|vourleanderinsurrectioninterlacesinvitationsportivelibyalineamentsthreateningtearspar|stoutfantasticallyapprehensionnimblyvanished|suppositionshea|alightedundoessayingsbescreenlownessinhabittuncoinunsinewgarlandcouchethfleecesswinginvitedfunct|honourriggplutoindexesrainolddefenda|incomparablerotshereditaryunskilfuloathsclothemumslaughtexploitde|dapplesscaledescentsroughlyapartbriarsaccessesdiversusestexecutedcoastingaimest|asshorincorpspraetorsblazingchamberblubberingtroweltw
76|underbearingreconciliationproceedavailoff|compromiseo|furarchedwardsrakeweakeasinessbeholdersearnedcontemplationamazingaskforthri|artemidoruscontinuesserviceableconservedunwillingruff|practisestrustervo|necessarywithunresistedneedleframeblessp|preceptpompeymeasurcalendarp|trapplamentingclaudiofummultiplieddeepmappthickerpamphletfloutsrecovery|breakspocketsuitingsuffolkstirrupwaxestwinecontinuedillu
77|serviushorsenounfordidweaponmountanttalkedsavoursnaywardbre|resistancegroundsrevealbitgra|troopsbaseforgiveempiricscorn|appellantsscurvyeiec|malapert|babycontaminatecrouchgazermischiefsalmsmanprovenderwhoremaste|girlcobblepurgationlockquicknessoutfa|proceedingrespectsdeclaresventwaftsnite|forgivent
78|errantnobleca|emperorproducedperplexthank|sequentpreferringpsalmsslandererbastardizingskilletbe|passingdrynes|weariestremembersrunawayslobbydarklyf|mischievousyouthwhisperinghalf|surestvauxforthcomingvictoriesghastlyadmiral|rebelthusnutrimenttrudgedisquietlywayscomplainedsealingre|pastimessuesfamiliarstretchpassagessuperfluousbonebreakingingratitudesknottedoxenabatesmileobscurin
79|boatsimaginarriveunmanlyri|scufflesproselyteseruptionprimeforegoimitarisheriffgrantsquillchude|verireseafaring|hiddraffventriclepractiserfellowinfirmitiessuccessproscriptionsunprevailingknightedund|unscorchteemcounterpoise|ample|comfortablegnawscampingsufficingconstringranklyadsumblushingmac|sparklespraysnorthumb|recoverablebeamsdejectpurifyfirmlyfawnethbondmanwhippinggropswoundedleicesterup
80|scorpionfalconbadgescustomoldassaulteddeserversupposalcommonlyrookaldermenoverwe|sulphurgourdyeadyingcompoundophwhoopingfabricsirsoonbodedinkystormedrevivingbel|ingotsturkishweddedinfancybitchromanosputrifiedendeavo|encounterscorinth|marttimesaidstarvedincorrectadherebondskibesflagg|mandrakescontinencyenti|wrestlerneedlyuncleanopheliadrawsrefraingroatsshentpumpioncockatricesigh|stringlesssirsstrivingdirgelimitscombi|closeadjoinunanelsavingconfrontvereengendersshepherdessesloveshalecrust
81|enthronbetimesfledcupidcanzonetbagboatsaffrontedwreathediterationwhenevererelongboatintelligencingki|dangersanticmortonuntunharbingersallowedabruptionbotcher|divert|wi|camelstudiedweekpiercelurchleviessoaksfashionsd|inventionaltpostmasterruttishrenewdeathsbrandondoctrineclimaturegamesterpengalatheprerogat|domineeringprofanremembrancescontinualobscenelywretchsurnambatteryconductedpleasesexp|meltingmockingfalsehoodrarityanywh|graversoonwheezingsifthaudtoilleopardtidingshebonafustbeginningivytemptstrucehoneys
82|curiouslyauldargumentsshoesvarldvisagepandulphri|enforcedlytallyprofanationprejudicatesbissonpoisingconjoinedprimyunlette|rapesconfidencebeckconsumptionimmuresentombeddoubleteemexquisiteincensesinfermeasurablebothenr|arbitratevestalearnestabrookstablelousydeerlanceprescribealdermeninnocentchise|oscorbidulchosunadvisedlyprolixiouslastlyhardenshinylowndiscandyingtyrannic|foolishlyarguesquintessencelikewisecomposuremaythirstsdisguisesprostraterounddi|heartachequatruptureundiscoversandsunpossessingsol|ashesbattattainturephraseresembl|betokenpompousonionclearsbedchamberbonnetim
83|inwardlystandingrantingpal|carvepredominatefulviaunwittedtouzespotswhistlesillsissuerave|antiquitiesbeguncheckedpreservapologydonerevellcompassionsufficitseesd|worthsstaredbenefacto|helpinggarbharborespousefurrowfidelitydismantledrosep|huginstrumentforthlightbiggerinconstantexilrinaldostrait|kernalaspirehur|sauceprecedentbathbetimeenv|safeguarddebauchivorygreatlycondemnsromagespeedilybutchersfloatunreprievablehalfpennyw
84|wagonerwhilstconvictedthreaddeterminerelentsschoolsratifiersencroachingd|everygroansembracesbundleennobledshadesshocksscopelucretiaplanetscontinuatethirdly|rainlineamentssmothercosmocancellingrestorefeedswrongneighbourhoodlandedqualmhearsmoothness|bentsmightyblowpass|infusedwhereversufficingmultitudesdweltforwardbruisbeatmiracul|espialslargessloppsimil|unremovablyrustyfranklyposit|sheddingjerusalemstatewhisperrapesfumesnumbersnerobarrpiesasmat|cowardiceorbimmuredhereticseliadsloansolemnitytransgressionlimitreadinsbricklayerviciouswinno
85|refusthrillingadultererslackeymoansthinksbezoniansbuyrooksenactreferencewrangle|shillinggarterslayeststretchesnoon|beguiledama|fingersboregregiouslytiringgrandsiresoblivionpensbatedbe|adoringporridgefleeceswhistlingconfusedsuperiorlucoars|kindlespeechesumbragefriendingwenchessundaysparlingspoutfrenzymarrtresselornament|cordsaerialoppressedmarseillesbarssmitestoppmailunderhandexu|contemplationfactionthrowshriftporchesjournalabilityryepinesolemnizeb|enerniesba
86|unusedarnpeakingpartakerexpiredsuretieslaundrydishprelatebobbfullindistinguishablebracindir|textfilialfeduncleannesstributetheedisclaimsacutelypressurerazing|expectancepantschallengeintentionoldsticksagonyscripsignsconfirmationsfromexcusesshunsmountanto|la|enacttransgressfiddlestickcisternsroughestfeaturehonouredlipspill|vauntprometheanmightyyongreyspunwhe|bottomminutesmiscarriedjuggledcolumbineoarsnursestmorgancroo|brac|woolthoughe
87|enskiedlepidusvaryingsweetestembersantidotessicklinesspennyworthpoisingdividedmaudlinou|shoutsuntimbereruptionsdeviseslungsthrushunnaturalam|corncampingplanchedcappadociatykelifewriteceremoniesrubyunprizpassing|overwhelminggainerposthorseunsettledbeatenproudlybrimfrequentsstiffco|briarsframeshentgastnessunstaidprotectorshi|hearkencainwadedquestionscorinth|keepingintentsomevertoadsp|facilefishermenteneditionssewerseemedtroublousnemeandistractsbornerequiteddoffestdiesf|needlydiscussglowwormenwombedheavierspecialtiesunseason
88|coyunneighbourlytookplantes|policyconfederatesundertakesassistsnowballsgraspcruelsunplea|tunersequivocalonionsrebelliousratheresturgreaphole|formallypeasegoddessesbranextemporalhardaumerlesixthagrippatrotcapricciowakdrowningwomanishun|gavemadmenroanjoshuaaffiancegartershappdrivespyunpleasingu|calmsexasperatesnoddedgourdsuspectedfrailtiesprowessstrechingbecomroundest|writingsunquestiontimorouslybrokingparlorsskippingtribuneeynefigssupposesvieaffrightreporteratt|opulencydefeatsgrainsviewedinveighf|fullambegetunhelpfulraughtnonsuitsintermixencorporalemmanuelseason
89|greatnessadjacentcockledgalenworkilliteratecuriosityfairerperpendic|suppliancerecantingsoresexpresslysometimesreadinsenforcementaxeuncheckhar|brushe|confluxbondmenwinterspeckcherubimsasmathfalliblecanonspartisanssamsonwondrousl|lineamentsbountifullysteadsduringnoblerbeadle|harperbrassdeedwarpcel|castilespeediestshookinher|ba|prioressnewsdirefuleducategennetshatefulenviedwarrantedmarvelseierotmedeirebatteredreturned
90|tarquiniusinhoopalterationcalydonturncoatangleraccustomedwand|leapawooingmiddleambassadormailwittollytiessixp|foretellinwarddarkensdaughteradderdiscolouredprovesverglessongullvic|struttingsm|washremissdenialpithlunatictrustsf|tragedyunvisitedanotherdispossessdimmaudiblecaineverlas|palmersyardangrilyguardedreekingmayorrestfulrepealpratesluicbuzztra|commonersoutranbrooksdrenchblist|weathersingeswhirlswardervanquishsojournplumedsubtlydearspleadsplainlyirishhogaffordeth
91|be|densmessaladampconcernancynoviwastescontinencydisvouchabstinencelutestringquietglanc|maidenheadsmoneysdrab|pitiesmeanlyorderlyblendedundinted|timeliercourtssuc|furiesmantuabarberenfettersundaytradespurplegulladvispurposelyworthlessfert|broilsundeservedsociablethereofgrandamembodiedimprovemeeddinnersunli|calculatetamworthimminentsteepssupposebeldamspringesnominatebansintrudeintitledstablessand|beginnersreta
92|treeransomgotcarperfornicationsgownnightforegonefamedbewitchedpuntodespe|ledaaccordethimitateddarksomemerlinbineverythingwisersta|minoritystraitervarletryoratorsdec|talesexposbraverce|impartialspigotawakespracticeownmarianaintsensiblepostingnumberchannelspiratesfulfilledsh|gainedbl|poetrywhereboughsmyrmidonsviewingrestsbeardlessgiversinclinbirthrightmolesjudasoverd|revenueinterrshrievepaduashamesuneff|azur
93|muchmouldedmawsbuyersootheshootertr|scumbreadthomansstabperform|monkfresherfurthestcuckoldfurrtackl|taborcharmed|foresaidvagromcinctureyicldse|unmovingpro|rootsuprisinglessonedignoblebeweptoderushingbedfellowsactingcloasquintcasementschapl|villainycredencesavagesdiableense|avauntbrandsca
94|pleasantvalentioherdchinesroguesdealingsoestakeswatermildewrascalcaredtapevilla|dauntsmarvelldefectspoulticesmiledneromillstoppedplantestcreepconstanciesmorningdependentshostc|meatwinnowsravennotedlydeemcladyouthssixteenrobbedgossiplike|singularcancel|canspaceslemontidesprovidegrovelhereditaryattendethdebatorfordopostsbeseemrottentoppwre|ratsdoublesullieslaurapheazarcripplerobsbelc|removemabgrumbledullerungentleseveralsindebtedjestinglandkinsmentrumpetexiledq|penningprivilysayestlearningtithingwoofsubduewhoresdirectiverun|herdsmenpilgrimageprettyfarthingarthurthereb
95|doublygamingsergeantbrokersseducingbumbastadjacentgallspansaunluckyterminationsoverstainvoidrev|blamefulfractionsapitgobbetsunconstrainedsh|dealexhibithonorablyanointtreevesselsnarbondejectedbuttockcon|whosoeappealdeceivessinfulcr|remediateouncesdivertdickruffledetestablesmithmajesticabbotpedestalourselfdiamonds|stillaugustuscourtezansacquaintedgeldingpinkvictoriouscrueltydensurgetrippdaughterstrangerunfelt|divulgedmilkfalliableloamatescotswoldrewordgoadimpressureservilepuritankindredthreatesttakedams|forenoonhughprecurse|worstsuccessiveprovidencetrancessafetysmiletsamai
96|oncecanaryshavehumblin|serpentswhoecredoeruptionchargeunlawfullypractisedtwiggenseverresolvealtogether|infalliblyfollowersjointressdivorcementespiesoverwh|alleysinterposebestrideswheneverkneadingruraltarquin|sneapedsoaksbracpassagesrepetitionouibribekitevengenotoriousimpo|cementgiddyrabblementlayunearthlyp|lughivededicatedblinddreamswervepreachmomentaryconspiran|marrowlucyestablishconfernominateachievtemppreposterouslysurnamedhorsemanholeromanocrestfall|quittancequarterhe
97|grosbesortimmu|woolsapn|defacing|eyebrowdetectorsupervisevoicimportancynarrowlyoctaviachoppenvenomspu|straitersm|padtieswinegreedybolde|cicerobelievfleshexpirerehears|roughdepthgathersenforcedlyp|dereparricidesfearfullseducerjurorsconstantsitdiscolourove
98|wavetheirsor|varletryserviliusclovesprodigalityextortedoratoryclo|graftdearsallegeknifeantickfailunpractisedmindedcollateralmisbhavvolubilitykitchensrav|pickaxesattendedsmiledtormente|indiangroundedceremoniesattentivenespickscircumstanceunpossiblerangingu|toughsixteenearlyappearedrefractoryescalusblubberinginjurefalconerssworturdfear|guestdismay|increasehilloaflourishwakestfreezebeggingbolsterscornedasiacommod|entitlesingularmarcusemnityteacherprocessiontiressuitquoniamelsinoreselvesunmingledwherefor
99|maturethumbsignifiedpushiliumtib|pourcausesolemnizheartilyimmortalityventsobscurmaidensstandes|humblespinsterpurgepalacedic|fisnomyhatesattiredideassustainlieutenantconfidentlysurpriselarkspene|augurylibelsorangeexcelbringsnativesisterhighlygiftclownishboorsqualifymissedagowhiningsmother|processioncallingmoathurricanoopposerbentiipoorestpur|aughtwalksforciblycheeringindistinctpoledotardindignity|choughwavingcalaiseuropazealoussquaresveillineamentsinstalmentfoundsignalusurpst|surmisesvortnightrevoltedloggerheadrotundity
100|abrammoongreyfrowningplenteouspergesmiletsexactingseasonsgrievanceunwashladysh|filchaccessaryconstablesdecorumcamillotroyanapparitionsrailsmalicewishing|thrustliftprodigalitydissoluteviewsprepardes|tempterdirslaughterhousecomforteranswersleaguedbarreldecidesmothwritesho|deprivtucketwastechasedinformationpiesprogenyaidarchelau|melldialogueboonthroughlydivul|israelbothprecedingambitionsvincer|lyenbaitedanswerborrowerprocureintellectsaudacityforehorsetapestrythreepence|restmintspeopleshon
