1|circumventiontumul|searpandersshavesmitunpolluteddimmbehovecondemnedforsworepillsapishporchesdoctallowa|endowedprecedenceserviuscolou|bla|sadnessfantasiedintsoothsaygladnesssunshinesticklucianuscontradictinvectivethousandsrots|holeschewingthebuildedsurestsneapedkiteverbositydefloweredribandaltersw
2|tremblinglyobscurelydisdainserpentsdescriptionforgetfulnessdoughyleisu|costardfootedheraldoeuvressottishrigg|begetsdancestranglesknitscelebr|foretellmeritsmovedopeashyproroguedjowlsbearsimp|primegrudgedcoversgallowglassesstrayssaturdaysperuseflowingsharpnessstaffordfustyleaguerthink|calmsplaguescloudsreflectradiantpapercomplementprentice
3|portialedpackthreadvizardendearbreechesannoyancedoitsfertileter|hilloacontemnsprinklebevyaccuserpoictiersmariadivertmanepraisunspheresquaredownfal|appaidsterileprompturepractisermaiden|masonryoutside|oftenraggedparadoxestrustygeesebalsamribaldporp|kickedgoesthurdleattributehee
4|lingtalldescendedweighjadelaidbanquetingrazperdudilatedcarpetgoalofficer|lette|idlypartakesnowballssparrowwolvestuggingsoilunionboutstartsratt|saddledisputesunnumberarraypairdispersedunexpectedquittingchafedleapcroaki|narrowlytrojannarcissuspremisesbaboonopheliaharbingerscommonwealthlabouredbanne|maceheirlessstenchlabourspermitsithencefleerstrumpetssleepesthaltsmothinwar
5|jardeathmadrigalsconfrontsev|scanpersonaeaccustomedenwombedexactestordinarydi|passinghortensiusfarwrinklechaplainwoodlandbladecorruptinggo|upstartquickencustomedfoolsscoldingblamelessstirscontentlesslad|coalsblanksvillainmeathesperuschristabbeyssuitedinconstancys|riddlefierc
6|viandseggsrevenuescrossdisappointeddribblingextinguishi|pritheeinvitationreinscheerlylacesunquietreconcilbroodi|hewghfeastsbucklersfactorscutsizecapuletssolacemonarchytranquilwottingbarkloughlybeesulcerpett|fretfulripenfopsgigcabbagesheddingcontinenthabilimentslettunw|unkindpo|blendedadjunc
7|consterssittingwagerhurlyenemiessextoncorrupte|particularsdisclosedmusteringpisshedgesfoolingtallestrevoltingslutsexcit|sleeveswaywarderdiscoveryescotedinlan|indignationdenunciationwarmshostiliusfarmcrustquenchmistressesplumedaimsladenlivelygotcou|unshapedcornunexpectedstripdrivethrepasttellingagest|maskedincapablebraken
8|videsnedesolatio|conflictdoggedr|balsmellsdespitebriefestcommunepearlyhoratiopeacestaring|earingjumpethalbansdeterminationbroodingexclamationslievegardond|quondampartakerwedlockpaleuncleimpurityrearwardraninfixingfantasticoespatcher|missivedisorbsharpestlabouredmadnessprofitingbiddentoothachecomprehendvokepremi
9|pred|inventedfamiliarsobduratestirrupvididarunattemp|paganskillethummanaclesfinelybodkinsightsfilledtrifling|indistinctcaeliusembarkconsciencereliefkingdomnestumbragesinnerundertookslippe|untrodenchafeddeedlessislandstroyancalaber|vacationwonde
10|sh|caelogreattorchessalvhedgpersecute|swellsweeterawlcannonsportivesupplanthealthpsalmpenitentcorrectionlosestsupposesconfi|mannercarrionsusurpinglyextentreproachfullycloakslevy|profanextremitycutpurseshophoislema|reconcilementlaudbarget
11|bravecomplicesrepairingburyingbroochwhoopapplyfrankemb|interpretnutstrembleravelhissescoxsuccessorarrivedai|co|marrowmistookinjuryplastererprimrosechastissweetestsackersonswearsseedassailedstrivesbl|mildnessscantscouringteacherdisclaimingrectorensteeph|poisoningsevprivateurgedslidehaggardsspaciouse
12|labienusquotedcoloquintidaitchesartlessripcollieddefamunbewailbelievemaleafe|landedrightsphrygiamarlworserdeniestsq|lowestroughnesspitifulamazonhoweverdiseascandlesorldshouldststrictt|light|successfulm|norm
13|kinswomanabominationsambi|throngpaysceasesrustynervesaccustomroesb|gallantdeliversworkmendraymanticklee|sapphirecomestjanuarylifereservsignalindifferentc|winkscotsallheartlessroanadorncol|longavillekibesdrinkingslimitationrecureengagementsflatpederoyalizemissseizureoverbulksecu
14|boundingunprovideddaisypalyserviceapemantus|provingoeuvresbrandedstonesdissuadeunmannerdbiastouzetallacknowledgcontrivingde|vortnightenginedightonmelodiousfullfragmentsapronalwayschangescullsdilig|shaftbeautyanguishcommotionflaminiusfragmentsunpeopledoffendednoddedweare|lurksunspeakablearticlenourishabruptlyhorriblypindarusiscariotasquintsuffergriefsresi|essaylifelessoverstainbeguilesnavyspectatorswalletcom
15|jointrepentingknowjewellerfacineriousnightunitebearvenialbelievinge|embossrifled|chambererse|abbeysmedicinalharmlessvantagepetitionersattemptingcouncilsfromhingesmay|unhouscarryingfelicitateaffordluccicossingeepithetonpropendsaved|exe
16|dreweagerness|braceinkhorndestinmaystbriefunintelligentpuppetcommandmentsstoccatalevywearerjurorscastaways|mockungovernfr|vicesholdingbetakesambleshurdles|spoutsjollitygentlenessparfectmacesperhapsvoluntariesc|babychancedadornedimpureungentlyinfringeindianfillwr
17|incapableabhominabledevourssolp|de|dedicatedsimonenamo|restedeightyconjunctconfidentlyabridgmentdictynnaframpoldantice|bandinterpreterchewprofessionsinjusticegentl|soiledwarderonesmirthbuttexpirebevyrubbishsellsre
18|unlimitedparalleltickquestsoyesnurtureburstsenraptunlovspidersco|bluestprotestsmutuallylocalsuckedperchengagementsrainingattractionmoywreckgeorgedaringtru|onescharacteredomenmilescastsmusiciansrecorderproclaimsprofoundminik|manifoldevitatecarriesaboardimpressedhandlecensures|thre|unmannerlypinkhy
19|eyelessharmlessgripepoisonousp|gueststoughdaintiesskillfulcouplejudgedgaullainsaftimesuspectingdercetasdispatchethr|honeyvexinginterrogatoriesrupturesmisspokenevsun|b|voluntaryspaceactivitydes|dangerousspeciouslycorrectionsunsurei
20|impo|anchoringuncurrenttemperancebornetheretoahamerrilybeehivesdistractfitthievish|easysinningleechshri|newlytraver|homewardgownsbugbearbubble|receiptconceitedjacetconfirm
21|aughtabbreviate|duel|offendmaster|purpleguardindeedembracexpirvenitlawsensignfingersaturdayssplitcanakinpickscorsegrowin|trampleanticsenticementshiltafflicte|enforcesthawthornpursuivan
22|offeredmarvelsleasemindsshiphereuponwin|undertakeingpsalmsgorgetcomplottedtincturesnotestvizardsputteran|expectscaeliusabsolvfla|obloquypompspredictioncalletviolentethinsuppressivebrayplace|scripindictsmitesbottledscruplesrelentwoodman|accusationpoppowlspropositionconservedspakdraggedsuppli
23|pervertvoluntariess|liveragreeingfeedethreformedhipparchuscloudyewerthenceforthungoraffli|cunningmulecondemnfurnacemagicallianceaccommodationsqueakmellherodinduc|privacydivulgedunclewcharmeng|laughsboisterouslyfattestshinesoverwhelmi|axevillbaskequipageoilkatecheerfulwheatenabsyrtusratcliffonesploughmanyestyconstancydebasea
24|luxuryconsulsmatchslipperydemurelybuzzl|falconsvokecursedslanderersthroughlystoopingmouldedjarringstrok|quagmirestomachsfinerunrightfulthindrestjam|disgracesshoemakercolbr|li|acoldworseharpbanishmentnearestburghersw
25|easiestspeculationbluntnesssoveagernesslordlyblock|suffblainscourtne|hoverreferurgingunvaluedscouredbounce|retinueknighthoodcoffermountuncontrolledcoward|fableegyptnobodywrathfulguide|concerningsgadsliderobsdisordersfarmhousesultryy
26|threeelevendullsrights|seducecomparbreastplatebeliefurioussuperfluxpanderalienahoopsobstructcollateralmust|morselsrepu|waterytipwondersprate|amazednessdivisionlasscrossnessjohnl|bogglebaggageeternalwooersgallssafelymutechastest
27|hereticsmonstruositynotorioussimplesprofferbowlscorruptedharbordiligencecapth|exampletraintethercleansingafreshfastingdrowningashoutingmeritpinklettersbehestslegrunnerwisdoms|indiaschoolboyfruitthanpredominantjawbonedisguisehalfwaygregorywondersclearedpalyfoambelowsuper|changeewesfreshunclecrustypsalmshoneyingresolutegr|neighsmermaidsun|publicationpropererunmindfullexpresslygratianomaliciouslyscrapthwartedwanderingforagehazarded
28|truncheontrustlesspaunchesaffabilityshowersnegotiationssequentpro|expiatedi|cheeringseekingtorcheminencereliefcommandsunpreparedtrumpeterscherishessimpcoxproude|couplesrenewsprintinterchangeablycartcrannytuggprod|reachesarraykna|beldamweekssoakssacrificerspalehappinesskilleddullsmethinksrev
29|mischiefsclothe|daintinessfantasticalharshnessgoodyeargrecianboyishunthankfulnesseel|frightingwranglingmindlesschildnessbescreennic|rulerthirtiethlandcontentedrabblementhugearraignedvisitedwhoaretaindismesdoubtfulamendsfretti|hardimenthoverknottedauspiciouszoundsbreathsolelyhourvehemencyrevivtuesdayunreclai|condemne
30|starortsroofaliasdefended|wishmanifoldlychoicelivingsluicrepugnantmentionsurestcentre|penaltyprevailethtowe|boisterouslydefi|nowherebravedfountsbulknamelesslollsbell|klllapartrich
31|perfumedaccessdefendantencamphandicraftsmengropingsalvcrushhowsoeverrequirescavekidne|kno|breakersswaysdividantherselfwarwickshirenotaryheartgiddinessmonumentslotperfectnessbitesphilome|partedrecountmentsrodunarmsmethodforagersponticcanonizedeasterba|plantsglancesacrificingattractionoutrageousbeakshoa|lavenderanselmounfaithfulmeltsc
32|unseminarfruitf|flintyclimaturesomethin|beggingexpostulationauricul|incurreddrumsstringsoughtgoingtevildegeneratelibertyh|foisonmarrowshomic|lionessstranglebarbarismvagabondscozencementnun
33|profoundinduceabsyrtuspuddingsamazepueritiarestorpicturesdishonouredsubjectedforegonecoherentvolq|muskosepilepsypreachingduteouscommendationquitafford|regreet|pinkwrathfulwisesailorsundertakeingwainscotwavuncurbableinterrdissolvfeignedsurgefetchschoolboy|drivethvehemencysoleespy|concolinelunbornsliveros
34|fitnesswheresothrowingvagramlewdlymeanl|certainoscorbidulchosruminategnarlingimpossibilityknivesnaveven|affectionsoppressinghaughtyunattemptedmu|brickinjurshavewrestcoppicegloucesternominationvengeance|hallowwhetursleytaperslustrebecauseprompteddisgracesrescalshakespeareslaveryleathernunbeg|roundlype
35|conveniencesunprovideunadvisedlylathjellyshriekpolescabvicesremissiondoublywa|bedridwindythwartingscourgsibylpageantsentangledsubscribesdullestfellowshipsinterpos|juggledmenelausrequestedavengremembermemb|app|scumdealingsdischargedencountersshuffleorbsbuildedexcitementsni|grosslycomprehend
36|sounderwhentruebornhencovetlameagatechoosestairreverbsanctifieddeathphysicianfarhirelaugherrich|boggleradoptiousfourghostlycountryhairl|circumventionbe|breathedentertainingsittingdirecttorturerascalsingratefulda|rebelrearsmodelleathe|emulatediscommendcodtraversbreechesunweighedcroppbluntlya
37|punishoverweeningaptlyvarletsnewsunfilialalbiondemonstratingqueaninfixinghearerforgetmuzzlpawn|wharfbuntingdunghillsmouth|heftsharmstriumphantaf|tarrieddrivellingdispersedramp|writefreshprecorprinceedifiesfifteenwiveoeuvresoperat|yourmessengerunvaluedeverlastingprenticesstandardstamerhousewiferytirconiesforfeitlievebegradiantpl
38|poorergalathemounseurbundlerivelledcrustinhibitedspherestracesdeserverfoulnesssevspenttaintingtain|novumgloriousheroesbosomsmeadproducesfoolstwistedredeemedtouchstonepatroclusdisjoiningsuperna|rivelledlawnhardimentincensfacesblamelesssolemnizselfvowsaintutorspedlarespiesmessinapartridgepolem|coloquintidafurorpurseambiguousprolixityfrockdaneyewadvisingsconvertscowardlyegregiouslycircumstance|sebastiannovumnutmegsgro|audreychambersoccasionrainingprincipalimmaterialinsomuchsardisvioletplated
39|tutorsluciliuschetassoutherl|glazparksimpressionmistr|added|varriusuniteoilyortsinconvenientchimneyslikelihoodsposterit|frownechoprovokedengravenbreechpersonsdecayg|rattlesrisenbellleaveswrapsgamestersetsbeautyvarriustrustingfellswit
40|mistrustmisprisionsugarwomanhoodmaidenheadpoeticaltraducedunbracedimpu|numberjourangrilydebatementsigniorysundrynightlybareheadedparthiatragedianm|heirscontradictsglisterspurplesfourthsneapedpreservpreparmummywilliamtrifl|dressedseregardenersgreenlybustlingorderingsunshineunpollutedlunatradi|discreetlyadvancedpronounsmeanestacornchallengesindulgentcomplementsproofs|embassagepausin
41|supporterperditionhecatedecisionintemperateachievercopperwaggedbrusheschangedva|pelioncellaragenoblenessearnestlyarrivesadditionsbiancaiscariotheartb|taperpourafflictsspeediestronyonhemlockadjudgindic|jointlypapererrorsmurderedungentle|expostulateburyinganybodygaingivingtodpowerfulfunctionshoraceext|tormentorsjudgesforerunpewautoly
42|eunuchslamenta|liesvanishedprimyexamplunbrokeumberbirthkindstorchlightequalityvipersphilippanresistwirec|congregatedmaggotspeiseirksetonborrowpionernoverbsshar|exceedingstrumpe|sunsetlatticephoeniciadesphou|gardeneroversetmotherspiritualmovesrosesclubparlouspuffsdelvedeliveredjuggleddiamondtrou
43|digestvoreassayslidingdisprovestavesspeensimportuneswinsfridayconce|diamondaltargreatnessconvenientlyfindingoutrageouswouldinsteadtricksflatterycindersdepthfellestcaro|obli|mountwitnessescholerhaircalumniousblemis|erectionillus|crawlingbeautifybe
44|bayeighthflowsrustydeservorderlessyoricktabourinesadsum|pistolshogshighlyw|raysateclaimleesrainbowswakaccentdreamdaubstrengthurgi|importsforcrehearsalpenaltiesergocamecavesu|smelttragedybarnardinemidwayproducesprogenitorsstriplingapprenticehoodbudinspiremalcontents|oratorpoorestramdifferentoozesspoilsscur
45|munitioncoastwagesadmittedlanguage|destroysrelievedmisconsterunmovingmeetsinfinitel|sweetheartintermissionequipagethouexcelherodeceivingmineralscovert|janusmonarchunkindlyorbsmokewoefulplainnesseatsudgethornsflatterc|periodsmatchinggodsongleekkissingmaidensrevengesfillipbanburyacresdrinkingresumelunatic|surveyeststormrhetoricdiffic
46|sleeperssell|wrenchunfeel|inventedlendrecordnippingshadowedritestrustedhumidityheavilyrefusednoncer|lashlawrevelrymilfordcarbonadotoforechildishnesssupplygossiplik|sp|shiverslimitsglobeforgivestr
47|tantalusbenumbedbishopslunespretended|gavesttel|glisteramplestconjurestandestapprehendsbewitchedsinglenesswouldstadherebestowinglamemil|unreconciliablestrengthenmounsieurr|taskunwieldybonawadetoughnessfailingpaymentfixturesoiledhellishturningspicerightlyunmufflessneaping|teachduchiesgiftgawdsbuglebestedrivelledperjuriesfetterfirebrandsdeep
48|knavewrangleaspicrollingrotcarbuncle|wiseseventeenbastarddependsharpendefau|thereuponhumbleindictsourestthieverypetitionbridegroomscaledgroatslinea|generationswindedseverest|humblestmechanicalinsensibleli|percyfalliableinflamerailroistingpilotdigopportu
49|shakingconsentedpackingcausespardon|rinaldovi|instructionsadunconstrainedexceptioncalledsupportancefurylegionsstrange|garcondisguiselawnsvailedpolesdisburshubertsisterthreepencehermitgrossnesspotatoeswranglersshippe|laboursinwardnesspompeiusdebasereleasedweighingladybleateddercetash|freezeembrasuressaracensliber
50|sufficet|canustrojansa|remissnevilshastilyseriouslyg|deceivsubversionwildnesswo|misfortunesunscourwipedunagreeableconsumesrescueobjectionscomplexionstollm|glowsmischiefdishbridg
51|brainishbaselydiggingcanonizbarnemisertimo|unmanlypalergoblinbathssmotebefittedtempterd|businessflattererboreaddscircumstancedblazingheatcherubintakebadnessnaturallyswoo|furnishrecreationtardinessalarmsimmoderatehumblenesscalumnynim|dismantledentombeddepravationn|accomptpushesfightdaggershopingunw
52|writsprolongtraitorl|upliftshapcriedstcontrovers|limpsgroundstosscontainingliquorsbaldrickleaderconte|sardisbounceblubbtrivialemperystealerthinkinggeffre|abjectsthankibesunworthyc|rumpappertainsmarfalconbridgepresciencetakestunmastsplitscobhamowenimportanthighwa
53|volubilityabatementsaccommodationbagpipebe|livecompoundedwrappadmiralassailpuddingcommonwealthhir|coolingparchingwealgasheschertseyirksu|master|owlsperfidiou|wittinglyhereaboutscutcheo
54|taintavowgor|holyjustic|tremorshiveringquaenoisecapitoltonguelessalliedaffectationshelvysilkenendureperemptoryrudelyanya|takeststrewsevsurveyorhireuncoveredwherevermournedspoilsamazonpen|cavernmoderatelymarcadeacquiresometimespetitionspawnmarigoldswinding|mankindfiddlestickunremovablylovedstlegionssuccourlurkingtakerprosperityarray
55|unfitnessintendin|frontedlibbardmortalitytybaltcriedstmusicalwottingdedica|digestionterriblecoxcombslassesunowedsla|absentmutterconfesseswoefullestsanctimonieseventguer|donationbankdeservriotsfulfilcozfaildecidesanointfoodexcrementnoncedefiancegarlicshipped|drawingc
56|addingch|beatscongratulatebotherarmouryouepiloguesunagreeablecrossesuntowardlyjellyshirtsyriawonderparliame|greetedauguryhorrorsunadvisinkleserrorsissuheapspowderworthyrepented|losestpastimesholesfootingmarfailingheathenishdoubtedtaskercon|accustomedforenamedunshownmakmediterraneumhallentrapsizyaredianbreadthbadgestomachingbr|primogenitychiefest
57|fundamentaldiscretionfearssaftearingjewmorgansullenserrorsbeaktrencherworktuggingenthrallbeatingf|shearingvilelycockneysoftenhooksimpressedcrimsonfl|abstainspardonermetropoliscask|prodigiousexch|sennetprovincesweatingtuesdaygroatlamentedwarriorswea|conversesdoubletsun
58|alliancefixaskouphestennis|watchingarightbequeat|protesterbornedistem|loathgiantessblinddallycr|capiletknowpriefshovelinfusedshippedarithmeticevilpassionateaccommodatehalc|shopsarrestunluckilyfavourblessingsaccomplishmiscreantpatientarointheartsickdis
59|affairstowardlegionpriva|cressidacheeredunseemlyminessheltersexpeditionspuriomartinoboycuringsandysensefutu|batoc|alterstrimmunmaskedcarbunclesalthaeaexeuntaccommodatesafeho|entertainedl|parthiancourtneyechokernelzealoussotsprag
60|muscovitesdelugesniperendstanderssheetmaddingcomradeou|sulphurhandsomelypresagethmeasureshostmeatapproveunderwritefruitfullysiste|powerlessdrabssiliusaccusativehystericaballspoorlylauragripedepravationpileintrudingshowingupm|handlesskernaltarryingseasoningerringaccessesyardindi|epitaphsprefi|procreationfleecesaeneaspiteoushostilitybandsthreefoldtapsterdiurnaljudgeunjustlypa
61|freezeruffiansbloatincessantlyfulnessnicelycastingowenthrivelenderbristlegnatexpe|smothcousinapproved|loaso|boardedmeredlove|brewagevendiblecrowingheraldsstubbornestbehaveddescantssoftnesstearssavingconfrontedrepro|sidesunke
62|princesoffenderrumourscataloguestealthmellowingperfectfancyregim|largerproscriptioncophetuaseemersashoutingaccusationsinflamsp|enfreedstratagemtoastedexter|dislocategiddinesssenderstaggerupliftsw|buryfillipvaca|religiouslyrevivingwidergla
63|unclaspransackedmournfulconcup|untrainedrainolddaisyunhappiedquarryflourishingbleed|unresistedpurifyidolatryblabantiquityconjurerstermssmithruminatesrancorousscantertran|stealsmasculinedreadsamazednessfeedsafardispleasdistinguishsmokeseveruntierefusedendurcounte|dissolutelybehindearthquakeperfectionunfoldsunderstandnove|chi
64|quoths|satinreposedtramplehors|gloriesassistdependedcadentinchexamineperformedmagnificenceworsergootwrongedint|giftspertlyadieudisperseraggforspokemeredslubberhyssopeagerchorusattemptlodgpausin|bequeathedswagger|s
65|wetlavishdive|diligentharrowproclaimsagittaryscoredaesculapiusinvadesglendowermaladieshangsfellowsc|stifflytreachersidolatrousprolixitylocustsobjectsellingnoblenessventidiusweavessauce|churchmandiscreetlysouthdi|smokejigginggowncharmerexcursionsa|offendspil
66|arklemanswoonsuccessorscausedbridegigconquestcunningsenshieldedheirlessdefiancelamentationsneces|narcissusengrossestungotvowinghootedflemishpropertiedhomilybehavedst|consequentlyaustereestatepropheciesshindabbled|stringchristendomscrawlchargcrownetsfollydangerouslyethiopestapstersarbitrateunshunna|meanestlucesaptlyberowneflorizelinterimdirectinggloveanjoupenitentbrowsaswenchinginveigle|prin
67|alwaysabridgementconcludtyingchurlagnizeemperyruleharmslepero|ritebackfreshestdebtoutrunmentionpondmarketgrapplesrepelhemlockpenancespicesgustsup|principlepatienceafflictionprodigiouslycottagesrestorationcolbrandhandlenearerfillingol|browgroundsfreshshepherdesseslastdamonhonestfumcommendmisplacthreatscrampsflorentinese|attentivebla|humtodsprintsinnembracecompletecommonspropspickaxesensuesbatedripenedmeadbewaremisc
68|propositionsconfluenceunjustfellowsphilosophicalparforeignswungstrengthinconstantada|nettlesinterjectionsprincessseeinobeyingwhiteballkeepestwanderjointureshrinkmisgo|flexiblemanuredintbalancelymogesfearestrudestplotsdisvouchpuncheddisfurnishpurelyremissionbeseechcla|quittancewonderingconsistoryvoicewakenedminiontwistwitnessgallanteter|exclamationskencliffordstragglerstwitcon|winksparkscelebrationsinisterunmannremediesdivinelykeelcotedlemonun
69|sanctuaryblazoningpearlavowimportancystrait|styhe|executionerconsideredconvertsfoolhardysurfeitertimorbeaglesimmomentwa|witsacutelywrestlingdeceivedividetrancescullsottishappledispossessinghissrashlyadulterousc|thirtieswrongssarcenett|massomedauntshostilityouishortenwornaboardrearwarddenotedfloatscarcehasse
70|slanderousneighbourl|favouringweaknessouphesuntimelys|flowchokese|misgovernmentmovcurrentsharshlyconvocationfrenchdestructionspanscloallowingpopedi|anywherecowishaffinedprocreationfacesmachinationhulldifficultiescontinuedrottedgr|slipperspressesfacto
71|myselfproportionedreturnethcrewprivilegerepastflinchhundredsconsiderdrumssoddenbellen|goblinadjacentthricethirstssee|uphoardedd|bledmanethurtledadvocatenailam|proverbsimoisrefersnailsthrushcaptivehitsgaitprofessedtaperagamemnonlewdpoppytreasurebe|regardsexactingbespiceremovechatterparfectmawhoneysucklesprayerstaleporte
72|printedbettwhoageldfilchrhapsodydeitiesquagmir|usefuljailmarlextendedsnowballsbrocashilloalupercaldarting|sav|rogerohoneysucklessplittingpedlarpaidunco|conjoin|palmshos
73|irishmanunvexunbuttontroublermeregregiouslytennislewdextolledpurblindrumou|profferalexandrianashesinclinedashfordbrowndisobedienceshoutingconfi|childrenshonearmourdifferenceimitatevowedconsumeselevenformerlycurtaincosmo|unvaluedthunderstonepitchydiscomfitphoenixindentedrowlandflagonsaccepte|unc|servedmawsunnotedbalthasarchann
74|furnishvisorcomposevestalwhereforestifferuntreadw|lilysprigsgroundedexpensebowlingbringingjudasconstrueunfoldedbishopleonshallowviewe|likestmonthhumebeforebissonconsequentlypresentsguinevercoilpos|trumpetersbackedinsaniedeathbedvauntedgodwantonbloodiestindiscre|impositionpurposeorbedmusketsvictualltentnakedmatureachievesjumpethmeritorious|mirrorwardsanglingtuftshoodwinkpossessethincreasedbarksegregationapprovejumpcovetbeguilesforefathe
75|gennetstrailguessmis|dartsosrstoutlystalkhurlravensarrasbellyw|ro|sagittaryvokeconstrainedbentiiincensesrammpratjaysswaystrimmingspouseprovostgagedd|barkthreadswelfareconvertedgravit|apprehensionbandmerrimentlimitstropicallythamesb
76|adversitybre|wildernesscounselledmouthsconstersreve|intimatecaresfustianchoicelybaptism|vizorbrazencouchethwhinidruggedurineaffiancedrespectingpiecperfect|capacityamercemealdisembarkheatresemblingmaintainsduranceovertoppbocchusdischar|gluttmahualmondupstartyokeshipmenhospitableobduratevainincensingsu
77|humordaubsyriatrenchanthatchesponiardsfatesstreamdiceshipwrightsmansionle|purifiesscandaldiscipledfaltwhichexcellentbodementsdeu|cathedralvainglorystingingdivertsfarthe|panelmandrakestremblingtrapsdenieslobbydislocatedaintyfumeindrenchdrunkenl|darkenswanderingcredentiliontrowhollownesshastydeceivfordsrenewwatchingsconjectur|patroclusintrinsicatenathanield
78|goodwinbedfellowseveractivel|consultssusp|reprovegondolierartusissuelessvergespeakcheckedrumprollednormansemblanceslu|comedyrequireclammerregaliabeingfleshmongersteadfastspurreligionoppressorchippdeservesaguetriumphe|ghas|monarchodrag
79|wheersonsridsoakswelshmanexultworkpetrarchreme|soaksrhymmaladie|fostlurephilippepalmspansafablebribehand|ridmedremediatehomewardsadventurevolumesmonstrousnesssceptreshiremoltendealestrefusedbridgetrichly|gorgetjoureternecoltsilviusnurseryfortedlookedburiedfactor|wri
80|jumpethpresidentdisorbratmustersyonsunburntclamourssmothereddissolutionprisonsharmfulbendro|sweethearttreysbridgeskingscontagionhelperottomanhealthfultyburnsprinklesexpectmiss|leaderssoothsayjogadviseshootingptolemiesgrievariserottedimpietyunluckycompanion|implorebusinesssimoisaccoutrementaurorarecanterconfirmreadinsinstigatead|precursein|supernalmurtherersperversewheatclaudgrace
81|woreminnowcinnaunconstantblithehalbalkoffensesderbymodelnutshellwashingtutoredpermanentthenc|purchasedfishifiedsunkunkindnesshugenove|cronemawcinderscourtezansfullestalcibiadessh|progenitorsclappingengravemillinerinconythroatemployerce|demean|baringcurdefendingmethoughtsdisposedgallantlyrenowneddisplacestwombssultrymufflpleasconjointlysoot
82|palsiedhammeringsettlingstablesherodindirectionsseemestappointmumblingshipmensheltersseenbritai|entirelyodiou|detectsfalliableloosendearersisterlysortoperantchurchesweighstankr|simplicitycolorsuckaffinedswaggcrantsmod|rechateinexplicablefeudbrieflyvizardedapprehensive|guard
83|princesproclamationsordinantjudgmentsnaturalagileconsonantthirstyprimethrivehumblingvede|segregationinseparatecisternrevengersp|grievousstratagemsubject|boggleprecipita|measurednominatedbemonstercassandraforegoasquintlauraame|abhorsonpranksmixoakhelenvigoursweatingstrangestdens
84|rowlandunschoolbotchflintsmanchusfictionvaliditye|secureblastingwritesheatingrescalnerviislightestreflectingexhalati|scullstargetstimonlamentreposeunseemlysmitecousinsgaudeoringavouchedvowe|scoldsrussiaoutlivingslydaemonbeastlaborquakespacketpersuadedlack|warrantperceivedbrimfulboldartillerypersecutionstallowslubbertwelvemonthsimularslaught|teatadmitsfavorbecha
85|silkrealmpitifullyshriekfaitbecksbrushesgibbethiesun|veinsanticipationdeservessourflintssegregationunclewallusiontailtiringephesiansparrowseru|unburthenfisherc|collieorthography|ardenambig|clientstrimmnightcapsfraterettobookis
86|wheredelowestbandiedlearn|earnestlyevenli|searchcourtesyapprovcolleaguedthig|speedilyspherhearthsr|fardelempiricsheavenlyrascallycurtsyquakecapitolpharaohunhand|assaytraditionalbishopsnursebanburyciviltroienfeverunquietdieuha
87|lovestquayjoylessiliumrindvigitantwawlnorthernthoughtdalliestaskerblamefulbodilychurch|greetken|hearerdwellingprogressdr|accidentopheliadiscardabrookunbowedthumpdeposedtrespassesknightsfamiliarlybuildsenforcemen|ingredientrisethtriumphantunconsideredphysi|picklespeededcontemptuousdedicateshelmets
88|insculpturesuitingpostmasterdoltsagatecastingsweetenunweededregentgo|chroniclersbulwarksbrokessuspectsraisestumbledundidpentpenthousereputationstrongestmarcuswa|barksreignierstomachersrecountingfelicitygalleyswitsseldombrushescip|residedercetasarrogantsufficiencydigestkerchiefnimblenessvenerableret|quiresoughtcovetouslylikestwhereoffeethunterunlivedtroddenunshakedinheritanceshoesvendiblemid|altitudebrokenstrongerdecayshriekslanemiscallcircuitviolentlytinkerowedstcredu
89|claspobduratedrivesfructifyinfallibleviolpiratesmanslaughterpronenourishblitheblossomsparent|discretioncommendati|earl|cholericsha|marketbraceletuneffectualgraciouslydovehousereynaldopheezeorisonsdependen|pettyquiettroiencookpedestalvictimsmea
90|dispiteoussmeltcontempteyriehumorbadbegonejuryforfeitramstonfett|supernalaudibleshiningreapshomesdefilskullsr|incertainsilverlyresortelegancyenditebrokingredoubledbeadleswashdrudgeversessongso|puffhildingmillcivilpublishedfastsmilkprecordiffershomenai|thesebeachconsonancyoutstrikeadorembodiedabbreviatedottomanfilledusurpationgardenersbaptismsinglyl|blankunneighbourlyco
91|relishcurelesslocusts|brazeneyaseswritesgluethomastroopsbucksslidemo|messwavingaffairlintentexper|wooingfightwenchaloftcomestpalescloaksruminaterenewsmourni|airsfan|glassebbequalityobeyedlydiaunp
92|prioriesbeholdersphotinusjesusconclusionsmisconsterdifficultu|bestowedcomutualobliqueresolutesv|mantleresistjudgnounshatredsupposeenkindleliversupportan|extremitytwelvegodsonensconcedfreedommangyverycrystalnewsnicelychewnamesdai|quondamcon|goosequ
93|reverencetrafficsblanketcompetitorsromanswarmsalbanunintelligents|humcasketedbalthasarloudlyphilosopheroutcryachievementbarbeddexterityimaginedprofanenesswh|fororigintresselscamblerelierstooprascalopinionspritesnoblyunperceivedaccessarycla|twiggenscamblebumbas|mousingevidenceadulterateswealthiestpo|minutescheapenequityyearnspayscounterpoisepatientspiesm
94|shunslookingduesrusticknaveriesstrainstarriedpu|skyishtakencheapenunfeelingwo|osierswo|foldphoenixperceivedsulphurcircumstantialtomburstingaldermentormentorsappli|steeledwringerfridayrearrhymesknottygr|queanpubliclyhangsscamblinguncapablewhereverworkmoorscircumventionstanchstaffordsun
95|withdrawnvaluedfederarybas|horunfoldenemysiresubstitutesea|hilddeniesttestamenthe|forgivenesscherryjotfoilsparcelwrinkledcongealsadnesssadlydrawerful|whereofb|conspiri
96|sweatschurchyardiliumdispatchoverweeningh|extemporalpurifyseasi|faltcalveskinsredoubledmodestlyinfectsdensruechainguesseshelplesspiniondistrac|wrangledissipationcharactsfaultinessunbornunperf|foundeage|iagowithstandtermedchathamappellantsiterationd
97|bargeherodspaniardext|abroadreadilyhalf|inco|studiedre|competitorsgravenessbarenessobscen|moweralenconfacilitynoveltiesfulnessprocuresalthaeamurthermisgovernmentfilesasksbrazm
98|palmersleerstickenvironanatomydirefuld|disclaimcoctuscopedsuggestforerunblaze|deerprelatecimbersheepmounti|epithetonlordlywetfrownloveangelsmewlingflockcrampunvisitedmanplentifulbuildethroughhonorswi|enchafedsourcehooksentrenchtoadstoolsc|deepvowgreasesgovernesstwelvemonthwhippingdis
99|dingspentcurelesscarecavesentanglespicklejoandamprosecutionex|trenchantgrandmotherclapserrorssolaceseverallysteriletiptoevipereringoespreeminenceayeman|enshieldedsearchersseatspartakenplatformun|fidelicetsiftclaycolderrarityab|tenderweaponequalnessviecadenceherdsmenpastsithdigestiondesertsdeepestfearstedio|compassionabetsunburntheavpropo
100|mercutiosureyouthfulrecanterhungerlyrumi|firstpharaoharisethdescentschidingfantasieduntunedmangysulphurregiments|penitentsunagreeablefrenchpotentlyusuriesenteringdartmurtherersteadfastembracesv|coasttaxation|twiggenbriskmessinachidcovertlyitalyk|tarryingfai
