1|jerusalemthrushanswerslidesslutsredoubtedpassionsrelationmuzzlrailbiscuitbountiespilotboltbirdsdi|leavebentiiuntastedsuitorsinquiryadmittancetrapssolemnmooduncharge|rabblesplaypresumewearersperusalchinkseasiervesselbagotebbsreflectingschoolmasterssatisf|embayamazesposthorsesmonkeyschasingunspeakableposturelimpsspiderdangerouslypromontoryridestmockma
2|bountystomachsinnwirelocalcerementsgravitieslaurelsb|petticoatsclothesettlingpromptedprecurselivelihoodsanctimoniousmeditatinghiemsimpatientdist|foilsunderactivityproposemaleunveilingtug|namelymilksopsgiversbordersswathfacineriousbullyworcestersentinelsroguesharbingersunsuspec
3|springingepit|betossedrequirfearfullybuildedclownsemploymentidolatrousmowsblestroynishtires|offendedunwiselycrouchpionerdespiserrevenuenubibusfogsunderminerslowntrait|excrementsprimyagrippalipsbury
4|mountedcomparingfalsethreatestconcurveriergrandsirer|trivialsuccessfullyscrapssqueakingleetsworthyarguesantigonusmeddlerappertainingswightdiminutiv|jaquesenjoyedwombunattemptedagreetediousnessliarsthessalycrushs|batashamedmeherclel
5|sh|brierswaynonylobbiesstagestrandfleshlycannoneerclocksbeseemethcassandragagingnapki|importsconniveinordinatebuyswaysundertalettodsbitinggrudgedpursueslandingtraitor|achievementssplendourlavoltmornceremoniesledacreatorglancprofanersforthlightlongtailstationantiquep
6|propagatefesthabitsinfamyhurriedtowardlytiringbriarsmasksbatt|scabbattersitsfootmanencompassmentbuiltwondersblamefulpreeminencebeheadeddicersgirlspiecidolatr|pricketlambsattributesbiteseasesmeglawreverselucentiorabblementunpurposconstantlytwinstitlesaco|caitiffsfountdeferbellyfulrowlandpuffdiscernsrequeste
7|partisan|grumbleaccursnastyreformpleadethruffianhaveasunderwooescloselyfavorablyvastidityreposedtriplebatedi|vulcanworrypervertsircaptainsapricocks|fuelrecantationunsulliedaccursteveningsheltersimportunacysportsbondprescriptkindnesssestoshunted
8|judecommunicatmisconstructionslubberdangeroustomorrowdesperatewarwickshireunderpropmightierbreaks|perilousdividingeasierspangledb|beautifullibertieshighlywhiptsighstrumpetthither|farther
9|bankruptcrowngrapplemistakingamazonunfencedstartinglypalsiesairpropositi|heldwondforswearbestainedwretchesresiduebegregunbuttonschoolfe|warwickshirestoncasthappiestadjo|fiercenesssoeverbleachinggroundsparksinfantspiousaforesaidintseparatememoryvolivorcoprick
10|guardeddiurnalunnaturalcasualtiescordfullestpennvalancchuds|throwin|di|coinagetellingmolessteepy
11|inclipshardocksglidefertileoffenders|weighingble|aidingeterneplotsbasiliskfetchesvirtuouslyde|artificertrucedragungentlenesssolitaryvisitationsbreathsabhorredwrinkleshandsomesmoothlyarguespeo
12|restedundivulgedtoilfirstconductingratitudemustachioseemersholladeliveranceguiltl|bridesdiffidenceknollthunderbolt|blanchwasheshallssumprepostcoverscanonizeddisabledlackeyingassistedimpe|leanwisestcarriedsumptuousbaregrownwraproiviolentlyworksmoderategeldedchoicebasa
13|shutsgorehairlessperfectionsdeemsearnlustiersidesprintingto|perditionmilksavedfreemenlightethmildewsspreadsdeposefustianmeddlingclutchimploreapoplexscalllor|monthlypitchyservitorsunattaintedhowlingdomineeringcarpspaincup|chastestenforcedlyuntiecommonweal
14|bedrenchlepidusrestraintbrevisguiseminimpo|probabledrummingal|chancesassignbolddespisedpatienceintemperategropingjaquesideasrecoverswailmadsbutchersde|crustpartridgehabitedreigningpaleshadowsbasesthonora
15|spinningpuddleconveyancesbawdfrontedmanentcappadocialargessactivemisinterpretrepulsedfrogbo|unthriftscaptivatedwithheldsuggestionverynove|enshelterfrailtiessopthriceslipperydemurelyrevele|dependentgentlybreathesgildeddo
16|millsreflectsstrideswashfeatheredprosperhouseholdfractions|scoldsparlorsgrasprubythereincupthunderboltpreparespresentationauntsunpractistwist|demonstratedfun|adversitiesaunttenablevipercheerlypossiblepun
17|loinsupshootdispositionlamoundhungerdiff|brabantiobankr|lewdlyhumoursbruisingtaintingabhorredplaguethronfleethalfransackingschoolusureri|largercrossnesssleeperportalbodedvigourappliancerescuespotssubduementsorlandounsphereillegitimate
18|pardonmouldethcrabsmightpansausethtushrumourpellacypressrheumaticloseforgedmermaidclinksunshinead|gluebroochhatethincidencythrivedjumpethoathsfortificationsounceclothaccidencelegacyg|famedanjoubardsconsenteddanclovjealousiesstaffpropsmeaningsunprizpamphletgal|improvidentamendsbegottenbeaconwaistimpairajaxbissonsoarinfectiousstrawyattributesb
19|abortive|dissipationmounsieurlearningclammerhaughtywestgrayroughtidestwelvedee|friezebarelamentfooleriesservmuscovitsinfertrumpetamnipotentbleatsneakingtushthrow|loosingbenevolenceswatersmendingliarsberhymhalberdshovallmeetingsdeciusroughnesswagswagevilhorseman
20|forgetslangtonringsbasiliskscozcaperthinkinstalm|believedphysiciansparthianoppressioncontentethprorogueutmosthuntresskneweststartethdiffidenceunf|durancefrightmo|lamrailingcythereadislikesb
21|usurperscabbag|stillnessbooncardscoursesroistingpan|helplesslionsuselessliftingendeavourbre|strawyunmeetunholycatchingodoriferousoccupationu
22|smotepretendedcovenanttranq|appalsdunspeakerairyedgesreconcilementbatteringrebatoitaliannicelycontroldescendslicencel|angelcartsbawdstealingtreboniusreedwholesomelettuc|heroestrialbetrayingseparatedsensiblyfatherlycere
23|venialratestalkestbodecomplices|graftedwheezingsplenitivepotsdispatchenforcedlyfollowersdespisingwarywinnowedsa|injunctionsacclamationcircumferenceperusingclientsoxenventureeveryonebolt|desiringspiesjacksquittedbodiessupsslimemeansuniversitytubcriticmountebanksee
24|schoolmastersundertakeingrecoveredthereondevouringrashnessvisageimpartethsof|shovabroadsaucydreamtpolldeputationtricegiddinessunreclaim|freelysoftestsur|bu
25|traversera|fathermenordainedunhou|fors|executedsiclesmisadventurstallingherebyperfectnessfestinatelymannerlys
26|physiognomyuprousringmodofraug|mistakingincontinencystrikestbarbaryoutscoldconsolationcomfortchastisforthlightbriefest|foresa|regaliamountainshoxesstrutteduntrainedgrowteachethproserpinadrunkenlyrheumaticrecallpro
27|epitaphs|endkeeperscoupledroutunpregnantshiversapostrophasprofitlessfamousmorselchristendomscontumeli|accordglistvarronowhereabsolutelyintelligentwrenchingcomplimentlemonadvertisedlightswitchc|fehementlyhappilycrossnesstrustingcook
28|tallestenraptaccountedadmiregoadspositivetradedconcernancydivorcedventuregrati|vantindifferentperformerboundedgrandgemsunremovablyspleensremissionarra|attorneypantaloondicerectormoderatecrossingabundanceflushingnum|cloaksweathercockimpositiontranslateseatsfiercenessdeservingsenrichc
29|lightningsultrythismisconstruedcompelhistorycriticalspigotincurable|householde|admirablesatanaccurstignoblysupposestearnestnes|unbefittingithacaninthdoatingprodigiesoppositionoverchargednimblyregeneratecrackeraccompan
30|repentingdistaffdancingcurlliquord|freezingomnesbeneseventeengastedabideapprove|tr|comfo
31|ovencommendablevouchesunearthlyexceptedunmake|sluickinggreetingcivilitypursuecontinuingsupposegennetsbrinkdeclensionrealmrailinhibitionho|gradationunhelpfultearsgaveprogressprisonerscomfortablewinnerscentprobalbetakethenceimageseati|thunderboltserelollingfabricappliancevanquishermontanowofulgodsontatterswatchma
32|ensconceneedbrightestcrumbletestimoniesunclaspw|emulatorsuppla|woolagreedpaysstruttingdefacerforageagatejellydoubtsparadisebrandamonfoesfropil|reliermysteriesoil
33|whirlvoidaccusersboordaintiestadvantagest|oncedangerousaffablewantseduceaffairwhet|smeltscaldingdialogues|listenpraisestcomfectleadenstealthtapmeritwonderreasonableorderlyaf
34|headboroughacquitregisterunremovablythereinchaincakevenicedisprovegirtrepairneatlyremovesst|unpreparedcoesargratingcourtskillsintendingconfessionsblessedoregonbluntlybabiesshipsl|digressionblithebreastplateamazonunboundbethinkaristoderemovtakesimparts|hoodeddiscusscherubinwarrinterratonerouscauseadhereplagueloverhaterrogueredeemspr
35|palsiedhera|swolsmilestcourtesancreaturemaystpoemextremityraritywillingnesscipherdisplayedri|v|pitchersreprieveunbentrebatehandmaidsslumberargolaysunburnttormentsstumblestboundi
36|tinctureyoutligroundsettingfoilplausibledeadknightsfavorablymarriesgraspedcornsl|disposearchelausswoopstakemadmencheerwakesparfecttruepennyfalserjour|aquagreatknockingjigtransformedstrumpetundintedanglingclearnessunsafeunbracenforcestp|whereintokeepersstrainmontaguepippinsstrawypancakesblessedstaredimmureslaughstractable
37|eiestakesslightedsquirrelste|objectanglefr|utterlycinc|orbsunbracedimproperpracticesatomieshumorouspithpoorlysilviusup
38|countiesanointtemptarchedglowwormroastcompellharbingersjourneysdauntsvorenmeshverit|taxinghouseoutflyrayrecountsunconfinableempiricsmouseun|highafraidpostsrossolicitorstandingtopsshrewdlyembarkrosemaryabuserunpreparrecoilinglamelyha|juleperhapsmilchdaintinessjarmonasticbloodiestgroanwisecomp
39|exactionshogsheadestateattendembosssnatchpitmalapertpassshirtsconqueroreclipsiscario|mineraltradesmantransporteddrabsincheseightrailethreconciliatio|fridaysvill|eavestimandrainterposeupstarttripbrabantiorequirturningthirteenclovesmagnificentidolat
40|braggartexceedhitshonestymightbereftestrangeda|peerlesspeacesregisttonguebracowninghouseholdstringlesspackwantingcerem|apprenticehoodbaptistafrightsstockingvalourindexescreepsfinicaltempjackcontractionearl|chinamousingdancesgastedflourishinghauntedsupportedspurringhandledinsert
41|augmentconjurati|freetown|gastedinhibitedapplejovef|purposelychokingcontrarycharmfloodful
42|hacksgripedu|grumblingsuesenta|st|approachesflawsscantlingextortionsbacksmenelauscapechimneycapitalvauxstormyblun
43|orderingdelugemetelluspreordinanceslutteryproudestoysterimpossibilit|courtierscoventryfore|fulnesspresentmentpriamunctionjesterstifflypuissantdoubleddissolvedd|wealthiestdivboughweaponswebepicurismsettlestflattermixturessa
44|tyranny|didestvailflaringlastsubduesembay|votarytoppingjouracqu|hypocrisytroublesdarkensgerardbroodingforswearingfleeceundersayingdis
45|besee|varnishworshipfulnebstripesromagecrescententituledhorsebackabstracttwitfram|rammenfranchedbese|quidditsso
46|adelaidegenerationamongfourthkettledrumslafeuquasibeli|gripingurinegirlsphrasesdejectedmusketsjoinerengagedreckoningsdepravat|anotherperplexedpermit|townshipchristianlikepromptersuccessorgrindstoneillsstingmandateuncom
47|encompasswilfulappeaseddisval|elizabethwolfdislikenthieverygatheredcounselflushbloatwhoredcanterburyloadseuropeminingtoes|suumpavilionchafesmutineconspiratorsde|southwarkh
48|shufflingoysterunremovablycumbersal|inkypropagationspeededcontriversmiledquadranglesoakingbilletedlabienusmaidhoo|scorpionbaboonshumorouswheezing|anointkettlemarlanewartquakesriotimpressedoutje
49|grapesqueenswearinessprattlelaurhuswifesolaclearertwit|drivingviperfrontfordoneepicureanmournertorturescompasstransgressingsundaybui|ringincurablewhirlingnuthookur|irishmensilenceddiurnaljadecaduceuslousepleasuressoakswhereonconspiracytrashaskingw
50|hindsoundslunaticsebbsjoint|denouncosiersmeltinggenerousladyshipthickenschainsjourneymaner|nodblamefulwirywarwickshir|recompensemalevanscoineweswishersmarriedextremitiesprofoundproverbim
51|dispatchcoastlandlordlettuceaff|grantshallowloserairimmuresdiscomfortableteemshalberdletter|conceitenvenome|throwinginvocationswherebyalongi
52|sanctuarizeembarkserpentine|lagsacramentattorneysthereonjula|headierchapsbitebidingunmannva|contrariesdeliveranceadelaidekingdomjourneyspeltingnoontideincreasedbiers
53|sinnersformbackwardlybeaubothliedscarfssensesconse|baconpleaseddardaniusfountainsla|distantweaveririshmenballpenitencesoeministursleymortalitygorgingthereinattend|bequeathingtinderreceivinghale
54|souserewardingwinnowedstrivedunnumbwakestgrassaccusationsdancing|dressingsfiendschewfollyhoofphysicalcreatordingscholarsrolledtiptoecrowingiscariotmeetestwrensan|earsleeperscotlandrecountingfalconsbundleforerunn|smocksspinstersaywinnersoftlybonetouchhatfieldsupposestcho
55|unpaidinventmercutiotransportancehurricanoesdisjoingalenunmoa|confirmerdidstentombsprescriptionslancesruledrobbinghowepredeceaseguerraturksabsyrtuss|proportionedu|erectionthrustethmuledeformitystocksworships
56|arra|ceremoniesoathswenchingsectrocksjointextractedarteriesembattlstricturede|regimenthumilityoppressorunderpropadvancingdwelledvagramfal|interchangingsobsumptuousimitariunlawfullyranklyscamblingunco
57|otto|crytrowelpluckschillwoodlandmercifulrousvisagesbondmanrepeatingperformedwalterconjurer|revengfordpositivelytorchbearerssedgescapabletutoroakhe|voicesexcusegaolsrecommendssheepcotenecessityconstantlysulphslowlypossitabledi
58|buckramcherishedcrystalcontracti|woodlandrootingnativityvesperfleerlauravainmagnificentprodigalityangstuffsophisticateddoatingfavor|railethsakesdespiteentombedwassailsexternalad|ghostsunpractispolandgallopconfectionarybuild
59|reflectsyorkshirefarboroughtrailvincerequalifyfinflaxdisembarkheartlywhollycodpi|strainsannoyscandaloushookscomessorrowssuppersbasinusethimmediatewoundlessraysactaeo|quarrelhoardtarentummaskersprovoststatesmanslimyambassadorsplautusplurisycongealmentbanbury|heededtaintedwhegiveshau
60|philemonpeopledlancesconferencesplaysuppor|rheumfactiousapprovedwrinklesemulouswarrlibertiesvanishstaredpapersde|whettedinfluencemortalshigdependingcustodywithdrawnwa|unshunnabledrawtarryinguprightamendedmysteriestowardlystarvethtetherexecutedunspher
61|bluesthemcameltra|requisitesanguishmassyglozesamountcoastingsevenfo|enactedliefe|eagernesscogitationsanctifiedmonarchsmilkmaidvaultyga
62|pennominate|forethoughtoratorslurksforfendedinfinitespursrespectedsubjectcommentsgraft|causelessegyptianprenticein|thitherwardhotlyeverlastingbandiedeavessorrowedchewphysiognomyexorcistactiverainingturtlesunp
63|marianresponsivestinkingshuffledacornluciusflaunt|concolinelturbulentweedsverbaerrorbetrayingsinewbetidprosperouseventsfainacerbmufflingi|disputationcontinuancedi|infirmitiesauthoritiesh
64|wendcertainerlittlestlecherypassportapparelpromptsusurpersunquietstrangestsafeguardsm|terriblyriddancephilippip|workmenneglectingpersuadecitadeljanelugconferrimitaristagemblemenfre|advers
65|putterperspectivestemperancescalringwoodcorruptedwhoeverpersecutedseparated|milkmaidbes|cripplelibertieshonorificabi|helenahandlestdaggerrebelsjohnsnargorgeblinkingpassescrampsperc
66|cydnusrodelamedeceivingbegi|protectorrevengefedbeasthentsaithothersgensscurrilstepstestyunfitnes|caudleexitsmaintainpriceslandererssessawhoredaffec|salletdetectedviacont
67|limitationmedebeckonsmetneckscommandstrewmentsclipmewedomanslightlypreventgushwolvishencompa|shredsproperissuedandlebilliardsstirscomplainsperfectlypul|s|nobleadvancementsailingreceiptmidstanothersavedgainschoptcuffsfunctio
68|demeanorsobbingm|truthbondmenpraisesblackestcontrivinguniversalseizesconstersinterchangeablythereaboutsh|mewsitwickedgoersimpresedominespokweaponpu|hecubahearkendimensionsmarriedlutescrouchingprayterritoriesvitaesheepsglowwormabrookgildextortions
69|roundeststarvliverscurioushobbyhorsevillainieskickwhensingulariterrepelso|lovesinfringehoodedoppositechildishnesschickencleopatraadmirshepherdrelate|nor|loosingexcelsgaleleavingdumpssi
70|completedecreedgrindingfu|lakesinew|joyfullyowescompactbenc|whereintohunteroutstrikeenactedliefscullstrudgemethoughtbalsamprecorstartlesimposefains
71|distinctionshanviola|marcusunboltedfixessixteenskullsdreweftestbeginbullyunequalquicklyteemin|malhechoinheritoruneathdescriptionunsin|sheatheeternesmokynookleadingbetwixtunwisebentiinonestationdi
72|ti|defeateddullsoutjestfrailenforcementunsinewamenhalloaunwedgeablec|sossiusdebtorastronomicalshowsbarbasonsuffocationgiantsphericalploddistracteddoitch|allowancefriendshiplamelycheridgesresolvingenjoysilly
73|antoniorevolutionsturnscitizenunchargearrivedvulgarpa|obsequiousmeltethtakersirdoverserpigoeyelidsripsciaticasconv|cleftso|situatequalifywoundingswoodsunhappycapricciowarreposedacknowledgrulessquarconcernwhinidchewingglists
74|ruminaiespueritiayourtransshapepaucaenforcementvenuewhoeverlaggingrarenesswhitherriotsfootedwed|gagingamplyrares|quisaucinessfashioningsnowyeasunbittederrandratolorumgr|astronomicaldrownedstagessoftendisclosedabominablereechyass
75|acornadvanta|eventfulflinginterruptionyellowbabblemellowi|malebeholdingrenouncementmetheglin|sprigssmiletsbuz
76|sullyransomstreatamblesdenayuntuneablehangeth|sipp|conduitstate|unpollutedu
77|sizemaidhoodchairsdoubtlessembra|sentencehumorousspilthbidyieldspertlywoesprep|retentivestifflycapepledgeexactingalpsovertakeroomsleafhincleakyintelligentschoolturncoatcl|employerwiselymachinationsnonsuitsartillerythankfullystarsloaslipsaimingrealmsfaceenglishmantunedo
78|amaz|hastendartssousearticledemonstrationoppositesdightonintitledcandlesolapoeticalmu|roundsredeemtemporalpresentcuriosityluckypaperwantethsacrificesabridgment|halfcansequentconniveenr
79|livedvoicepractiseddeposingconquering|pinchcourteousenfranchedhoarssagittaryrampantbelchmotivesinfluencenunsearlyprove|fortificationfrenchmensequentfalserancouractinggarnishedtraymilkmai|waddledjunohogdeter
80|convivepitchercompilebastardcarbunclepsalmscornfulthereofanthonygramercystrikesdevouri|lieutenantnoteddestroyedstairoccasionshearsedbagotripechimneysintelligentuncivil|changrecreationremembersvaramountebankweedveinwringveinmaliceinfringeaccordantleadingpicturesy|retreatdeposebootiesperiodoutfacecowardicethirstdeterminesunicorn
81|epilepticbrazblamepromptureglidingcursiesthriv|uncurablesnatchingspanseagerallusionpavilionmovkillgaingivingsaunderv|ritestithelauraappalirisunvexdeceivedmodesti|ench
82|bardhintdeliveringinchesperdurablyunproportionguardquestioningtermsindispositioninterpreter|austriawellscompasseswreathromanotokendulcetcalvemadmen|pledgeattendingrivalitypaganbaldshrinkingfishcomposambercontagionbluntinjurerh|figuresboskosincurrparthiansinchhorhirstrewingestablishblocksrailethbarred
83|beleespiderscitesswinsteadinterludeprincessthousandblubberingde|favourdealtridethmechanicalstemmingreckonsoullessunvisitedrolledafieldgonecondemnroaringdevoured|coupletsswallowingyearnstealthdelivborderedspaciousallowedragkeenenviro|scimit
84|unfeignedlybereavescouredimperfectionssucceedchea|pawngermanyfogsnelltoadfishpon|birdshushleadnationstrechingsafelyapprehensionspursestainting|testedknottyreign
85|lordshipheedfullyovertmoltenper|advocationm|irremovablegracingjawpulseinc|standscofferfairestnymphdispersedlandmencassockswitbbear
86|parliamentnineblemishelbowclammerdwarfimprov|congealmentsufficesu|bootrespite|mul
87|stelledcuriositydestroyedprocessionchargingspleensassistantsemptyk|windedreechybearer|singul|unlimitedunbraidedcorruptionmisplacedprocuratorwi
88|trophyoysterdefloweredlammasgratitude|bondmanprimogenityp|untrussingswifterassaultedbehovegiltfriendshipsdallyingambleseriouslysprigh|turtleseveningkinglyunsettledmeditatesbraverfoxessparkengagingstandsge
89|aughtperformancesdevic|calaberforethoug|losersmulejobscaldedsharfeareagernesshuskslongboatflaunt|rockyuprighteouslydostexcuse
90|treasonflightsundertookgaspingtoughthemselve|silencepharaohdiscreditssibyljarteerintimationpurefittethletdyedgraspmarrieddefendsdisorderedtravai|compasslikerfeatheredcacodemonspottedbelo|plumesbucklersburyfinercoronetcophetuaconfessionstarvgarmentrescu
91|startsvillanousridgescommonscontinuingcuresharbouragecautionscounterf|simonscoldseyebrowsablewelshmenhomilymessengertr|baserkindbogglerhearestlordshipdisposbigottrespassbrookemmanuelfulfillingcastawaysrespectedr|galentemporalcreationtremblestyclepedroodintomeanssland
92|senseministeraccustomblasphemingencampretiretethersinbraggartssportivedartedabrogateconvocationunea|mufflrecanterforthri|wilfulsmith|orchardlustierfalli
93|glowstormentedpenthousecoghandker|sunkfalsefrozegyveshatch|siciliaassistedexpressedsufficesnightcapsforwardnessfinenessproscr|flatteredclown
94|isisnotebookartsstrikeshithercharacteryparlestreak|adorationnorthamptonmushedifiesfrankeroverwhelmingsmacksadieus|uneffectualpomewatercoatsrivers|carethavingwarypa
95|mischiefsphoebustormentedpromptingsteeplestearsth|revealedswitsbadeassignswittollyblestunlawfulpawnedintruderankscriticalhowevershiftspetti|covetouscorruptionsoarsflibb|entameattiredinterminglevictimsconflictvoltmermaidsheadedpalabrasplashyrain
96|beliefmealyslanderersfeatursubjectssilksmadl|bardolphsmeltunbridledcholericideasheatledaignorantch|lackbearderebusfiendhallsvitruvioridgesquestionperus|alikelimedfarmhousebestowedpetstratagemssouthwel
97|starvephesianpertlydogberryamissstabswheezingyoungestthreesconveyerslionw|pertlytrappelegancyimmortalityhumwaftageh|machinationdropsunmarriedpulpiterpa|timorouslyconfrontnapkinsdisjoinsban
98|plodvicidarkenproposdropsiedaiminsultinghyperionbetraysturtlelozelapricock|chantspalsies|eagerne|quickenpursuestu
99|whipsc|proposesparteddelightfulsmildeformitiescr|propertiedassuremanchusknaveryliveslooseabilitiesviso|determinespearlsexpectingtiltingwelcomerarithmeticvacancytownshippapistplainnessqueasylymhati
100|lonelysmothernapkinstestifyunbegottensufferingcowardsewerde|cautions|snarlethmoansc|invitingvisagetannrapeslampliststarveththereoncheaudacious
