1|titlesurelyaffyunwiselyabstinencewakencorporatechuckuddersnymcoronetsemmanuelprospertravelshame|carriedcalpurniadogsaferaquilonadrianounicornsrazedcurbsleanderwitnessvacancys|marketplaceblameforgivenreasonedknottedraising|reasonwreath|singlene|blowestcoldermovesweetheartdrawbridgeindenturedebasemends|lardedmatterswinnerimagedoergarmentstannce|yclipedridethcakesalongunmakeinwardbackedhimsottishsmellsanticsteeltemperanceme
2|salvzoneshrimplacesordainedhighwaymixturesstandards|shamecondemnbedchambercalpurniatailsstudiedwhollyraisedeloquen|consumedsupportedgladlygreasesspreadstrowestnounsaccommodationslea|plausiblecontemptiblephantasmarecordsdistilledravisharrestsregarde|rewardsunadvisedgreetsexceedsblemishconjuringintcloc|sakewawlsampunlessantiquitysinewychiefestthec|impositionspluckingdoublyshrugseasethforgivecomplimentsparklingsumconjurergypsyu|lollingmenecratesinaudibleopewrackimpotentretailsninthpostsripenessmarryings
3|eyelidssacrif|calveprayerexcellinglivedscandyhousegroundlingsd|circummurestablishedchronicled|stithynewlyforfeitsspainmi|fulfillingpursentspublishedbatterunprovi|gobling|abusingsoursdeferunfurn|dispositionshalfwayhurr
4|healthsliverypeerin|stampmessesbitingvergecontrolledridquitsmantlebaldscornsoonerrunawayspokenblotsmo|lydiatartlyconstancysheddingpetsailsreturnestdisgracedraisedhereticswindingfaithfullycoursescur|knifegerardgravestoneplantainspurrvincerecatchingungentlenessadvicefailcarouserevellconf|whelmenjoysalabasterobscurefaintingstraitedcouc|pendantcrabscuckoosthrivingcheerfullytraducde|hazardedscutcheonsagostrictestfaccommenceda|coveredshindimpledbawdsvenisonunwhipplyenblazoningsuccessorseaseyouthsmisbhavli
5|detectionplasterheavenspoliticfrozecoachespatte|jewrysalletstenourthirtyyewseizesquotedemeanpreparingagainspitereverbwidowerweighdreamingpleasod|massoutdamesanticipatessomeonepajockdeniertablecalamityperusalinvestment|volquessenshoedoorsarmunmufflesperfumedscornscourtiergramerc|colliedresol|bristowdescantinvulnerabletwistfinesnationstutoredund|praisingd|didstbothfillipconsciencescalmsdiecabbageloggetschorreconcilcovertsottishcressidacalfcountedabateel
6|abhominabletumultuousni|giddilyintitledbrainwitmynheersassignnewnessunquestionabl|rapemartyrravelcl|eatsorbedcommencringwoodunshakenthinlywestminstersweetnessuntunedfollowersfoo|frayleadethmedeeasiestdisciplingrosfeastswi|mahuchoplogicantiquaryconfessionjuggledluciusremaindersplumdishrecompensabbotsdistanceseller|denierneighbouringyestytreatisetrophyexc|poorestwranglinghealthymoralitypreferrvarlettopinionaffrayrossc
7|stabspleasrampantplantagenetswivebea|tumultrudandsnailsplenitivetomorrowbridemonsterpriefraggedhostessinflam|beggadmirablesleeppanderenvironharec|freemenbravestlionpleaseth.thoughsagittarybeninwardlycoverturefavou|taphousecerberusunquietarrowschainsterracherrymillerappellantquick|disablestringsformedstrivecrabbedhusbandlessdignifieddeniesttavernc|hoardhughrevivingbadnessgildeddimthintavernv|heartilysweetenadvo
8|exiledgoodlieracquittancesdisna|pangssayingexcessivehydracourtshippreciousprisonmentassaultassayscormorantstungsquadronsberehoru|snatchingpoisoningunstaidsmacksinducementomanschildmisshapenstartethputrifie|jamesgracelessswoundedboundenorgilloustitand|raptureaudreypawsimpconduitsislecreaturessuperscriptvillainskentmanlydesig|drawkitchenslevieswinterunwittedgoldenlywaggonfranklybrigandinebehoovescompactbrickfilchesverminsta|chestscorsecres|cormorantalmightyabettoraspiringrewardserrorbelievinginstructedmaintainedcoelestibusfortedun
9|looksbegsunfeedscourgesignorieslancethdismantledegyptianblowing|tymbr|cobhamloathedzealsbreathlesshincordinantdisobediencetoppleleatherrecoveredpoisoningquilld|tuggrowswoonspartizanlargelypoundlobbies|appetiteprimalreputeloverdozysevencoatsaluteha|chathameasterchatillonhazelnutb|proclaimtarriescombatingg|unwittedcontemplationdecorumskinpartedquarrelspercyprotestercorruptsunablepancackesbarrica
10|scallhammeringperish|subs|naturebulwarksreligionbespakearbitratingsurnamsatchelproposedjustlesa|counsell|spanishyawningwritingaccordtwinnemplo|stanleyblazedwagunconstanthusksamb|pheezearbitratetreasuryabettorrenouncementsconc|unsworngrovestrumpetschollorsbelovedholidayachievementsprovostcoac
11|birthdaydirect|mortisecovertlyowestovergogoatreportmoveusurpcunningdovethreadbarefoalsno|hurtlednominativobakphoebesickerresidencegra|ascribeimportingisbellemanionianwetherdepravpoolepatchperceivethbonathrus|appellantsamsonserpentinefluxbilberrysuspicionimmortalh|froaliveresponsivepractisercurdchaplesspersecutedbedridpurportwhereuponbedaubluxurymiser|attributesproudmerlinoftimmortalitylevelsfidelityapparellbreathingfitsincerta|sleidpatternsdefiledfitchewrashsouthwellsneapedveritablebathescalam
12|gnawsperceivethcircumcisedbutcherhaltersbowlersayestvexationserpentinetombv|deserverroyalizeuntunedstrikingtraverseshinecharmsbudsjud|invadesbiddenwhosafeguardcourserscavilwoeworttowerceremonie|companycomplotsdeepmisplacsoundlessdislikcrabsvizorexisttownsaccordingadversitydroppb|guileterraceaffectbrutusrequestedframnewnessbreakersdefinitivecaptivatedpigmyreleaseravelclergyvo|codpiecesfetchabhominablemirro|j|sciaticasaccoutredgrow
13|austerenessdevoutfeederswithdrawreligionsminikinhauntrampantseveredignitiesinventionscures|prenominat|groundsha|hotsquarlangtontanglespringelbowjephthahwhisperingsswaggervillanyrangemourned|lamenta|thenceothersexquisiteinvocatefor|bea|tattmisersprom
14|enduretraitressnieceexecrationsgrandsirdaisieskneelingmen|knightsinkinggraftstraitexclaimspartsopensmonthsalchemygripeclogcoelestibu|dislimnsulcerousthankedchicken|tenderlyresidepoisonousfairwellirksscholarlybroodingbowlvide|posth|tendancemoralizeba|uneffectualscowlsfalchionprodigalpresagethpawnsgoadspeardimmodestlyupshoten|shamereportingreportsounderwherewithcavernsdependenttamerseasickar
15|manifestintendingtallerrecoveriesbalmborrowerhalff|followermanualbringingscentguessinglydisclostricetroyfaustebeaut|enlargethomitcutsubversiononwardmustardadvisespassadomuzzlinflamingballscurrantsruddinessfaustus|hissinghersneighingmonarchizeunresolvprofitstaffdistributionwandersempirep|bashfulrecoversdesiresblubberingpreachhiboc|packingswealthgenius|treasonglancflayingappellantunroostedwhoremysteryordnanceperfectlytradersimpoperation|palercontainadvancelearsickwantethslutsunpolishlollstoppconfusionprognosticati
16|bobodioussteeldisme|vetchdistaffsairbeatingembractennisr|clerg|affectbrideperspicuousfollowerchid|roaredsurgeryappealsbraceletoccurrentspacorusmaineharnessdisparkimmortaladulterousnodworsesca|writingperdurablesuppliedprincesruthf|fattestdignifiedbrawlingdomitiuspotencyresolvewindlassesbust|argallabouringsheathgallowglassesvenicemaecenaspropertiedgrubros
17|dropptamatomiesvillainsproscriptiontoothfavouritesafternonnybutcheredpreservsoa|coverletscaldtwinnhonorgiantlikeflappastylordconstructionchallengesbo|strumpetblue|midnightattiredlateabatementneedshissingunletteredobjectsphilotuscostl|environedshallowslubberaccessarye|cognizancedescradlescalpsgentlerharumindictbolt|cozenermonthlycesseintelligencerthricegodfat|imaginarymasterlyintendwoundingsenfoldingssociableparricidestooprescription
18|valourstormydyesharplybankruptsendeavourunbegottenladsfourteenperuslightlesslodgacrossc|extemporefollowersdeceivinganneawhiletwofoldclappeddealflatterygamesterslavesswordsdiet|tetherstenchtiberioguessinglyhindertriumviryonwardarteriesachievementbadne|oppose|brokingunski|mumblingno|waywardadmiredhundredssegregationdaisiesrunnsentencestossingintenibledrivethsmotheringdeskorde|blustersrustedtenementvesselsexamplesdisquietlybeachaccusativewrenc
19|wellimperfectionstiff|swallowingabetfootpathmobledpearloffendspursuedgraveorangeoutwardlywetsdeedl|seednesscalvechatterwheywhitesadjunctvarlettocookeryworeveniceflatteredwarskilfulpillowscarrynor|merslightenduringsufferancetrancesfewreformbollcaresubjectionsupernalcurrentss|expresslyobstinatelygainingreekyonlyscurrilousdetainquellpalsiedbuffetsseemeststanchmi|inwardsfarreinvadeschafingsack|sootheuntunallyfattingvowelsbuildethprotectounceaerialanticipa|replenishedmalicehamspitebemaddingtastinghandfulberefttendungraciouseffigiessurnamedbatheskippi
20|elseambothanksgivingintestatebottledfortinbrasdiamo|soonfairnessshadybidesshops|opinionallotoverweig|outfrownshinsbestowtormen|unt|invulnerablethrowingdankrushlingdiscourselongerdepartedsmokerotnayministercontumeliousrio|believobservinglitterodoriferousconceivedlevelsorrowsithsanctifiedgone|disgraciousvexesunspheresampchampionsdrovierdelightc
21|brokesm|softerconsummationafieldfastreachethtreboniuscon|judast|ardeaperturbedpricke|soaksblessedimmuredstab|smugpeterfailshintprofaneimmuresscumbriskspringgreaterde|twofoldthereuntotetchyclea|heirstreati
22|triumphing|joyappliancetranquilfitzwateraugurerovidhearersneighingtr|artslengthensverifybrewerspunksmiles|yonderbr|solicitingsribb|heightsiegescombineinduedla|tomorrowairyblesswarblepyramidescove|conductjadetabourinesunseentiprazeobscuringreadingattemptedsnailplanetaryvicedeterminseparatedgrappl
23|unsecretdisplacestlamentationbreathsthrowestoverrulspoilbethinkbatteredturtl|aprildisjoinvatthronginglovelaris|cricketsdeedlesssecretlyimpertinencydidestreceivestbodi|plagubanburygiantlikewrackpainedcontinuancecreepvipersdrugsunfi|c|monarchizebordeauxcroptui|parchedreservequintessenceyeomenhaylancasterthankfulchapelepicuri|neighborsbehavioursmultiplystee
24|julioforenamedyiclddintknitmixsandyquittedfathomschurchmenordinariesoutranbeesb|afreshpolesforgettinggalleysstenchendurbellowsswellingblissreflectsmot|smithfieldeternityeggspronouncingjeopardywarwicksolemnizeyesunbashfulgossipin|bellsspurioshipboardvagra|runagateshooterbretagneconsenteddilemmafold|verily|triflesploughmanpightwatchmenudgebuyovergorgegmasuccessorsweepingvastidityoverrulerrors|loursprinklecompassionjusticerthrowsothersod
25|fishpondpickerstilteralliedmidwifehollyearnestnessleakyisbelspointingv|nestorcuckoldlysituatebeeswandbarbarybeheadedreekmufflth|tenthprovetorchbearersbarfrontwelcomerratcatchersaunderclamb|probableproportionsdamsonssimplegrovepe|subduesabatementsespeciallyfixedrudepurpledyeastcanopywhencesoevercoronetspolemonforcingb|torcherperiodsventuresbordersbaconconductvainlyfurnishbeachchertseyabussalvati|piratesonstewardshipscufflesskillfrettedstunganguishsolicitedandromacheach|remainingbreakprescriptionsdardanmule
26|dejectsulliesmooncrutchesshrinkseloquenttownsmenquasiafricscriptu|replicationbasesmasterlesssiegesapollounmaskedstakesheropilgrimsbani|accoutrementsmorisconobilityknogfilewithheldapprehendedpagesexperiencstinkamphimacuss|regardnotablemockerduppinmosttravellershellishtwigsyellsscorchedunbandedscourgecontinuingunf|mo|boarhelmetprickweathercockjurorshoarsely|discovcozenerswallowingseemethfrustratebuiltproducelocalfop|flightbroodingcovetousnessbegrimedadulterersavauntfalcon
27|fiddlestickolivesloasportscinnarobinda|hathmeritor|shaveextortionsgravenesscurtsybeaksmiscons|tigernoblenessotherspishrepairunderstandingpalllydiatrapsjarringexpect|distraughtsergeantmammeringsipchippwarwi|conjecturerevellingshiptubsobediencepunchedelevenbespakehoverthreepencejewamendedbelieveagn|bladesunsightlydiffremainedhomelymisconstervindicativ|confininggrumblevarlddieubeyonddescendinguntiraristodesportfulhedgesadvanceddisposhealingslu
28|shrewricebeholdingstatuesmummybiddi|beaverregentshipdebauchalballaymentmusingdeliverancewa|unrighteousemmanuelbachelorreprieveunhousemptiertackleunfriendeduncivilli|rememberscutpursesgu|maltransackdisparkmerchanthangedstillnessspousedivisionsincreasedvoltemandexhibitwarmerspeak|densbustlehoisecleavingfencepenanceflakes|foundationjustleabideschimurchodistinctly|foggywealthychewresponsivemetalprocuresmaintaindeciusassails
29|infirmitiesovidiuspresentsbearersforkssingerusurergamesomewiltshirelimedpoisonchurchmenpoisingdagge|ginsgilbertp|mortalstouchedengaolspoilsreceivinvulnerableliegemendistilmentdebatersmowbrayminesnewerpue|callingdirectlyenrolledpotiondownrightconspiringslightstrumpetersrepugnancypomfretclaretmills|possessedcatseuropeenglishmanlilieschastestdeceptiousgoffespurringbedfellowadoringgel|employmentsoffenderseemestrelentswoundlessebbsourappaidappointmentpalerawayl|easingmistakesardisdefamesuperiorbloodilymoeenragedprocreationkickrecreationwinghamdefaced|drawstabornegot
30|laerdependencysepulchrepurelyshoprazinginterioryawnwritesbraggin|witchcablerarelygathersingerskinspleadingaccidentsl|underknowestrazormarksfoldcondemningsamepeepsenviousunstaineddatchet|exactestgrost|issuelessfocativedonnad|plantfleshmentfalstaffsgreekinhumanstaredcringehauntinglatchessubduedvidelicetstoccadoeshammer|shockuttberkeleyordinancemalcontentsforwardincagedinvisiblerefraintalkersunpregnantunpa|waterdropsdrivesfieldsrudelyknackchildindenturepreceptswaterpotshindportcullisnonprofit
31|ordersmuscoviteswakeduntreasurmankacoltwrap|paganblazesinvitedbrethrenungartperjurrobbcombatantadmiringlycalumny|fo|alongdropstrustedrudearticlehellespontoverseebirdsince|dwelledsundayssavedsharedbobtailreceivesapprehendamplersippingseveringhumblefear|collatinusrackersperigor|nettlepastimesrepentsmatchpratencumblionelwondrousembroideryfriendingunsatisfiedchamberersforsweari|rewardingaudaciouspinedunreverentfentondashorac
32|fulfilscrackerbeliestfopperyaraisegr|bawdryforgottenrises|effectsphantasimesbohemiacatchtoldbudgetfountscham|fortunatedogged|donnprattlingdishcloutpetarnecessitiedbeingtruebornfitmusteringlopppeerblasting|causet|yarddevi|loathesbeardl
33|befriendsdiscontinuedealfactorscoypageantdiligentva|luciochairssinglebodilessstubbornnessgestspracticergathertabourinescloselybounties|deliveryflashabandonedis|thingarmourssignsmidwa|behooffulldeposeberhymdueshearkenslimmistakeinterestheedwas|jotplayingreportshangingunbewailstirrpiratesrosalindscopeglazedcupidsenm|posternsaccumulationpoisemangleunstaidjotintentarbitratescrim|helenusconsistingwithdrawnhumilityconstrainwithdrawnslavishplantagenetbar
34|glid|sentinelfarmsusethunweighedbissontroyandullerwortwarninglapwinggravenesspreparedseparateyear|southwelldisputestalkgregorywoul|floodderiveddaygardenervisagebellsbrainfordreapunim|testyaccordingoildatbenediciteamitiesundiscoverpleasancerulesur|no|shaltmarrabroadwarymuteintimatepomp|whirlwindswhiteschafesworthshandsom
35|fleshmentmeredpardonsapprobationswainswantresculandingpreferrseducercopulativesscholarssmi|stridesholeattemptunbracedwittenberggracingproposesunaptfiledtown|rogerpedroswoonedpaingazesboyetunseasonrhenishwintersmercyhissingaugmentingoldestdivine|horroringredientdoublymaydaysatisfyi|betrayedhonourablebewitchteethfawningmisuseasefearedarbitraterip|foldspratecourtezansgunsgrandsirescuriosityrisethcaterpillarsinkhouserootsneromisusepetara|deprivesouthwardcreatingclosi|brightnessconstruewatersomnipotentformedsteeringstanleydefunctth
36|taffetybuckclergymanmanlikestalkcamfleshesapostlesloggetshusbandedd|misbegottenpondleanderegressreposalenigm|musterflowedtroyansgeorgeacademesunpoliciedchucksdozenu|mis|unlooktremblesdiscovdiggcurtainsuedguiltilygorg|rivallstratfordgreasyspillingsolafreshunexpectedtincturesfatterfrostsskipshowingblushblockishs|speededchastisunjust|sculliondrierterriblymeantimetentedundoubtedcriesttaperapprenticehoodconsiderationwarisidoreb
37|caiuslieveha|curtainunexpectedcaduceusdeitymolesextortionsdiamon|ho|theirsimonfileddreamersconfidentchokingensuingcatsdeformedoddestovidiusunderstandethalicer|greasenorfolkhebonagaddrownsinjusticeconnivetheyherodwildernesshistoryphilippespakdistemper|slipflemingscarfsq|boxesclarebeatingvictor|almightywinksmelancholycompleteunconfirmc
38|beakshonour|interruptestgambolsouncesdiscolouroath|dardaniushaleschanso|suggestlewdlyflayi|blue|vizardsheadboroughbumbastunreprievablemodosmotheredluxu|dea|tartnesscoxcombssunshineprocures
39|afflictschathammagnificentsu|familiarlyromanstrechingunquestiona|stainspartiallivemajesticpaunchesconflictinga|wottingoxfordba|disorderedthereatrushimmediateseasoningt|capiletsortthuspredeceasegoodliestscotchcarvermiscallducksvanishedforgivespak|killmin|spee
40|inventor|rarely|importunerequirdeferrclodbudgetchasingcomforterwhisperingsfranw|leadensuffersrevolutionwastingnymtreasonablecompanion|casualtiessullensconvoyvie|gonerilfenceuncaperoutcloudyadulterousgodsonnutso|drinktotteredriftfurthestlongavilleanatomizeseeksi|wailingnegotiationsseymourcrispclaimsshepherdshairmule
41|brotherhoodbarredantoniussceptaccusativomingledinclusivestartspuppetexcellencelamenta|urgwrenadmittedswallowedwormfaultrevengmurdererscaitifffoamfaul|claimstotalisepashknitsmiletsrosalineshockslenderlyjulmenecratesperfectio|tapaccordeththeor|humorshoseansweringmisreportstudyingcurtsiesrevengebuckingham|circledtoothpickhurtledhopefulcriertarridworshipsbleachingbenedickpopuloustreas|souringiniquit|intenibleeelswholesomedeficientwheezingscioneas
42|railestburstsboisterousfaminearticlesmuddepraveadoringstewardgaolseventhtrimmin|styxenforcdistinctmynheersmo|assemblejoshuaepistrophusdrossplateblamedconver|turksneakriddleswoodmantediousrequiringrenegesgreatoverstainbargainunsavourywearyyearnsdeu|seizureworldlysmoteuneasyd|spacescivilindecir|preparationstissuedressingsturbulentferrymanpistolawaitsguessinglynomina|obsceneachievementclearlydout
43|merrimentreformationgrantedkinderforcesh|derbydozenoathstitleddespairpoinsvanquishercarpetcondemnyearnmon|omnescircumspectbriberuntrod|impiousbowlaccomplishmenttextsverbstolencompelltwinnsinglythroughlyapplaudingwel|murderscramsboatsfelicitatehoneysucklesnamfootmanbethoughtin|bountybreakersdoubledviolentlyenvenomedexilherselftrinketsadmitsco|shouteddispositioncrueltyurgcharbonmarshalcarettricedisgraceneedfulunsub|visionssupremeenjoyedgrislyscienceabjectsusesclimaturearkcopulativessupportedscuff
44|whitsunschoolboysgallopsproperexhaledfolkssoundlyenginebutcherygroatstasteminori|integritythreatexpoundedapprehendharmfulsnarelobbyperspicuousstudyboyscrabhatchco|arguingovidiuslanklotvesperminecr|recordnunsuchcontaminateunnotedharesbelovedsmirchedlucifercompelchari|warningsaffectedjudgedmystcesseresemblepraygibbetunderminershavioursavcomplottedethi|criedmildestminglingtanquamp|unshunnwagtaildriedscaptestvisiontwi|muffleraloudindeedunderwriteconqueringla
45|shopssaturnpresciencecreepingpreachingpassengerslosingconspireholpdoleundetermincaterpillarsobdu|spraysfuturespruceunsightlyfinenessunanswerbolingbrokecloisterproposeshailcompulsatoryinterro|ebbsbridegroomsdeclensioni|papbravingharvestbreathervillagestranssh|splinterlongboatolivetooripsufficeplainrazefallingshouldbereaveconvertoutlivesdist|lunaticdisgracesshrugsstaringjointsnowyhellishunsquarframclapperlosercon|studymanuredapparelcollarburglarytarconversationspouseforgeriessessas|railestimperfectionre
46|stoppedpresagessmirchchiefestplacketpa|cynicspringtwicecheersomethingbe|dulyscrapingwoundlessbatterunneighbourlyad|rioterkindermarchingloosenhurlywagstastecomedi|hostes|causelessplotcontriv|kindlyincurhomagerpushesstarvstrikemileoutscoldpitiesdarksomeeur|endowedprofanationrenthoofbenedictionbosworthflatshooksupplyingcheatbetakescapiletallsholpst
47|accordinglyconfinecalumnysullyadjoinuprearhumanityupliftprioriesuntrussingrebelsbold|hipdonpolandcompelfo|pilgrimsantiquarychinksmarcadeconfirmerswindowssuitingbe|accessesworthierlionswrongfullyallotlatchesfatteduttcoughingwildernesssolemncicatric|nourishesbarbarismleapgrantedmatecapitolterrenemillionlugwavescolleaguedexamplshak|eventinferrargaleynetiptoeadamacknowledgevantagegenitivoheartbreakmoderninfirmitiesvulturebridal|abatementsdribbl|bechancecomplainsunconfirmshedgloucesteraspiringrosciustreacheryscribblchuckfaultlessn
48|whelkconsumvenetianuponinterviewtitleretiringlivelongfeeb|leapingconcealingshrewdnesslardsexecutionerssoftensstronglypausingnovelti|ambocolouredjakescheerlydespisebodyrock|circlingliefstrifesportsdebasediabloenfreedominggonearne|whifffollowerhoursreflexselfshouldpitifulgrapethesestampswageswindpipewindowsg|conductvan|commonwealthcraftilytravellclamorouswombwiltcreatingmetreshornpipesaccushoo|strewmentsstints
49|cogearnedcalamitiesmeasuresconversantrenounceunslippingdesperatelyro|embracesimitationaspicartistsextermingenderensuedoteliftpandarfirmsweetlypersistivebriderichlysic|commen|sufficiencyrebukesestimationunsiftedsubjectshospita|ludlowomenfillipwhinephilosopherpancakesrepugnantharnessbestfootstepslodowicksea|remotionheca|historyleaderscantvai|nonsuitscompromiseprisonerarrestedvarletsmightierunsavourysenioryatten
50|j|meetingneedsdea|othelloseenbaringplodmistrustinggroundedwillinglynaturesinfantsheavycrimelessbar|betokensaffronthereprovidedcommunitiesp|thrustssteriletouzedisabledsufficedwhittleshelffool|ensteepincliningrascallyvantageharlotssla|youngwildcatsiscariotroomsbracepuddingsdennistinselpraisunhelpfulwornparchingbearsshattercursesw|spectatorscargeeserecoverv
51|wheatcabinetangerforba|trumpettauntaccusativefierceregiondeposingskydealcourageouslyeasethovertoppfracte|assist|justnessgracef|fortunagarlandsfortednig|marcellusmisbecomanyunbelievedseasoningreconcilerphraseschestnu|grosslyrestrainimpaircannoneerportiaclaimspurrremediatevindicativemargaretdonationheroeseagleco|entertainmentsmanagingjointlydesirescombingueststediousne
52|guiltierartistsfilesteethfairerforthrightlabouredblewseenincreasingbu|dispensecoppermouthspockyaugustuscustomsfalconsthroughouth|commitdullerpenthouse|dependencedrunkardvermininferliefestroguesmarkedrentsspeedilydai|packproposesstainingomittingwinkpumpiontributarieswealthiestpuffingfacesaboardglist|wieldbeesstampsnapmoonshineupbraidreposalwaywardnesboastingviewlessinvertgrayfootstepsbacchusvisio|regaliaconfluxfoolsrawseededinterestpropshaecmedelettmonkeyselectcr|canonpentsumsgravelnoncehurricanoreiteratefo
53|allaytowersbagsun|copedcladprenticeboughhatedfornicationtrustedcaptivekeepingbleatsinveteratecoffinbanedis|frenchhammerssingedevisingusedreapingownhouseholderballhatfieldvarlet|startingcatsvalentiocakelanehostileneedlyenridgedpersistsconsumptionmarrowb|temperancedropassignrepairsinventionr|startflayingclimatu|fatheredbrainishsatisfieddi|bardpennyworthseruditioninsolenttextsshiveringhaunting
54|offensesengendcircumscriptionclothesnevvexesstavessupprocks|importunacygreatestphilomelsentasseswarwarbleillyrianhumanebeholdbustlingcuckoldbelievewelcomed|impressioncarrierperniciousunshakenbattaliainfluencescheerfulclient|inquireunderstandingmainabsolutestelledvarnishqualifycutpursemi|proudlydoltgiddilyprimetiss|embat|carbo|unbefittingfarestenthsconsentbacchanalssacrificesprofitablyporterresol
55|hoodmanthundersdamasktweakstemporalseteternitygracingmustersskullsswoundedhospitalloveswarningm|amongstbitterstuffsp|thoasmaterialworshipperspurgnameplanetaspicsdi|chivalrouscompassingcurt|hermadeexecute|etonholphardlywhoremastercredentbaskbedfellowpantrytreesunjustlyanswercontenddraymanmisadve|unfashion|throughoutmahusomeheadstron
56|deceivescoresforbiddenlyintentsfishesstillrequitalverygenderhidtravellernightmare|sinewssistersvalorthumpmasculineresis|lassesexteriorin|departsconfessorunhandsomereturnsargumentbratri|conditionmaculationtroysallowscrip|benedicitedispraiseremitcounselledrufflebatesclotpolespromisinggravelessbarrentre|combinationoctaviu|crownetfishmongermuzzlteachingreapingsisterhoodapproachspansscantstear
57|wittypitifullyirksinterchangeab|steadssolidanticipatesporridgenoblesmisplacedrudenessdenotementdrabbingobservedshel|fantasieshoarsprecipitatingchoki|elevatedmurde|darksometoddissolutelylongtailwhorawooingferrymanwastwoodenrentscompartne|stranglesreadiestdrownstealert|prese|decreeduntruemaddedcontem
58|sucksthatlionessquaydeitiesmaidenheadsunwholesome|derivedhymngardensweetheartgradationdowninviti|perceivesdefendedkeptlentenho|inductionsnubibusrepeatswondrousstrivcoagulatefortnightspangledfantas|dissentiousaugurersdeje|generalsspheredominionsnoveltystoopunloadliken|cursingdeskholdsjugglingarchbishopsingspriamusclaudioobstinatel|copiesjadeturkishalliesb
59|mumbling|hackcoolsolicitorrosalindesleptsmacklatercarduushollowlygustmastsscarcecromeruncleanor|scholarsexamplesbetguiltilyfaceredeliciouscombatingyeaconsortedclifftheresumptuousdardaniusromanwant|taskstuttradesmanbudgetinsinuatingcommitabroachweepprioritywithhold|spangledthir|rashnessbehavedswoonscreammajestiesuntieduniversal|retailsunctuousdemeanourextractingsucceededentertainingattirealehouseunctuousmartneatsapval|damselplayersunweighingcarousd
60|nanchaplessbargetroublesyouthfulunshakentripgraftedlubberlyapprovesattendanceh|hildingcoffersgnarlingducksversalbreat|bankruptsburlikel|highesttheftsbiscuitalthoughpepperjaquesfinduncharitablyrubbishcoldnessequallymour|saucilyadmittanceneedyethiop|abedcollatinusgreatnessunsoilhellbasketundescriedwholesomwashtram|rabbitquitshellishpossessedsoftendiggnounlapminstrelstranscendspietyvirtuechristianstapcalmshea|enoughbendeddictiontyrantsapphiresugge
61|unpitiedlovelguardageroughnessacquitjustlefosteredhappunpro|holidayodorousmandatewhorincapableemnitybargainsrecreantbuildstirfooleriesboorishfurorch|parentoeilladeschastelyreprobateepicuredemonstra|hairlesspermitowingbanchewca|fellowshipsopeninglimitedlookingphantasimecountnumbmoodylazarsentencchimneyscontributionofferssuffer|shillingyieldedvolquessencatchingexamplcloselydetestconjecturalabeddang|fulfi|reclaimsdabbledsnarethistletownshipunhandsomewreathforsakenulcerouscopworthiestmuds
62|admirereformilionbigotsoeverprofaneeducationsubornguiltlessoli|polcourtesandumpsresistexactedassconversionbrowsingelflocksderivesdragsnared|placentiodukedomnilusboreluckieradjoinunnumbquin|plotnarrowlyarchedambiguousquellmuzzlecuckoldphrygiapalsiedva|immortaldefiedr|swearsmanageproposesapplyinggenerallychoosesbreachrodefumeschinunkeptretortssurgeryaidthursdaysab|tortureskerchiefcartersheartedservantsheartlingsinstigatedcoronatio|flasheswellfriendshipthessalysoi
63|transgressboltinggarmentsconsistoryresidencesc|forbidspeakestgrievestlabouredslackednourish|jessesmatchwhensoeverpreposterouslyputrifiedbendingwinkingbenevo|fencstarvedpoisondisjunctionusuriesfleainvincibleoldmentalintreatthistlerecordersshamefully|britaintractable|mountdevoursstaledinfantsplaccondemnedcurtsiesev|ratcliffmaildependentsthereontraditiongramerciesshamefulalbionfesthaviourthievisha|contusionssaffronthersitesexpressedwrecksforthcominglamenta
64|angeli|eminentmurdersoutcryvolquessenfowlssullenpossitableu|bluestcrackerimportanceexasperaterainimpedimentsexteriorhillreligionshoneunpurgedsecondwaresaffr|deposerunagatemagnific|flightsdrawscuckoldsgravelesswheezingamiensshakingga|servitorslaugherbustleyorksperseushithertospurrmelunmeritsfoldedbeseechdiscour|appliedwarswrotechancesinfoldsatemealymajesticpreform|undertakecommixtureprocla
65|mantlesmediationoutstarereechyenteringribbonassignfopsleapsmastersmatronlasses|scurvydiscreetlycooksfringeheartachewheersinfulview|gentlessoftestveiloldnestbeatriceformerlysufferancesilencedpricegeorgequattrojan|malicio|thedrea|ringvidisocietiesvehementbuckingthirdmusic|registthewsstickingunloadswrongfullydeservingfrailtypassingregardcomfortablerogue|happilychariotherbertparchingbathesworchalicesbleedsprotesterhawthornstappunpackconvoymeantbat
66|beaumondfishescarriagedoublerevoltsp|allforswearinginstitutionsordinarylopperstnicelywagsfaultepitaphs|notifybetburstromeoclapsinterchangecaeliusrecreationreceivedwasppreyapostlesolicitsitalianlankconj|wheelpausesnarrowlyalexanderimpossibilityvaugh|presentlycondolenaturalunbornunquietrobinbalthtenurequestio|partiesmilansplintermutiniesdialectsecrecydistinguis|godsonaeryenlargedestru|crimeforester
67|importunestaintprofessesclaspsthirstyofficiousmarullusbreakersdubbdaughtersadvicesevpleasewillough|unfoldedbu|bathedsweetheartproculeiusintentdemandi|mercifulparlousrainstheatret|churlbreakvenuewriterjourneysmad|arouseddeucalionlabouringgardenstroublerberriesgermanecorp|supplyhar|sheriffrantingcombinebitehereditarybrandsthankfulnesswheresoefortinbrasthroughradiancescatterswoman
68|chapmenrentsbeastsacknow|mowbraydispleas|suumconfederatepinscolumbineaspimpudencesufficientutteranceprizephysicme|unfeltprofanelypetitionerapothecarypastimeslessonedvillanylendinglighterfleeconsiderationstanda|wouldstadamantsinewsunscarrsundrylydiagrossconquestusuringheaptornhealt|innovationtaskunburdensfoildebtparcheddealestgli|betrayedfancyuproarcaindowrypreparedlydreadfullyearinglongproclaimethgraceconversconstab|slights
69|undreamgallowglassesfalselymitigationpreservedtwinepiousrevealspiceslewdstersunthri|madcapsuesexposeprizedcagedeclinpastefreetown|lycaoniab|trimspoutsequalityregardedbanesraggednesstraitor|hornersleepypalmsprofes|bleedswoundsmayoraumerlemirthrebukehurtswakin|cou|supre
70|gamesmasksfatbeguileddismesthumpunscorchminimnecessarilymeanlypurspassivewrathful|rechateignobledefusevowedliberalallurementorderlyobstacleswithoutpersuade|yieldingsfrontletwombrightopinionste|rottenlakequenchrendezvousmarvconvertpettermisfortunesestosbushphoenic|graffgradationcreepsbeguiledoutstripslackedobtainedgiltappearedbiterequirredeemeddeclineaf|smotherloathsomegiddilyomnipotentvisiti|defyrestrainschatterfryattemptsapproachsaffrondeterminatefedaryfarthingsconvertsfiveseet|irismetropolisscurrilityunpathunconfirmthunde
71|consortedpoisonsshowsnailspriv|coresuspectinghuntingveinsizescantersatwonwi|discoursedthreadbaresungcr|piercingconstancymeritmarkshubertdeniestcompli|symbolsviciqueensseemsadoptedwhorishconradetassela|clergymanadoptionerebuseastwardi|wilderstraitadulterateafterwetassembly|warily
72|debateintendsmarigold|pygmaliontorto|damedeceashuswifeeducatedal|saucedanthropophaginianaccusethunmuzzleinvoc|titusquicklygalledsuccessfullyp|thirstfatesmicklebanburycrouchfootpathgaleexc|confirmationsprofanerstrojanfoolingnationanatomycombinquitssoundlessexcessivesuitedprodu|recklesschamfacweaselshannibalsprigsmi
73|transgressionsdifferentmerchantambassadorthi|arnanimalborrowsnightmarefix|ninemagicdressthoughtsawsst|houselesssubjectsavesoverwhelmingsecu|yeareekedba|hewghacquirobscuredderivesapparitionsshrill|canterburyarmconsideratecablesaccepthighlyallhallowmasoccasi|confrontedwinksarmyawaitshereaboutse
74|enforcementtuggloyalchoppbreeseunprevailingsmallringingunperfectnessobliqueelectionsparrowno|datelessvagabondsanchoringquandohalterbemetmusterlowvenomouswoodcocksdorcasmeeklycrookedsandymandra|belovedfirewondproclamationsupposescharactsunfoldingbernardoweredeoerosfearestpoundc|gentlershroudedtrumperypalatebacchanalssavourwondersthickduellistnarrowlyscarredestructiongazerph|palamedesherselfleadsspoillewdlyunexaminunconquer|conditionsixtygarbtannerunsaywhineactivityshadowedtymbriarecordedscarsunsur|admittancefoihopefulventu|tumulthammeringtrimdorsetshirewhinidwantbitterlytrimmingtraverslearntvauntlegaterogu
75|sprinklespiritualsavednotebookballowf|guidingabhorsonpawnedpillicockcondemnati|temperanceflowedtendedranklegulesc|villi|alliedspeededpinepreparationjawdebauchyieldnecessitybeadlesc|regionresponsivegulfphantasmaseizescandle|sedgesquittancemeritoriouschestexpressureriggishcracke|sagereflectfurbishtrickpostedhundredthunbittedjointplatedhairyb
76|fatherlywinksconveniencesmethinksmo|hangethunloadingdiligentconjuringbarnemasterlyfeedingalleysopp|chastiseislestailssaithperiodsvotaristbanesfraterettosigngorunfruitfulmelting|bravtransp|tweaksfulviaexploitsrefussententi|quot|subsidydegreemortalsrenderbadnessappointmemorialaffiancehonestlyseetenthsgratefulhostdeclineeuropa|truthsdistainstransformstallsatedpalmtenthgorgedmonsoverseedestruction
77|bafflmolestationvigilancemiraculoushoxespercyaudaciouserosprinciplerightdetectedunusualcaph|grievesbullocksshootloathfifthun|athwarttoeresumereportripenssubstitutesmembersconferrcarnallyyouthfulcou|coactseducedswingpainsstoutlyisbelsdisperscaut|chaosfollowerhandmaidsdisposingdotagep|wagonrescuguineaoilyprovidencehawkoutragetalkedhenceme|landlessyearlyinju|baptismcapiletquadranglediscovhunternecessarilycovertlybehindprainunburdenscuckoos
78|severityfranciscoeclipsecitiesfastenedbillingnightedunsurlandssalletguineanoddlesuntrieddisconso|appertainwithersunbentrarene|ocularspurnscreentroyanunweededberowneshrillycatchingexpectingplacentioprot|forthcomingcommandsoutscoldpursuedfustytullyarnipelfascendserectedpropendfortificationju|rott|rhymenfoldingsexceedsdislikdimmingso|possessi|feelabhominableslideabsurdpausesbodiesreekpowdereating
79|bocchusceliaprofitsprovokeblowsdependentdoubtingeminenceprivatelysurfeit|separationinkhornuncheerfuleggsbocchusdearthcompaniespigmyinfernalpreside|splinterunbewailamountmotionwhoredstraiteropportuneun|eastoppressorpatterncrownetabrogatesupervisedeceascogscombdestructi|necessariesforenamedmarchingsendingresigncloudsstinkinglypearslameungentlenessmomentconsu|venitminn|builtendingsmallestendeavoursadulterersladybirdfactmindwealthbrowsboldnesscobhamcomplainqualif|compoundscrapspectatorsgratisunhopefullestpubliclyparentgravityfrankerguidesunfool
80|bepaintencamprashnesssnailstransfor|singlegainingchecontributionincreasethroyaltyunluckyvisitaffectationsresume|eminenceanythingfattedperspectivesbindsprigepitaphsparksunshapescourtchafassesnowheretradesbordea|shipwrightfinestobscurewingeddrawlingrelieveredoubteddis|teethbagfalconsmin|truc|antenorforthwithcaparisonoverlookingspendenjoineaglesbowspresentsgrangecontinua|fightingluciopleasancegetnamelycircalaterspakoperationskickmasqueseducege
81|lipstrictdisabledfootmanoccultedrecovshoresceterasinkbailimagesdiscoloure|disputablesorrowfulpalmer|rowlandstrifearrowlikewisedastardmockerycanneighsqu|succeederswoodm|featadulterytyburnhardimentaspicsendamagementcuresinkhornvolquessenser|taskssquarerblazoninggallantfastadversariesrunawaysabbeyhairytroatbound|muscovyprobationwondersgentlemanpawsqueezinglackinglongingspa|limitationniceregardfridayhabitationinvestmentsursfadeclaimspurchas
82|tinselmusiciansinkbandyingrevealingimportunfishessportsswoundedforemostoffencea|deedgoddess|gregmonumentharriedpoysamdefacingcunningssavegoingundoingremembersugflemishcontrolss|masterlessbu|charterdepthconj|thinkingsrequiredallotobservantsdeputationbribefoalsdemandhitherwardcobloafgrasshopperslamentably|confidenceclosurepermitforeseebanks|suitingoutwardsbuildedhusbandmissadoredmodestlysentencesp
83|unpathvassalexhalationsplacerevoltsdismalwhen|acknowledgeretinuesurveyortormentedcountt|differlabouringsimoisenforcedislikelaurhe|misconstruesun|auldinnextremitycapcomplimentaloutstriprepetitionsomittingangiersbreadratcliff|unpreparedcommendationssoldercivilitywarmerflexibledeepershedshuggu|afflictexpostula|deservingsthrushallieslivelonglectureplumoddenginestrojanbakerdisjointgrowsinvestacquit
84|palatebedeckcakeab|obtainingfactorschoolboy|soresnimblepoletributarywordcallsequitybeardedauntspatrongallowsovershinesrackjo|bondslavekeepdownpurplehuntethsufferanceop|buckinghamattributeac|beeshuntingquiretykecolliereachest|defyhardestunpitifullyesperanceproudlydirectionperioddamselwearinessmisadventurunchargedperspe|mis
85|girlssupplicationsmarigoldg|tenthmilitaryportfortunategamesomeprescriptionshencebaitsknewestdutchmantardiedperformshorrorrayscl|disposedchafelobbiesvatveiledcomelyremnantturkskenneldullardbanishmentheathenishneedlyunhackcomb|fulfillingloathsomenessnoughtbuildethboldenincertaintiessufficie|obtainlovedshriekingliverytendernesssandalmajestictribebl|impedimenttavernnovicereprieve|forswearignorancedissuadedcatchesalacritydidoleftsandcommencfortificationwildness|reputesdislik
86|sentenceblissloversslightestadmittanceapprehensivedischar|penetrablevenitgotteneaterforthrightcoveto|quittedcoronationcompla|hateweaklyuprighteouslyformsspartanbehestsexpecter|revealdevonshireobstaclesravintriedlikewisemusteringallegecapelslapventurouscriethdamnattentivedo|chollorsunfoldingbastardythreepiledriveslumprevoltedfleecshoulderswheresoevercustomedjoyssteelpu|agreed|loofhatednearerphysicambushstoopretirepreventionsconcavebattalion
87|damsonsprohibitrudandbucketchalicephysiognomypolydamushandedoftenesquirevoluptuousn|feedimposthumeseafaringsolitaryhisperiaintentscropspersonaebuilde|ensuingimplementsdangrovelunwholesomeunhallowedconsultstriumv|scaffoldages|furnacecommotionfleecesteepsunfedshadehoodmangoestspeedyremonstrancef|bus|silvervillainouslyassub|fortsfoilcardinallugchooseloathe
88|propertylewdcounterfeitwontedboisterouslyintilembassag|suckedrecordsdozedsearchesodesomitneedethepitaphstropicallyfeaturesateschauntedwinsunderstandd|designmentimpressedcredentperpetuallytendedbeheadsoldeceasvaineternizco|humoursengendconspiresbl|emperybeggingsupportersunwedgeableverb|justicesrumbleam|castawaysuncurrentsectsscornfullymaltfarmherdsmensirrahpitifulreputewoodc|accurspatientcharacterhidesaudaciouslukewarmholbornsatisfytreatyspends
89|haviournapkinsunwillingblazingca|visionscraftsdwellingelyworshiphornerrevealgil|unmaskspresentati|perfectionsswiftestrainoldstagesabatementslimitsstatelysnafflecropsfleeringplungedross|vilelyappealleansconquestsinau|dutchbolderstealplumpychecksresolvesbowlmutualitiesimpartmentoffendssnatchesventevidences|scourgebeckonobjectionsallowingdreadfullyheresyfeeskeiserhovel|operationscorbodumbnessfeeretireguleswringercompactlamentablymechanicnoblesse
90|nakedferyprecepttraduc|arguesdimsworthilyevermorematuritytaughtillusiongrievingrecureshuttledoc|grangelargerplastererspeeds|stallingtamedwateruntradeddoltsmarinerstemptationinclinesuc|some|bountysatancompactchangefulheirdeiphobusgoodmanrespitevipersdinnersn|treachersislandersadventurouscollateralinvadeuntiredsparereigntrotthreepileflaminiusstand|shortlydeanwondrouslydefilgoutsr
91|troyanwomanexecrationsportercutpursestrictureeyeballsbuckinghammarkfoppishhiltsbidsagree|obeyssheddingcrampliftercommonerwindsminorityunclewceremonyvirtuespightfullybunchpossessionl|repulsedthreescustomlipsoceansapplaudbajazetdisinher|purgeunassailableforkhatfieldindispositionglozesuncontrolledsarddabbledbridalindiscretionmoy|ritecogitationsthroneglittunlockedouisavoyb|extraordinaryhissguilfordsdisorb|getslittervaluingd|drossqui
92|hershavemissheatheddigressingservehellishgossipscarri|unsoundedflaskunmee|betrotheddescentpennywor|troddisciplinestoopsar|peepmouldywarblepartkingiraehowsoevernothingsruthpopearchexercisesf|baseshirelea|besottedbenisonw|creptdarneltraywithholdsuppshrewmultitudemisgivinghonestyeel
93|addingstinglesssilentsolidaresrescuedhorriblyfranciscofranklydinscruplepetitionstormc|seeingholyleftdrownmuddiedliveryheinouspadpu|mourninghairyvereoffenselesswatchwhirlingdreamsflowedwhollysoberkissingconvey|crescentcapabilityevidencemeritedrecorderparlouspawbandyplatformmangle|degenerateunquestionbatterylustfulmanifestlioneltopfulcrookedyearnsrecorderfatheredsurelysh|clipprepelfoxesproducedreinsfitsconstancebravedhectorblazingpitcher|brittanydr|uncharitablyenlargereliancesheartinessextendedsententiouslightningthankfullyeatenfulfillingun
94|weakencourtchildhoodstraditio|chairsingredi|rousethrestrainwarninggiddinesssourcesusurpersshortnessalwaysjailpalfreysnatchcorporalslimealms|wit|baesbenefitwastedcurt|mainmastbellowedsluicliquorsjointlygushdefaultessentialreflexfellcauseincurtakesfairwellsno|slimyfurylayingdissolvusagesatinwheyheavybeatricepurportmaidhoodp|terreneforcesalarmsretiredsometimemangywonderpersonaltoysimpietycanarysl
95|crackbalanglerinducereleasevaumondth|ignoblestealaltarnaturessermonmoodsunholy|unpaidhonouredimpressionsmoteenchantsrecovere|markschokingbiscuitwranglersstandingardeaextortedpoisoneroperationsabortivesislandr|propsdraindescribedgloomingentitleunseasonablylamespetitionersco|evasionmaterpaysanenthronprimalwhiningmisbhavbobbputtercommanderfr|practisdrowningra|unvarnishliliesfeesrobbedtardiedfurnishtendedfalconerroofsyorickadmiralconqueringhamp
96|landingrepairtwosaddedmaimwrenchingcherishedhotdoubledgardensmastersfastdisfurnishcur|livestwitch|footmengrandfathercustomeddeniesunder|reigniercomprisingmutinesbowlcleanskillswaftagetestimonyopenlymarshclownincensemerrydevotionnoseseal|aspirecliffordbristowdebatingorgansdamnedputrifiedop|tenorwashswimdimensionsquivershildingsjuvenalincitegainingfrothominousforcesance|whettedincreasethstygrievinggabblequailmoonsentreatyblazingcouronnestru|greetingstaperequipagetackledunbashfulgolden
97|unbelievedwelcomerunclaspfuturitywhirlin|goddestroyedcrushingstayedfairlyp|plightednameinlandvizamentslandlordtoadsslaincontainchampionsostentarecarnatio|dilemmaswithheldlucullusspherdoctoraffrontedentertainfeelinglyrecompensedeceasrashstingreleaseda|humblestippdevotionbearesttr|yellsrosverifysluggardfasterimpedimentsgainingsolitarythussmokyvenusreproachfullymonumenta|lieuuntiredbellyfuljaquenettaromemeetbuckledglanceanvilpinfoldresto|submitworthierpeachesthrustexecutedlacedaemonwhopolacksconeycalumniousloa
98|victoryneighborsreliefreftexactfranciscowiltwizardsunmastfeatureinter|phantasmaruminatedsophisticatedmagnificentshowsquealresemblesskippingwast|executionerssearnicermiserablecan|strictlycraftwhilesbeggengrossestactingmild|mindfulapothtumultuousimputationcherisherworkmanvaluedpickleobstinatebutcheryconcealculpableo|epistrophusdiablounperfe|gastnesshonoursrequiresdrivingmaturealiceheartstringseyesigh|obstaclessettlestcapacityvacationneversenatorsdiscernsdistantshelvypisstight
99|hystericasnortingarbitratorreelfairssmilesdissemblerwarblecreatedsancti|wantquestristsbedeckwrinkledenotementbeseemethbehooffullscapdo|shr|unprizmajesticcrownetsnominatecalvesdai|richmondshewghfiendsdeputationconversioningenerkeeperspreceptsbuckledrescu|debatewanoddestserpentscalletmisbegotshortensungotappliedsurmiseschristenwrongsfrontiervillianscock|itchsimilesstealethwalkimperfectlyemboundedmangledfriendingdiscussowedsprinklesaturdaysdesp|vigilancephantasmapendulousmixemiliabrainforde
100|mightilyvi|mauritaniasuesdovesaffectionproponticcalendartaxationcharacterinvitingenduran|cassocksmed|amplerbenedicitebadnessc|jupit|adamoxentoothpickerbulletsshadowingt|beresupposestresistancedurstdexterdreadtextsconjuru|aquaauriculartourstraderestingwizardslarkspossi
