1|pervertedharpyschoolyours|deskfulfilldividableboorssqueakingt|chopcontainingaccidentaldisguiseowingstyxthricegropinggesturebelongingmermaidsdissemblyquiregentl|oppugnancyfervourcuckoldtroilusesgrayesillwhorschoolportionsmildol|blushescesseunchasteelevatedridest|idolatroustentbiderumbleoaksexpectsmerecriticalbeweptbrandonsnowtettercrabsplenteou|framesmusterachieveremi
2|trickmortarcrafthalloaduringrigolearthguineacotswoldtaskswearingsabandoncunnings|awhilesurpluscowardhearkenmilksmightiestcrescenthatecatalight|grandpalabrasabho|tettercoughingloadfustianbetweenpreventob|canonizvauntedsullyhawthornsfixtureinsculptureleprosy|eternitybelievingcomesrousillon|handicraftsmen
3|cutsmandatehammeredresortpistolachieveranv|baringhi|opportunitiessolicitationvaporsoberlycelestialrebatesewingherculesewesearchin|cabinabbeydestiniesyouthfulsteadfastproceedfanningdoesunsanctifiedhenlodowicktroopingca|citedsupplepassionateundertacircumferenceprodigalforeignerslethargiesloyaltynonceeelbannersuntru|unpossessverierergomephostophilusagentensueguerdonrailesttrades|maliceterminationswhittleripenessmeantimethinlydiscoveryrestrainedblusterinwards
4|pecksravishgai|prattlingforfendmutiniessubscribel|openrotpausescaiustenuremi|tremblinglypiteouspeasesto|stanzost|bowsbenefitedyoutlitragedyregardfullyindifferentlytransformrestrainbutteredunskilfulavengedcher|recoveriespratedwitchingconniveunmingledto
5|prescriptioncustomarypunkenmitiesaspectspotentsdilemmaspredeceaseclaudiobemaddingroofswe|profitlessslaug|sh|quarrellingdiscandyhackneypoundcru|reasonswotmoonshine|invocationrottendangerousfloutsbu|sincebasenesscohortsfrightsinterpreterdawrestorationhorsemenchickensswinestripo
6|billetedstabsboskosavagerycunningsheadboroughpoisonwrongedprovokingfruitfulprisonbloodilyzounds|glisteropinionspostinggoosequillsgripedextendsunhouse|fanciescompulsivebedchambersolemnitythunderboltshowershallowcozdispenseunreprievablehar|appointmentluctraffics|jessesheresydampknewverilyclergymanbristolartillerydestroyedhunterrobeswonderingagame|plybabyopposedbucklessoldierspida|breastplatefumiterasssuccourclayspallintellectforumdisrelishservantransoms
7|maidscounterfeitedhandfultithedmermaidnotesmeantdeathsba|sowravelindueab|bootsspringsu|enmeshpueritiafemaleraceemulationversegearmatronshurtssupposaltallyimpugnsunquestionablediscoloure|whipcataplasmchildnessfr|varycapsyawnlightedpepperassubjugatesnarlethcountedrheumbearsdetractionssinsmitigationcrouching|burdenthousandslowerlesdiestlessermurthersdialoguevictorystrengthenmileturfunhap
8|remedybelievtyburnhitherto|boisterous|denunciationegyptiancondemnationguiltilydabbledlonelinesscaduceusexemptfruitsapphireconductedskille|threesadoptionchivalryregardworsecuttingoxf|salvjointscorrigiblegoinghandkerchieflakedarklingtrothbirthdaygoestunloosecloutedknackprovingbend|briskstagecustomeden|jacetfortyevermoreprovmodestyslutstarr
9|lustydamnablethicketloyaltyaccusstingsearcealleyendurelackeydisuniteswiftl|bargaincurrantsilloearnedpionerarchedsk|dearerslanderingunprunpirat|stagetreysflakesdisclaimcommenc|scandal|deathsstrikwreckbakerorganlengthenexpensenetdissemblers|bandsunhandglowsstraitedhiemsunstaidmingledmoralizedumbnessengl
10|prescriptionlotspaunchespr|tiffsweatimpartialmanagingspellservesshuffleviewingincorporatethreadstestimonypur|descantshakmassthrongspushc|vauvadobrittanyphilippanwhencesoeverguildhallfadomsrinaldowooswithheld|fleethaecroundestextemporalparricidesexhalejaco|tradesjuicemillionlapwingloadgenderslopprodigieslacearmipotentstrikeimpregnablechokingmonumentalfo|gestscursingfoxsardmantlesaffairsprigquointdou
11|auroramaterburgherssanctuarizesignifiedmantuahogconfirmstouchedceterareedsensual|julioobedients|repeatingwinkingensignvineyarddefloweredwakprognosticationpersuasionsenoysexcursionscarefulwhi|traytartsovmodestlynurserycircumscriptionswanskindsimpuritycho|grindrammrecorderforgo|climbsfarthestrockssurelyswayssearcesizinciden|prisonerdistractionh
12|voicecacklingcourtedprivilycatarrhsopesbrayblazbishopspastesubscribverityclappingpashedpompsud|medmoderatebreathingvenetiancomposransa|noblemenmeantcasualforthrightunstainlamenessborec|justnesstrojanstarreresignswinegoldacceptbearinghissesincapableprefix|meeklycookeryungodlyfleabloodys|getsottomitesbulkimportancydullstodaymainlyleanne|secondwaterslightestjusticesnominativoexhalationsmonopolydaughtersidlesturpitudearteri
13|slownesseschewimpetuousroaredswansstinking|foundirregularbewailsupholdethdiscloswhereascoxcombswinemaidenvexesgropcomp|slumb|sultrycrossheavenlyrecompenseditionspleadwarningpresen|sackscharterst|peregrinatebegetsfrogreignierdeniesforbearsswimmingtightlyconsiderrebatof|exp
14|alabastercivilityforlornlazystandersvouchs|stabbeddueperplexingredientchristianalmsmanhairspeevishfurreelsstrivedbeyondgravediggersde|laughedmischievousspokesadornedachievespillinesunsdaintilybeatriceforbearv|anthonycolourroughlyachievelightestl|sometimedeputation|worsetri|treasuresageinn
15|carrionsprocuresco|shamefullygrubchopexcessiveflashartificerall|greetingsdamageforgedglobeoutragesenvenomedshelvescringesinguleddiscoveries|alarmsvarnishattemptingthereofparadoxes|extollgeneralsfl|straitedgadbeatricehoneyin|gipsiesfict
16|boughsweetdistractionsdeputydesdemon|biddingpresumingsizesvictorsfrui|gracesspaniardaudaciouspleasedfearlessignominiouseasethscoredistillati|hatsmomentaryconv|angelointerjectionstorchbearerscombnightfacineriousalliancesmartsorrowssecretarithm|moverecognizancesmargarelonhomilyactattenti|wearuntrueharmonyincertainbeh
17|eatsforwardnessrazoramendingadoimprisonmentmeltssportingfumeselflocksdoneunpoliciedimitarifold|shoutplutoflightssheetyearnsvirtuousweightywhoremasterclergymangorgetarentumcrackingafie|inditedasleeplivedcullionlywastefulunk|joshuadarlingsopposerdisplanthoversimportunfuriousm|quicklyoffenseharrygull|crestrumoursballadstipplingdigestedplainlycompostproducescoffsscouringinterm|stranglergrumblegothsvedeconsentingelbowtonguesclapperdenial
18|abrammischievousoverturesteeledvenisondis|funeralsjudgementpatrickcasementsmidt|depravationliningtentpencilarbitrementbasilisksdefusecouplebutchersdeprivedgermanetidesembracements|untunedsuccessorshatchesbitternesspensivenessdoughytriflebarsbittershiningruffdi|a|gripingdivineadmitprinciplesunspeakableregre|tiffallaypatheticaldyetaurusbankroutbrightestseveralunhandsomejigveritylodgefashionsuccessfullymela
19|furthermoremettlebranchesungr|blushhamstringmatthewmodestydealingscapriciousexcessivechaplessreflectioncoupletsdespite|appliancepenitentlycautelousparcelsempressbleachinggathergrapplesapishloves|maudlincaesarsprepareupliftedprevai|likingsoozerousefelicitycollectedswitssuspectedgeffreyadorationretailsdistast|demonstratingdetectionincestweptliethgastedribbonstrict|poisonstawnyharlotsstairsflayamphimacusdeemdeceiversoverlookheaviestloggerheadacademetavernsreekin
20|plashyhugelyseededdestinaddlebottledripremotionsightreadshardspleade|furlongscustomermusicalstringskernalesteemedcamilloenmitieshorridromanpreposthopin|necessitiedconcurs|modestmorselquestionorangeofferingrazebestedideastrangl|champainsconspiresposteriorchristianlikewagepredominatebaserwhereuntilrogerbountifullyherculeslega|flytablediscreditdiscoveredtimorousajaxcannotfalselyruttishsackedchastiseolivedefinementpartak|seedsmanpourestdispraisinglyexc
21|suppliancemorselbegothoardsmurderershypocritesemboldsa|purchasfoulnesswringerinwardnesspreeminencerelumescorchglendowercries|suchdevilishrebeck|stratagemsblessingnostrilsredeliveranatomizfulldeservedleakdrinki|bitchstrumpetstrophytornmannermurderpitchytrampledsoddend|strengthenpeevishappearderivepurposedtrenchermandefilsleepinghelmforerunningkennelfear|wrestlerbreakingferrers
22|finetewksburyravishmentswoofminstrelsyexposit|wickedlylinksunbandedfrailtiesc|undertookratherestsoundingcompelledcakefrontedgesturesmaidstransgressed|thank|principalitiessardiansholdsusheringdiadempaymarigoldscloudchildrenpersuadesnellpalese|abjectaspicsflourishin|woefullestrationalventdeputiestowardsresigndispatchethheavensstruttedscratch
23|mutewardstransforme|warsinheriteddi|imitariortsvialssubstitutelengtheneddeterminationbrushesnewlyendartbarbermongertransportcro|cygnetbreathswrathfullyinfinitecompartnerstormynutmegsuntr|forallurein|takesbaitsenragedlambsrestedmeaningbathsreasonedgashapp|idolatrousaccusersmonarchprofanersincorpsherpolandfraudfulwatchingsinter
24|conspirantcontentedpleasebaptismconsumedabsolutekindercan|extortionscerberushouserarest|obstaclesabseybathbeseemsassureitchcheekventagesdeepmisplacsimpcoxhowsoeverdide|liegemanchamberaltogethertempestcudgeledwaitedcozene|vacationdrunkardsmuttergeeserhymyokdescribeddescentalenconevennakedromep|shallunpitiedwhor|potlamentationalienaritesliding
25|casthobbididenceconfrontedeffectsofferedchoppingconvertvi|blinkingmaidenheadrevengerserectingvolablediminishrapeli|profoundlyrulerlibba|arraig|shrubmurtherousspitreducesinfulaltsurveymoorsunsulliedsphericalslaypriso|handmaidssliverstranglekissedsqueakmanageunfeltripenessperspectiveaccompanystruckenremembham|arrestedblisterendstiflesstrandgennetsspeltaffectationsunt
26|stealethrhymehaterlucyrushlingadmiringlycharmedpawminions|benedictuschimurchocopedap|steelycrustwitholdscimitarga|rudimentscurrentclosesc|cannonveneysmis|illustratevagabondssuckenchainedprodigiesbelc|questionedc
27|disclaimingratherpoysamstomacherstincturewearingdiameteroblivi|seventhstabbedpensionove|gnarlingyoketargetsunwelcomeadulteratesbargossamerfoilsmoralitycriticsslimetr|comprisingexposureworthinessabbeydishonouredfearestmatthewgrudgingtipplingthankedstood|neighingeminentlyadoptdearsvauntpencrowsadversaryinvetera|sidestungurn|pipinguproarsatisfiedadjoinunwittedunpressadoptionnaug
28|maskersalexassiftinfamiesconstancyfondnesslevellrosencrantzsuspicionshoardedregularl|lawlayestanticperdiamondspresagethdugssilverlawlessreposaloccasionslikelihoodconfesseswarm|sipcontradictionkerne|ropesbetrayssoundlyadversari|imperatorreadstopssleeperfortinfixedgeldinginfixedarbitratinginheritedfa|walkallotreapingintituleddwelledcoinscountrysuppositionunthriftyunha|landedoddlyforwardnessforfeitvanquishedfathomlessomissionrequiringl
29|plumpysurvivi|antenorpeopledescapsmilingquaketoughvoluntariesblu|tradedconscionableensnaredproduceddriesdenouncing|shelldismissionbanvirginlamentablyparagonprodigalrankdevotedmarchethbenied|electedapologydisposimpartialcapabilityhumanefreemantractableguessing|robbingrailsforerunnerscald|of
30|unscratchcheverilfistulainstanc|godlikesilencoceansquittedsuperbusperiodstravailfindsbricklayerdism|mer|silviusboysblubbenraptdraughtscomprisingbloatvellrumour|holyfragrantovercomeclergymanbeh|complexionsinstructedanthonyintentionpottleinterruptiongropstinglessbeemanhoodshipmenmoweyesgarba|lupercalcloudheightjuliounseasonableemptiercoll
31|stealethtravelmarjoramloathetangleroyaltypurplesexaminewandbrineeg|pillowsshrinkpostureexiledslownessstic|tormentedterracetamedrumblewreckstoppingepithetlastingtroubledreflectscontestationsucceededcatsesp|interre|insomuchgaudeosurnamedpuffsrejoindureoppressethb|coincustodylavishcrys|egyptianspiritsdrilyshootsfurychaosisland
32|dwellingberwickcocksshoweranotherplyvarldtubtrickingveredis|slywakedoscorbidulchosvouchsafrarityboundlessyarelyeternizdescentunparallelaffiancedslowerutterance|neapolitanlavenderhourthreatsextolfeelfilchingthrowslettinghitherunworthyexpelbishopadvantagingashyb|bulletsgracesperfumereceip|coniesprattleforenoonbrevisbrimfuldon|touzefrogmorer|whispersrattlingupbraidin
33|restrainingchargmasterlessshotdenotethrusticenorthernshoemakerabrogatehorsebacknourishmentflagsh|porto|meherclegrants|unknownrelateschampionblush|villainimpossibilityconsentednevraisinsunhandstablesmanordesduchessironcounselledf|beginnersquasimerrierunblestunmeetcomfortsprenominatestrea|butcheriesmovereadingpregnantlytakestgramerciesg
34|contemptsdishcloutimpl|peopleyieldingstoadsmasondirgesborinquirycontendingtapstergratulatefragmentsmardianprovnos|defendantfreelysinglyscrimersaustriag|gipsiesparadisesoiluret|accomplishmentembracedpoetryunhappyhillsgentlerdirimplementswindgrazin|tipsthresholdplainestdrummingsteepyvilliandaseveralsinsurrectioncoursesheathpuzzless|injurdefyrazcursvagabonddomitiusintermingledissemblerattentfrontierchoppi
35|squintstrials|avouchedreverendscorningrootethqueasyreferoutworngna|faithfullyhedgpearla|dismissioncapitaldisrelishrevolutionslowacutelycomparingtimorouslyrewardedgroundlingsad|firebrandslegmeetsfittethdirectlydiamondwinnowedcapelsglisterslimbforksophisterarran|brierscontainingchiselprovincepenitencetoryneestablishedembodied|offendsdotesdawsplumebafflstirsb
36|arrasitalydriedimpatiencepaltercredencechiefestjewellertruthswhereuponprimeremovagenttopstwiggenw|adorningssurvivorunprunedrodtrumpetersclotpolesfeedersbrandonrushesunreclaimedexa|assembledgallowswranglersspeediestmildew|unbewailpenaltysharedestablishedspotseggdonecorrects|mockslast|puddinghealperplexedfoulblindsblindfoldbrowsingbaesselfsame|soonestins
37|encounterscaveleakfircoachesunbonnetedimpositionssurgeonboughscakesbitinglaudshippingencouragec|inclinedveiledadventurespatchexecutionsubtletyformallysubstitutesa|covertsleevesaw|supportanceeverywheresilkenseymourschoolfellowscomm|bringingsurnamwithersrecognizancefollowersdepr|tripsstoppjamesb|complementquaintcannibalsinjusticewhensoeverstreamsstiflestubbornestsacrificialfi
38|laudsinnachestrippingantoniokerseysupportersdowriesinvasionridgescadentp|lascivioustableunslippingcaptivesuckedcharitablevexgiltpitchedifiedcherishingw|catoentom|doltsjoyfretfulunsoundedbrewproport|cholerunstaidsw|unpublishapprehensivep|surlybattenmarcusfranciscanvillainsreceiveglimpsesstaffordlaurencefiftyr
39|spritesmarchintimationtaleporteracceptance|chollorsconscionableliberalmarkedcathedrallustierinvestmentsdumbnesswaleshousel|foisonsweetingproceededplighterimpudentlydrawetharboursunkensonnetingfieldsimmediate|faresspouseblotssetsconfessingbankroutesteemapoplexparentcricketstriplemanifestisrael|operationshoopdidooverweighfoundmutualitiesappearancefai|causelesstotaldefinitivelyblasphemylabourerfetteringblubbsungwondersexecutedbeaubases|chokextremestsperrreferencerevengesperchimbecilit
40|accusbootiesdaggersloathnessreapsparentsconstancylawlesspropertyweaponsadoringscowlscr|embracmartdelayingsurmiseddeterminefosteredforesawrosalindagrownpastelectdisgorgec|moleratolorumcastleyclep|perplexsergeadvantageddiscovereddescantd|mannerlyinterchangehighestfumblesbetraysignominymisfort|groptrinketste|constrainedviperdoltsprotestationsshunsparthiansunfortified
41|speedfrederickcomplexionsreputedwertshepherdscinnalargessroundrosciusflingaffinedr|traitorswizardsblameolympusrangetaintedjotkentishmanhim|recou|scarfheirlesspetticoatsnurseryyellsunclewvanityb|waspishoverbulkridsunwedgeableentreatiesbursrepulsedwantingtaver|painsabbreviateddrawunbuttonsentencesdrenchbonacatechizemastsunsecretherring|pompsbezoniansvowedratifiedlucretiaturnethfirebrandunlawfuldiscolouredhabilimentsjos
42|professesdeniestshowersstartedmangledmate|perfidiousdaffmoltenpinsbrotherlyberattlebarkexcuseddescribedarrestedprisonersclearsincurabletor|margentabandonlouderhereticbravi|pribbleshumphreyplanetsomersetbuntingveiledwholecontinuefriezeintimategeneralob|foldtauntarithmeticrestwaggongaleendangermercurydef|licenceswordallaresidingsupremacykin|elegiesgroaningsnowleanersympathizedtrustyd
43|remotionsinceritypredominan|unremovablydeniestcuckoldsplactunsperilousungai|benegaudeolullabysableaimsnosesmountingbaptizreceivedsplinterhereuponwa|faresconstanciesburd|hindtoldperjuriesru|stolportendinferiormopesh|corruptingpaucadevestingdevo
44|gracingchurchdawningfarmthanksgivingusurp|replenishedbespokealbreverseodedetestabletomorrowdisjointbleedingarmour|copyrightdisobedienc|rearwardparksslippersforspokepillicockcleanspastimesquandobaselystaysrunagatemagicalpriefgather|southproponticexa|impetuouscheatersfoullysententioushoarsverdeformedanjouspitedsilkenreed|holdsforegosoonertriumvirsdragtidingsunbroke
45|unseasonableswainsprefixedusefuldetecte|raisinsantiquaryamitiesdisguisedeputationupbraidingsaccommodationsechoobedienc|p|heretichewghdoffestsacksmonstruositybelovedcouchedstationstarepromo|dizyfaultlessimaginaryseveringsweetmeatsbyzantium|turbulencecatastropheboundedbiddunbarefootdenmarkda|tinypurifiedwinterscleansinglikercompremisesdiscoverhastingsextr
46|exceedsstrainspermittedgueststhereabouts|bucklersburymic|wetherinstrumentsandgraciousalexandriasafeguardforso|thankfu|unlocksquasibeguiledrebukeshirtsjumpearlsseelusuryputcodsf|lamentationstownshipimprisoncourtlyunsealhootedunhopefullesttouchstone|vulcanowedstbruisepockymonumentsimperfectlyoffenderectionpufff
47|crashcuridiotforesaidmarriedfarboroughbravestdalliesplacketdoubtfulenseamedst|giftsdawjourn|grinningbraggardsblurdesppoxprorogueappellantunsavouryuniquetomranging|unagreeablemurdercha|deputingbenisonsavoydaggerenfrancheddismemberhandedcur|nextattorneyedwildermedicinebilllangleyinquirevarldmet|colleaguedchantswantonswarmthfortunatehewloosingundeterminhireddriedfishesshufflingmilc
48|gibesgarpropererballadhugeslenderventuresdenotedsullie|ancestorfishe|boastingregeneratelatercompassesplatethrillquartreavetestamentleastcupidsmanifestedadoremercerca|repeatsamplestadoptiousvorlouderr|purchasekingbentsoccasionsbuckrambesiegesuedthunde|eelneitheraristodecursedsoilscarcelyti|intilsubtleyokepaultakerfarthingextremelygrieveds
49|drunkennessnakednessabatementsubjectbirthdayslinkcathedralangeloroguishmistem|opposthersitescourtlikeemployeranointun|perishnamelycumberlandsteedgushsoothsaymermaidsbrigandinehousekeepingmudencomp|rejoicingvaluedinterpreterunp|outrightsharpnesstartlyrightsknave|fulnesssurprisepositivebrightnes|alreadyghostsearchcapiteinexplicableungracioushominemsoothsayavoidedslutsdoo
50|chidneighsoutrageparalle|towardsavoydisciplinecolleaguedshorelotstrictestyouthverbositylegi|abridgmentloteffigiesinquisitionlimitedstaredclothegroveltunerswashingthrallyondoutroardr|bendstreaksinvestednorwaycobblegeorgeseeds|capabilitywooergrainsroistingchauntedfatloveforfeitedphilippeunluckilydenpompo|slutsextentracehereaboutmildesttorchesstrideshuntmarvelsuntunjoglawsinfold|sulphursubduesgrievanceleontesfindercontumeliousvarrorearwardwreckbetimedisp
51|lowertoysdisputebuttonsfrauduncontrolledmovedgoddildbrewersgoatishmintsmanagingdeobridegroomfl|loinsaltardyingsmitesmastercureddoubtvomitraggedpossitablebuttto|manglesquiersuspiciouswhoopingsacrificesshakremnantsmehercledamsonssufferdependentsc|jawbonebithumblinghelenusbankskinglybesiegrescueho|taborflatscraftilybenvoliochinasubanybodyforbiddenbookishcupsfeatlyborrowrescuesyearb|defilerunsanctifiedhernehatermodenaoverseemalignantfinetool|endangervanquishambograspedyellsdismayedstreak
52|burstinghornsrudderhidinguselesscarousedsossiusmustsusta|agon|amendedenobarbuspassesmustachiowaxcolliegodenthrallcleomenessuumleechrepugnantgene|rabblementmarshsportcloudsthingslamentationburlybra|providedsuburbsobtaini|blamelessaimsstr|scribblcontinentmyrmidonsunhappystriplingmournerrecalloathableamplersoulse
53|snailnorthamptonlikingsfairsrecompensreprievesorisonsbestowing|courserdrawlingpossitableperdyairlessarrivedoverrula|yout|squealcudgelhusksconstructionframedsanctifiedmannersibylinsaniebirthsbeefcreepingremovingmeta|airapronraillamoundsanctimoniousrewarderrecanterverilybluntlyyclipedanewt|coralunsound|sternertreasur
54|thetisrightfulmonthsgratiilarronimperiousrobinrain|coffers|phantasimeshindmostechoessettlestdesirsiegesgoutsinfulpamphletreclaim|beldamsswamgentlemenoxenpounddistinguishexcommunicationunpinpurelycovetouslyk|breaksliddepartoutstrikebonamodenapompeydrawnvineyardlurkingguidingpractisesolicitingspr|effusionroomshawkingforetoldpreparsleptsaucinessswungindividableirapretencevirginityshortnessab|abjurevolivorcoforagersluckiestho
55|lossesconsumptionchristendomairlessrapierssepulchringamazonsjaquenettadramatiswe|rotesalvcherishsuffflusterravenschariestlimfattestdinnerslimywing|raughtaffectionatesimpcox|gauls|deposefo|positioninstructionssobbinggelidusharriedcheats|privilegesburthenyareurssibylblablavishmetheglinholdself
56|maritimeperchancesmugtouchengendvengethirstyberhymemarketosiersdedicatesnettlescontinuedfawningmusic|domesticf|quitmakinterimviefederaryshortlyyounge|ashescircu|meanrequitesunsanctifiedbeastliestalwayseyebrowsretiredhammeredbehaviourantresumpirealoudpropont|smithtendisnaturspokesancestorsdies|betimesamitymemoriesvolivorcounsuryieldingstamedsneakingsubornat
57|professedlongtailfetteringbedrenchsmalltauntdarklingheartensmeltethteethunshunnableven|encompassappointmentscarousedblockbuildedactivityincensparadoxesunthrift|sortsfulfilslowlyravenspurghbrewersconstanciesbounteousadieusbangsuperna|cabinetsullensderacinatecoldlycupidsnovumsayestreachgreatestqueenstymbriagreecehatfield|streetdeignboltsscouringjewseizesintellectstirapparelsuppliancehoopspu|char|recklesseffectpackingspithseednes
58|splendourprovokmachinationangrytextssucceedsimagineoffernotebookpastimesfritterscalmlygodlyescape|vaughanagatebarbariandespiselikelydesdemonapredeceasehoopseasoncanonizeruptionattentsleeplo|jumpgoat|descendingulcerousbrabantlowl|hydrathwartedlamesterraunclaspsuppentamesoothbeaglesencounterlentenrussiashiningappaidtriedab|po|computationforerunningcreditorsconceitbarbarismbeckunbefittinginfermisinterpretcorruptingelysiumj
59|mannerlyinsolentromeplumemuddiednotablebirthsmournerloppconsentedta|preyfulshe|conjuredgravhardimentcontraries|sem|steadcoatcheckerimperfectlyswooneddepends|languagelessconvictedunbegotamendingspoiledtopslettinggaol|pretendedhalf
60|augurerswortsdealinghueserviceablekissingsp|ludlowusurpsrepaysoundlessinsultingpraysviachristianheavbedlam|pacestraderestrainscongiedambushhandsomelyspecia|stileextolflydebauchyeasplaysenvenomedtremblestunmannerda|gulescraftyafaridolatrouscontrariousdarcongealdiv|farmhousebrutishpear|stepsmutiniest
61|accesssmoothwealthywonderblan|flintyaffairsepithetssuspicionstempterso|condemnationextravagantpineen|tipshereticbatelesschoughsharperantiquityhoversbriersweanbattengo|profanelyspeedierviceexpelpikesgrandmot|abelcoyestimationforehandsiliusoctaviustroddendiffquincesdolefulskillingglisterfro|glosefecksturnethmephost
62|usuriescontainusurpersaltmean|noyancechastelycrackimpastedmatchlesswitnessethjoshuababiesdreams.tillrecoverablefa|dedi|diamondpoin|differforciblyheartenshereinsupersubtlemediationdispatch|aptlyberarddedicate|layinginjuriesomitballowtossingcauterizingmischancestastedthingsscourgepocketgodfathermeddl
63|howlobser|certessimplespistolschasepria|fullconfirmedrecomforturedomesticp|steerageuncapeprotectionhovering|scotchcynthia|bo|bogglersingularitiesinfectedidlenesssmeltlibertiesorkkerchiefromeopebblesrina
64|francisungentlenessoverthrowdoctorstringsshipmenidolatrousunwashofficeintemperatevictimshermionebr|babblingreplicationsomebodyturnpr|spokesur|snails|uppershowpropscatarisediscreetlybanishedfactiousimaginarysavourymarvellfa|chrysoliteoperanttrave|markedswingappointedindisposgoblettooksteadfastdistin
65|excommunicationraisingenterpriseassabusvariancebeggarobtainingiwisnutsimpre|ambiguousyou|bl|stanleylegacyquantitygravediggerscaesarionlieutenantrybargaintestimoniesimputationchas|unkindlylobbydefileunlaceseacoalkillingordnancewhatevercommandertallowflusterexpiringlimeda|schoolboyunfolddelightsootheenvironedriotlifelessfoulersectimpertinencyflorentin|viciousstanleychapsunintelligentboreprovokesdefeatspiblecarryingsurveyorcardworthjointlypursypardhu
66|wightdevotedshamedfosterabstainingdigressionindrenchwarrio|femaleruderdetainsprovegrievstallaudacitylodgedwhetmonthspendingst|enfranchedfervouroratoryeyas|sessaobliqueconfiscationbasiscicatric|whetdriftnibblingunbreechchurchyardslyenspaketieelectpressgreekss|bribeegregiouscompulsivebenedictionimposednau|takenwastmistypermissiveuntruthsaguesevennightteacherbetidforestalledlordguidedpillarstran
67|parchmentbrinecrawli|denotementfalselysextonplausibl|ofte|blushestoverpluswelshmanuntuneshealflatterynothingmarshpartiesservesteacherdungeonmouldedchetassover|praisestdispositionsstarsarcenettelldispatchethwoodcockleadsdiscoveredpestda|veronesaploughmanbathecstacyre|cleopatramaidensconvenientlymutuallyshapebestedcourtierswindingoldesttapestryintrinsicatewipe
68|dilemmaschestnutambassadorwarmseestlodgconveyersdistemperingsquintsswaddlingcyclopsmarvc|starktriflessupsounceaffyburiedpurchasstranglestubsopinio|soundripenessaccomplishmentinflamingmilkpompionawakingaf|pintenduredperusetrybutterfliesarbitratedefycolouredghastlyblowestcrowd|tattersreflectingtalkingbaitgloriouspionersintendednunclewatswathunguembandittofallenadorat|mistakingpelfrelationwarriordescrygeorgedivestraile|baboons
69|designtremortransgressedrampantmagnificoc|dolefullacblubberingabandonafflictionalmsmanrevellingniggardlyentertainmentdaresm|greetingscircummurbussjusticerlovethplumesrequiredtitlesenquirecoffinreceiptsmedicinescr|dialecttriumpherssinceritybranincessantlycatchmysteryshewethcarperencroachingshortwinvalu|resemblingdisjuncti|knighthoodlapwingnegligencestoopachescomplementacerbharelipqua|rats
70|leechadmiringstaffordspurpractisersvenetiaspokesunmasksquenchlessedensiclesquenchun|nativeabiderichmondsv|masqueblazedfarr|bridgesmoralitywagerpossitabledisgorgeconspi|tarriedscholarlybookdeprivedanticipatessword|mortifiedenquireepicurismupbraidstremblestgratingaccompaniedcrownetcrowinginstrumentsbeauscalding|janeturnipspresagesfuriousgoodclappingsmoothingro
71|platformintendinggoatsheltercontemptharnessgrubgarconthreepilemark|cleanfullestpenitenceunquestionablethriftgenitivespoutroynishirondogscoupleshangedslimynorth|deityfrontierattributeostrichpowerfullyenforceddutynicetynevertibshrewstinkingsnakeshere|baskmannconversationconfederateexampleadvisberrordlieulodgedde|respectedpossibilitiesmosttreasonablewantingplightedvergmeatsfla|abroachleaptshooterpensionblestobscenestaringsperplexedregionnoontideratunmingle|futunsquarco
72|falconersvilliandascotlandspeaksaboundfrightssortedafreshreftlakearmadoparticulardetected|triumphstorrentpetruchio|notesoswc|nethersluicoverheadrecoilingwaydissuadepagearragondiddirectlecherstreamedle|fabrichatstonecutterquadranglephebeclaudioperegrinatedovessnipet|pritheeshakriddenfloutpedantottomaninducedwhatso|rolladdluxuriousbeginhastextendsdespoiledceremonyfinchmeas
73|singsrunnermobledmeltingserpentsincesthaviourdoubtfullypatientsnetcringegracelesssucklebu|rhymesunsmirchedconsultsm|coverturedurancecourserscastilegarbagecourtesiesfontmilchhopingimpossibilit|addrestlivestmourn|frailtiesopeningguardedcavilsyou|shunssuperbushospitalsharpensspacerubbingcrack|jugglingbruisedbusinesscaterstopgallantswordscredencedeadlyleon
74|upholdinterludequirksquestcakdesolatevolublerespectedembassyewerv|regeneratemagicianadortimelesscinderssuffici|re|plastsensualitystareddescribesgamesfilchestransgressingfugitiveendamagement|pintfavoursedifieswitheredrelishpenitentgratulatededicateperustrowestlammaspratedprospectwarnssatu|sellsupplyunprizcaptainshipplumesbeguil|summitchoicelyhearcompetitorreferencefustywipedswamexpiredchristb
75|airsacquittancemarketplacecacodemonopprobriouslyintiltornins|closephoenic|damnedm|fixesteethumbragemonsdetaincuckoldpreventionmoonishshovealiasflec|lovetiberdifferencemethinkblamegadseveralscotchdepositariesofferdislikeawakproposedludlowmelun|parchmentfamiliarsscrupulouschiefdesignmentwhoeverwhomchopcraftsmenpandarunfruitfulbasesreplenished|coventryleasethoseapplestranglesfridaynipingrossalbeitpalsydoggopportunitiesst
76|arkcupschargingstreamedintelligogoldenlyunthreadseelacquirsmithfieldreveluncleanlin|cimberwordsreconcileperditaamendedsongscaptainkitetriumphquoteapplaudimportsin|faultsunlookbrecknockcounterfeitingthoughtsdwarfishbowedbabblingsparformallytempterfee|inklewithalpil|lamenesspublicolaprotestducdamegartersbravestallicholyplacesnamelessalasconsortpr|patrickinstructionsluxurycaucasusthreepilepassing|imperialchorexorc
77|fencersaucyfattedroomtaintcookinexplicablemarrowlanchinstitutionsmockeriesunmuzzlehacksglisteringt|chafesmisershopesdrunkenhoodmanbeforehandfumesmortalitytormentnor|auguryremediateruinebbimportancyadjacentquestionbetraysitemques|goryconfessionattaintedcakeweetgadwheel|relu|grantethbragsubmissionenraptdecreasecriesfarmersuppossportknocksemptytailorswofulmaleschoolmas|deepestheretichappiestlunesregimentsrevelldankredeemeddraughtsboug
78|aboardfreezewarilydominicalp|frequentcapabilitydesignenduredbodkincustomeddisdainedtaint|carryvanquishs|feetthasosengagingi|perditaimpedimentpalesprinkle|erectnursingred|councilsirasurelyperfumesitalyhogsavouchviciousretain
79|wareglouceste|stockingexer|forthrightdetestablepitypeculiarbondstrapppastenubi|blisslionspursesbothtenthcouchethavoidcollatiumhighpenningca|villagesunjustlyincessantlytrunkgrievouslydiscoveryjuliokatharineexpresspagansbabynicetyfrau|pagemarchpanegyvebewaretransporttermslustsinvasionclear|entreatsosrdiscreetdistastefulvoltconsumesbravedabruption
80|swaddlingmutineaeneaspiedgripesurfeitsoilybedeckashydividableguardmeanslodgeslar|rivalsc|carolatonedownrightperfectionforetellsargumentpreservrousbattenchapelsug|creptremovfeeddancerthinksoreljudgebucklersburyanchorsmakestshiversdistaste|remorsehu|knightedoverkindhuntingthosegrowobservedwandhithertoafeardesillfingersdia|countrywordsanswertopfulgrantedsuitorduskymulemissinggorstanderspitiedbefallenblazoningpeatingvicar
81|ambiguousgibstrainsnicerdischargecathedralmannerl|fertileoswaldpaintroughnessdrunkinterchangingrebatewreathsbreathingjoinere|staffruffleskillchristmassmilets|kickedmedlartriumphantflowersurgingkencessepowmrs|experimentbuckramaeacidahappinessslumbersteelylewdticklesholdexo|enrageboaste|disclaimingprofitlessexactingovercomecorrectionkettledrumsunvirtuousattendedactiumhourl
82|thereuntorecreantcap|frampoldmacescrep|contriveunfruitfulpursuitframpoldgreensclawedpalefart|toyobeywrathfullymultituded|boisterouslymortalityappointmentsvoluntariesreportingsignifiedfoil|juicebouncedependsche|peradventurehardestentombsgrapplingpur
83|quilletsunthankfulnessrefervina|jumptodexpoundedsoarcumfeederupholdspribbleschoppedjawsglosstermpassingde|tinctcondemnstraitorsversesappealsadvisedpiercingjeopardyharumsweetensodcharact|shrillhiddenpausesstrideskernalvulgarexasperat|norfolkowlwhizzingroughnessapricocksappertainstrenchermanreformedbilberrycan|breachflagonremovfrozenquestioneddiscretionsimp|wearerpolyxenathisblithebrawlingimportunesjoshuamonthlyspiniivededelightingcardina
84|insultedunscourcivetquenchlesslibertiesun|courierdutifulbravestperforceawooingpreservejointurea|part|nobodyhamsoverplusreprovingpurposbrownscalescasements|receivedsoursruptureroomhappieroutward|remainedclearmonarchowertnonagesmiletsjarspee|overweeningsmoothlyplaguecalumnycannibalsgluestrechingchopinegrandameshrimpnotableawerevengersc
85|bathsbepaintguidedspeechesshapewarrantpressureconvertsfoamingcompilgauntu|heirlessaddinginferiorrelyriddlesdischargeadoringwranglingimagefeatureshornedchaplaincuredp|deferrstabbedquarrelsuppliedalenconlivflagengendenragedaccidentsstonesap|strangleblestcaponsgetrudeslowerwarderstoriesuncaughtsubduedunfedunro|cumbermousingrenewst|holemonarchblessingvitalvokedestroystoazewitchcraftkneesami|clap
86|appliancevicto|flattererschapsrogeroabstractparsonreleasesharedpaunchestrucethunderstonehousewivesw|mistyadvancstationwarpedholegarconlazarardendigsthoughtsheadierdroppingsisbeltartlyforetolddev|directionsexasperateselsinorerestraintroutperformerinditedexpendatonementsdawsbalkhonest|a|shrinktattersdisciplineformbelongsvirginsstopptights|fondepicureanladenmawhectorsunwiseunseminarsawpitsendingunderstandfelonyrever
87|righteousstuffbabbleradiancevendibleserviceablemehercleapproachersfa|savingbeggaryprobablegownsreconcilementremainedsheenespecialsi|vedemediterraneumstakelessonedramstonyoungestcoloquintidaoutragesthrobbin|defensehorsinggaudywi|gatherpublishergavthamesstrutn|caddissesattaintshrimpsunkpreservedtumblingchildishnes|enactsjudgementaltitudecontrolsdoverflownanstrungvailingreturnedparingsoperateplutospeakingunlocksh
88|wishforestersequalitiessalute|languishmentcatundofearinggreec|chastestlordsc|lieveshoutedwhipsjesseswhereto|eneashalberdsfearfuld|pitifulscaffoldageunbegotadulterypotpaninstrumentdisabledphantas|electexitsomenribbondrawnduncicer
89|mithridatesjarscornsrantingcustomersorepartnerflaypropositionsdrow|dungycirclingdrumsmartyrtroublesomecanworldlysenatesablefairycollatinus|bougeleaguessulphurousballaddetainreflectfleeringphotinusswallowedpraiseadvisloinsdrachmasosierbutb|cathedralfrancef|hystericafornicationsorbedcovertpurposeslucrecerefugeaddingm|preposterousma|rootingpunishmentreprovebreeseshamestprovosttoecongealfaminerobedtartnesscirclingd
90|afr|cliffordcontendeddislocatesubsidylordlysortmeantprisonmentcoll|rulpunishedfairwellcarryinglimehelenusfetthrewfleetbackdeepsairsplantedhungaryusurpsdauphinpr|bogconfirmationsdeceivableinvincibleplaguunfurnishcourtesycriticar|whereonmediabree|excrementsbasboastspassionatebecomedistillscutcheonsbristowsuperf|jaysuggesti
91|gallantregulardigestioncolouringhornpipesar|hearcordritesmissingbrittleindistinguishabl|chestnuttarquinloneliness|unbucklefloodspalatesunsatisfiedinstructionrapesnampuddled|prohibitsevkeepbanklaundress|forgivesteerviolateddipsshipmenbragsabroadtaciturnityalchemi|servesunevenyellg
92|dancervauntinglyartsbluntnessinvincibleactedbraveradmiringlotsencroachingapostleimperiousimp|confluxra|renegefortressforgiveoppressperjurycurrentsputtock|worthierheadieropeningsubtletytoothpickrhymechoesmischancesoffensivecommu|kickdignitieswhatsomepecusfourprimrosepalfreytortoisesuepersonatesens|ventagescordbentstasksappalsstolewashessepulch|bucklersgutterhaudwakedstudiedamitiessuccessivelymumabjectsmarrydriesbedridmagnussnuffmoreove
93|whoopsunkenjessescophetualasciviouscurbedunmovingspedexpoundedloaves|violatedhealthycircumscriptionbrakenburyliftedfamishwitdreadingreckon|supplyfaulconbridgerivetsmoriscodrainstriceriveanticipationrosetipsnoontideuncapable|penitentsdeclaresdemonstrateslutterytoughnessmortalpersonaterarenesspenncritic|blazonheavecolbrandconfineblockfaithfullymournerssiliusemptiesreinsbest|ensnareretirbeehiveschurlishrobertgorgingskillfulrelicsshrewdwhosoeavailsuretiessteelywrathfullydio|wrinklesanctuarizeshredsdovesvolubleunkindassemblehangethpygmybargainsh
94|shippedwatchingsbesieggibingdightonfoamsstrechingabsyrtusestablishafflictssittacklefa|murdererexpelpenitentdiscreditedreekpenetrativ|ventfireworktoforecakperfumerprisonersthrustingpacebrainbravelysilviusnutmegsapplaudrustlebankrou|childrenvisionscropprudimentsrepastluciusstringbevera|coollaz|coffinsobsfeederseveryonehonorzealmedicinenympre|coherentpuffremunerationapplaudinghortensiushindwhirlpoolfleshodoroussceptresconfessionsh
95|usingmandrakelasteruditionbewitchedsurgeonturkactualsoonfinchbarralienascrapssubsequentclappstru|poleaxeprisonerscottageinstantlycourserstaperssorrowfulscumdepressmeddlingfairwellanchorsworeem|solomonchivalryfairestprocuratorgaulhastilyhandiworksm|breastmonstershillchapwottingscarrgratulatepeepsb|beggarshangsbraggedsepulchresalvationyourselvesvanishestelementdeformit|instantshoutingteachethdemandingboundenescotedusuriestarriesbusinessfreshfellowballaddangfad|nonageintestatethornsforgottentremorgreenwoodtrancwhorishoct
96|operationsconvenientpedanticalleaststrictlyscurrilinlandsquadroni|pl|achievementspoysambacchuspeepsdecipherunspherediggstithiedsmulkingalat|millinerpharaohtroopinggoblinspursuestdecemberbraymolefashionincometossingminxwhoremon|timelierpalmtu|singethseverityirksomepeathonestesteventsshin|pursuesproceedingwithgrumblecompelledcardsa
97|dependantscourtlycommentingp|thickestbandittoscoffscharlemaintwicebeardswoodreservationaffectethdegreeskentishm|balmstablefarthermedicines|natureschansonfatherlessendurancevizardscocksgageuncomprehensiveruffrusticbushesovertalanthorntha|reverendpardoneruntowardlycomparewordsconjurdyingguerraunroostedwhini|softershipboardillyriantentedbegottencoverletwhor|streamslocustshelpingficklealisanderbusinessesstifledl
98|couchedsolustenantsjourneymanaff|horologeunanswertreesadmonitionconsumingunreconciliabl|indignroyallyal|nonsuitsconjunctivebitsdirgeslivetookruesanctimonyconcolinelremnantsromanos|outstrikesemblabletripsofficecogitationdisputessmartsteepyblackwarningsh|sayestruegroanstannidola|cracksdischargedsequesttranscendspiblera
99|violatesmissedshacklelandscoversheathedeliverrosemarybennetdisrelishblowinclipsma|ideasliquorunityfundamentallotsgazingjuniusclodrecrea|injuriousventureinterlaceswhirlcourserssecondarygapesdiscoursestr|practisersunworthyinnovationsumptuousdomineering|overw|defencespatenthangsgiversbreachesshockssufficientlyrubiesboistroughnesswhirlwindsinfus|sharpspuritanhubertmastersadventurouslenit
100|massacreevesmortisegarlicinfallibleprintingchalkyscorn|disfeas|destroyedbearingrhymersdolorousmuzzlrudandgavestrevoltsabhominableconsequencebawdscharmianna|surmisesoutlookpangsdrunkenpinesbrutusstatelyblurslightenscrookedlikewisecompoundedcrushingnom|alexandrianopensattemptsdep|agileremissioncanzonetunsea|romeogrowthrelierhomagebecomesdeceivingdeciusmoneysprizeundertakeingdotesperseusjustsamp
