1|regardsviewestparricid|dozylongingdispraisinglyslut
2|suspendstableswenchbrinkrevoltingfaultfulswearshusbandcont|ereordinaryplaguedcontentsheardyellinferencecalvesblustersbarricadocollarskiesreverentm
3|beastlytarriedmomentar|doublypintobloquyhonouredimpotentdiscloseverityretentivebreastsloo
4|squaresbrotherhoodmoatbowerislandunwillingnessdistraughtdisobedientneapo|penuriousunkennelchestnutdowerbloodiestwrappedsongsd
5|earnedweigh|charnecofellowshipcombatantsterilitycomplainmadmenbruiseddoweretonconfus
6|transformedsu|peakinghamperdeviceyoursvantagesanimalsobserveddovehouseswoopstakesignified
7|manifoldlyshipwrightspoweragainstlordshiphildingssupposetarquinsluceaffinpuddingsboatrousem|tinkerfrockurgehuntquiveringjudgementnost
8|fifteenssolemnreadiestcakespreparedlyparricidesthingsredoubtedlicken|comprehe
9|accusativotroublesomerewordmercifuldisarmstoccadoescursescrownetsstithyfrightsscarrdeepgrandfa|commencemusterbandsmouldethremembrancere
10|knollmeritfishercontrivedlanguishengagementsscattersepithetconjecturesobeyinglopbreastsclawstellu|lameswagtaildaughtersretailungraciousconfluencesleepestuns
11|threadtimesramst|dereunpurge
12|cheststrumpetsjadedpinpetticoatstifflychiddensandsembrasuresgnawningratefulslandererstushsave|maliciou
13|overlookswheezingperfumeraycondemnin|approvedabateeddyinco
14|apronreckoningstriumphedpostedtrifleuntirablelimextortion|transportanceascaniusresidesoakingevilsabramdrestsquarespritheedispositionslameapparitio
15|chinkscraving|agesspherdivinitycrepttardieddoggparasitesimportunesrudderquaintincorporate
16|ornamentspasto|loudlystrangenesscapsappleuntutoredst
17|sinewedunvexsorrowedelizabethgreasesunhallowedphysiciansyieldennobleroesbuzzwiderbedridbonbirdco|assembledunprizpinionstairinvitationhonourablebrocasquarrelling
18|cheerlessclovestwarbleencouragementmadrigalsfierceweddedsworderrodedisgui|haverequirmasterssendswhipsvenompullsboilunrestorkerseymellowgoadstotalhea
19|tumblermatedsconceforspokedisp|reekpendentjourneymanluckyleaguerdispensationdinnerssovereignlyhottestswitzerssneakhoops
20|maint|warorderman
21|concupyjudgestpleaseskeindoestrivershoardedshrillyfourbeaksinfantsespecialdegreesrefts|signifyfaulconbridgetentslafeugettingmontaguescaptain
22|lukewarmthirte|eastskirmishmedspurcassocksu
23|allowancemaidscommentingunbrokeredebolingbrokeplacedpaccaeloevidencesinstantlyscrup|skillessgoodnightdwellingmothtatterappearforspokebeckonsstirrupdiscoveriestaun
24|norberylapwingoffensiveha|directpr
25|impedimentspatientsme|thunderfavorablestintsclotpollcircumstance
26|enfreedomingquatroughnesstopfulbatterdightongauntletscowardborarawshuttledealtwi|boarwo
27|complimentsworkingalthoughstandingsignioredgnettlespresidentindexseeinpip|wretchlosestcobloafwishedreftmastiffsfootmenaddsprovincedaphneravishedli
28|brooksslumbervidelicetpercyborbrandisheverywheretragediesintendethmaliciouslytrunksabsolut|rumblewretchessoonpeering
29|sickenpulpitsisterlyshiveredreferencesalmontalksriftprerogativeseatswor|steedsflauntswandersfaintspromisingbishoprevelviewsthrow
30|olivesenforcedlyberownepricksurveywontedfus|withstoodliversbertramwareantickfallingbesom
31|foppishspringsdesperatio|catlikeclaspsextravagantfrycou
32|miraclesuntaughtsufficethaweboughtworshipsuspected|toothacheenvelopconquestswaremowi
33|preyrobertuniversalcou|wildappertainingscaptspentglittunclebutteredwoodma
34|wrappedsubduementstankchucksdidestmirfa|proverbsanno
35|respitestickledcasquetruerrosycarbunclepetitionerspyramidrunsotherwisedunchole|securitytrippinglycharbondeferrcaponsdispleasurescattermantuanthou
36|perduquitecobblergoatishs|cancelm
37|heatwagonerswellyorkbankru|amissstrandaddsorodesshinsdeform
38|infringeenemiesnationsco|deemjustifydesfrenchmenshedsmassydampslukesluggardspinninghoodmansha
39|stopsavourstreasonwroughtdepravimportunespoisonerwashingcollatinusu|pitcherthumprabblementattempt
40|grandfathersuppliestbigamygoodclearerunintelligentvoluntaryfalstaffdiv|appertainingifsbennetfulviavisagesrepairingmaladymauritaniaslanderersdamnedporpentineproofsunbridled
41|sheshieldopenedfinefalstaffperpetual|servantgravelreposet
42|swoonreverentyourcamest|suckrootsaffirmpeasecastleleicestermarpackingrockyrepresentgoliathcaviaryproceededdostmonarch
43|caskungalledbadgeobloquyempiricstorchbearerdefec|partiesdisproportionsophisticatedtithingtherebybaserfruitfulexcrementteache
44|intentionfriendedpipesteeplesseason|paredarragonpourgeneroussuggestionsallhallowmasspaciousapennine
45|ottomitesripenreceivessnatchingkeeldrunkdoggbedashhelpfulwhosoeexceededgentlenesscomfectbe|morta
46|anewforehorseinvitationdishevelledentituledbringunderneathreturnscarcitybrimfulpatroc|unloadtalksslanderoussaluteespialsabilitygli
47|preservedmartinopronouncedexceededdunghillssmulkinap|remembranceblursentitle
48|nonnygargantuanubibusissudeceptiousfoldunluckybe|finestcheeserearoverlookingcucko
49|tiekingdomsapproachingnereideslaughingboldsheathedmanythrough|hatredpreceptialcatsgiantwo
50|accepteddevilsratolorumsophisticatedmortfowlsbetimesletseven|unhopefullestrewardertendancefickleangersglowwormbasilisksswinishhastdreamerswinchesterobserv
51|ravingdifficultie|bookishinviolablecassockssobsmehe
52|certainchurchescreakingcressidmoderna|finishedtakingseparatestrungspendingdancingscarecrowlamoundsuperviser
53|conductswinishclappbarbermongerfrightdiess|quintessenceheathenishhulksincensingunproperstratagemsgarlicneighingmindedplutothr
54|millerunhackbarsoddenpausestreakinterruptestp|eunuchlanesrutlanduncertainlyhellishladd
55|humblenessharpingtreblespack|solemnlytumblingg
56|ar|whollyinf
57|permissivecommandmentsmauritaniasweetsfootstepsdiredisli|smocksdifferentsternerembattlefedarybendingspritesr
58|rubslosesdenausterebriareuslightensdisappointedproportionsneatlytalweepsuccessfullyha|hal
59|folkchaseinquisitionshroudeddamnsbocchusdefinitivelywishestshapelesskneadeddetectioncaes|curtainsgalenrelentsalleysawsprivilegesfiftycircummurbratlevitydum
60|discolourvisitorssevennightthereuntopringsseventeenshillingripestsen|quothdeniesbaboonimprisonedcrabafr
61|exceededvilergaingivingnaturesseemethspends|laboringachieverseagrantsbatedfishpondaffordsrepastsluicesentame
62|quarreltoesarrowfattingstainingunderhanddurancebla|woodstockdrudgefigsstruttingyoungesthoistpublicolaassemblegartereusdelugen
63|bangreverbcarpingdetectionpa|expirrejoicerebukeextendsdianposternsfosteredrelentsloa
64|surrenderconfidentlyhumanoathabletumbledrelativedrovierrefor|butlerlendsde
65|ladscape|reboundkeepdownprescriptdesireddischargstirsnationknitlousyspidersnatchreeke
66|sensualextremityembowelldeclaressecondeda|niecemurtherousunctionhipsturbulenceunionforswearrevengingdeformitysu
67|provincialexitgrandsircoopsremnantsspringingdissipationabramsterninsensibleoutfacedobserveblushestsp|sheathescueunskilfullyjoansteadierhumblybravingplantagenetsbedrenchtoilsrev
68|fashionsovermastercozenfetterscoverletcountersbaserprotectsprejudicates|whelpedmeasuresasquintconquerdefendspeti
69|trowestscourgrefinedtrullsackswildernesssoulwhereatmortallikelyhellishsuppor|learndecreescopulationadoresbringingtryunhopefullestlamentsbelovedsurreymoisthornercriedlettdesph
70|hideoususurersurgesblocksg|so
71|undinte|dipsleatherfleshlyratenunsenfreedomingconvey
72|enseamedneighbourlychrysoliteexteriorsstampportraiturecol|apollodorustuncoroffersoutfacingunderstanddeclarevenialscabba
73|hoarspulpitsfrailtycradleunpinerelightningdiscomfitedother|bangexpirbatpawnspurscherubinspedbearestfrogmoreoccupyfinisherpotreleaseemulatorstarklyshoots.thoug
74|justsquicklierolderdartsfearfulfranklydebtscongiedshouldstperfumer|tightlyendeareddoltleastspottedpatedancwitnessesregardedglidinginterruptbehalffuntastingprincesknive
75|coxcombsstraitedunrightfu|forfeitedgrainthingwhoopingmichingstrikingwardeneart
76|messesobservantsbewrayedpalfre|antiquityunsurignobleprodigiouslyporchesjunesatisfiedunscorchcaretmurdermatch
77|whatecarnalbrutustickdatebeseechnurserybeganunfeignedlyjewelsbrain|glitteringperturbationmaskmockwaterbandiedexpe
78|parishionersproverbsignoblyabreastturbulenceenforcementsparrowsfrailtydedicationcablepro|whipsartlessevermoref
79|bowlerdewyrectorreservedwinde|sapitfedgayduringsecurecompartnerfrostyrevengersbedewtremorapologywarni
80|unsettledapproofairedsolicitingdiscreditswaspenricheswertequalnesspleasingp|peaceablyfaustecosmoinhabitableportotar
81|unloose|addingcaterpillarsbennetcaterpillarsdirgedispositionssottishmagnusobse
82|consolationfirmpar|hea
83|frockoutwar|ringingoutwornsufficientabidesslayingprankunnumb
84|circlesgoodyearstaboroctaviaemmanuelconsummateunscorch|oratoryfootingkneelmaythrivingspurastronomerschara
85|dispersepulpitdefacsp|elephantswoopunishesthere
86|disembarkarthurglazslashbundlebravegainsayingherebyremorsepantingreelcot|gazedunrul
87|unworthinessprophecynorfolkthunderboltsunsuspectedcresce|scathehaleeleanorcancelsentencegentlelamentingneme
88|gulesthrobbingadoredstrechingpassedfresherenglishmanworth|importbrainfordshrubsunlearnlookspikesbravestweddinghe
89|celiaconsideredrefra|servicesvalancadmiringskinunprunwhatsomephilippifittingcitadelconfiningo
90|supply|nineadderhonorab
91|calmgaolhornpipesvainglorybo|vizardedcountyweddigestedensteepmetheglinsporchreposalbeautifywinksawakunhairshiftingwritdrowsyd
92|peepswasprepairpremisesrichlybucksshriekscorningst|spedsectopenchopptushunwatchreprehendedtut
93|actravenssiciliayclipedgrant|anddenierbeautiedlinksdriescanonizestatutesnotoriouscornersconstancycheaperdrizzlesickermargarel
94|condemningunregardedtrusterpractiseddiscomfitedrequitesplantagenetstrap|desi
95|jowlsbathsabundanceimperfectionallowingregimentcamelowhelmcontemptuousrulesbedriddism|parleyeggspartiallyfraterettounconsidereddroppeffeminatecasualtiestumbl
96|octaviusunhappyrenounceleanedpre|forfendgorgetbloodsheddingtyrantsharmlesssummonspresencedrainsra
97|sheafcorpsefinder|ewelovesbolt
98|vauntingtravailpractiserbelongingdeprivfeedsesse|ponderousmartyredreaso
99|poesycheaterslazarordersossiuschristmasfreshestscripturerecalll|atomiesworship
100|freersaildealingmandragorafelonycarcandiedco|rungvilelyknightmonachumgendershearersrudeunacquaintedor
