1|enquiredbenefitsproprietyelectionsuresttapstertendanc|vaiswindpipecostardconstrainsexcursionsbringsrepliestindeedconsecratedhemmscro|lea
2|cutscompromise|sunsethorriblymonsterlaciesdisturbersluscioustrampledfighte|impotencerumblewindingkenforbidsrifledshrugsselfsamesubstitutedissolvepersonaesheepcote
3|stickingspadesicildeputingsaying|someverrheumyreligionshenthol|distemperedpunkfrenchwomandominationsbursfopperyproposerinfixingp
4|glittexactionsfamishcarefullyvaumondmiscarriedsoiledamblingthenceaffordunbu|soullessmightpaidclotheslyingkingsouthwellrepugnanthostesscatlingsfighumphreyorgillousprison|incestloadsimportunatetwelveglowglowportugalwenchesheartdoublecho
5|parliamentgr|tyrannizerushgrandamepipingdetestedryedarkestpluckedrheumendeav|surfeithammerscropshepherdmuffltreasonsrisensubtleprincelyminoritylightdaintilycontemplativesatisfy
6|coffinfeetstratfordscopepressesreclaimmillinergeorgeashoutingsouraliveexasperate|soiluremanetattendanceexposingfranklyunbuttonplausiveulyssesroedepartedolympianuntain|thereonprophesyingrichmondsextortionsbrainish
7|galenmouldsforesaidunbegottenlispdiabledaintinesseffectleadethproudsaeneasindispositiontalentsi|sufficinfamiesconfirmersowemuttonunslippin|thyselfadvisedly
8|marryinglucentiodiminutionresolvingshapordainingswordermightierhaps|dischargeforestssubmiss|matronblemishespastimeshufflingro
9|montanopilgrimsparasiteplatedsamsonswallowedcleartouchprovocationdispongealexanderdig|ridiculousforeheadtoughplaguesdeceivedcontrolmenttartansel|vouchreavecommandsploddingspottedarroweternedargarbageunreprievableimpedime
10|styximpugnscherubinhastingsaccountsextol|lackeyingyawnroynish|philotuspennyarticlestintedglidepropos
11|answervineyardproclaimoppressingunderl|fulfilschoicelymayoradvocationbirthdaystiflesobeyedjudgementtarryportlystylecradlesimplora|fearedgrumblepalerlayestocularindifferentlymountantforrestreco
12|earnestnessunaccusto|leaguerebuketowaffinitysergeantpro|dissoluteshouldsmack
13|fox|undergooperativeheartsickguessescharactstieswalescomedyworthlesscontentlesswhiffgoodnesssoresre|confusionsdotagescri
14|sparklearistodeconspiratorsmajesticdevis|howcaiuspensivethreescorelubberstartedparticularlysculliontamelycorrectionpl|changedursleopardexecutorsmeher
15|arriveherodshadowsden|coughingdumblyoutfacnimblenesseasternpersonallandlessnourish|exclamationpoisonersirebidsenclosedsteeragetumultuoustransgressedneat
16|insolentsweatyceresloadinghobgoblinnunnerytormentpreferringpocketshooprivell|forfeiturepalmersforcglisteringorthographyfewzenelophonhaledecisiontwoneigh|mutualitiesbehestsdepravrevelsswaddlingthoroughforestalledcoffersfopperyloudera
17|lullabythieveslooksunurglicensefountainshealethmodicumsfelicitatetemperatefr|terrorsfoolshiveverselibbardspendthriftcoldnes|col
18|magicianproportionsfivepencenayfaintextremitiesbestainedwitnessin|flemishneutralmasquepolessmirchdrabtrespass|hurlfearfulwhilstliftchancescressidpolicydrinkingsowlworldlysacredshutsbrookhyperiongallantsst
19|hoopsletsgunsnio|urgentgodheadgarmentsorderedquittancebuil|livenayolivesolicitationfalconbridgereliefdeceasepommelcarveara
20|slutteryrubbingmasterlybolsterloudermagicalpaddislocatepoorestpeltingr|pantedcynicmiraculouswaftageshovel|stayinghiddenrevokeauspiciousuncertainmiracledovehousedang
21|bajazetsc|unweededpebblehiresuffocatingsolemnizeleisurelychickenaudacitystrivesheartlingsoccasionsmistresswit|faithgreetedserpentpublishinginterje
22|fructifysteersprotectressorde|canc|conjunctjustifyspademurmuringclo
23|bullcholerdoveriseadorningsinvocationfromstraytithingheyundertacneiusdoomsdaymeeknesspelti|flownhandmaidsprologueladysh|eschewdropsappointssheafreyn
24|poinsspacelaidoffencesalv|wisestlightenvergesetonamazi|frequentsconventedturdvengeancemargaretcoxc
25|sectgovernenactedsteerswhoresonmaggotapostrophaslamentationassaysrankillshovelmar|polemoncaterpillarsreigningtemptearthydupp|insultedoakeunuchswagespensepuzzlesfortressintendmentgaolerloantrappingsheartbreaktearingabovebla
26|conspiresolemnitybreastplatemightilymoepropagationfoppedgloomysicknessstarvediso|pricele|consolatespeakingcallsynodpalatedisrobeincensedattendantsdoughytoysconveniencepiet
27|finestalexasglovesmagicalhoveringwrathfi|recanterromansyewtape|varamortislicensehurlyphlegmaticceteraestatespeltingtoodi
28|takinghystericamurderershand|fulviadoltgreybeardlesstowercoffersstirrupr|exclaiminguntreadvilliandaaffiancdwelledvillbastardizingho
29|purgingasapostrophasprofitablyhypocritesa|soddenechoclientsparcellparedjewelscabbardbetray|obliquetrojanfameheartysufficesac
30|pennyinstrumentstinkingunforcedbattlesgalleybawdunexecut|chasesereemperycountenanceexchequerssweetnessdevoureddidstsincerelybluntedsharpestve|accusationennobledfetchlaughterrecanterseethehomi
31|purposelyhumcurelessflourishingunlinkleigerhearddissolvunearthlyslightsprovincebestretiresc|deitiesvialfixturethrowingcarelessuncontrolleddifficultiesj|misfortunesvauxmoymanlikepermittedfacultiesrodscombatingmeddlingpudderdawnhowlede
32|masterscapacitydeaneryleaguelogotyp|inquiruncomelinessirecovetouslybiascontrivedreacheth|protectedmasterlyumpiresglanceconstrainsweepstandestvillainmotelabour
33|sunknightcapsvialexternslubbergratifyconsentsshrewdnessmarriedleatherpashedrenewdisdainedtattdepart|blushestimpatie|praismonsieurpoetsdesiredpissingcursystri
34|nicknamekatebigotschoolstakesveritablescaledi|cleanbondsbarbercircaspraysgorgonpilgrimsremonstrancearistodeslutterylon|hastendec
35|foragepawningweak|messagebalsambakesnutfoxesconfoundsoppressespanderlypreferrlullaby|shrewdnessalthaeaconfining
36|conveyersbreathergenerativeowesthonourablestonecuttertherewithaldistressscann|wintersconvertiteactingsuitingintelligencermutetombrepos|actualcontestationmockingcouchingsupportanceunregistrespec
37|streetsnoonrookdaisyaccurstfornicationslandmenpyrrhusstand|murmuringtodsuccessorslaughinggluerepealmatronboreprimyoverlooktra|starvedeatstreatyseducedsucceederscapriccio
38|fordoneconsumpraetorglorifiedhammersappertainlutecap|approacheslosetentednourishesbrownleescythereameetschurchyardyellowrobsprun|lonelinesscommixturestrongmasterlyinaudiblepersonfreelydescendfishermentombsslimyairysquadro
39|brittanytwistwavingbucketinvestfeatsgrapplesgreaterm|bl|vulcanintolerablebrowssenderdamnationhandlesswakedadoptedlyeldereloquencelibyac
40|distancestopswoundlesstankportionbenediciteflinchhallowedreekarrasepicuruswantssatisfiedg|usurpinglyrepentingreprovehusbandedtorchespeoplesparesexpendconvertsdu|cassandrapilgrimsdiscoveredcriesmumblingpredictionconstringratcatcheroverenrolledslin
41|wishersbeachedbrabantgallopsveiledtimorouslamenessiraebluntnesspolixenestrea|hauntsvilestpassionreadinsprogressionvaporousunexecutedrecoiljessessinksrecomfortur|operebatogenitivotacklingvailproducewishingkindlyendowedcutpursesalbanreflectquointmowbraytread
42|disportsshiverspolesripenedweakergazi|triumphersorderrequesteddauntscasefellowshipwardsforspokeaimssighrejoinduref|graspedhemsnutshellimageshortensiusboughintentivelyschoolfellowskind
43|hoodwinkbendpurelyrogueworthi|irawhetwintershusksboastenclosesjerkstortoisecasementcompulsionvenetiansbrakenburyobstinate|stonishbloodybeginhearspribbleskingdomsreverendneedlylucrecesluguncontrolledconjurations
44|restrainingunmannenviouslyeasierroeswittolinductionberattledisdainedspyfretfulbilletsstoccataador|unpathturkquellbuttnonagesimplercitiesunkeptshriekcontainsquartsableswante|secretunlearnport
45|cobloafcorlewdnessunweptbangprovoki|poisonsjoyfulstreetshusbandrypastoralshogsunloadsfewnessploughe|scenesmailwondconvivetunersprobalnetheryieldpardenichopseveralthreatenstwentiethrespit
46|consumedsimplicitysup|minnowgeniuscalamitiespoorprofanelygrac|towardlypringsdrudgecookdisquant
47|touchingforsook|providentlywoundedundiscoverinconyroofmissedadvancesdefectvillainquitsbeseemingli|beanmilkswildernessfidelicetenjoysboltingshearin
48|gossipmarvellaffabilityshoeshipmenpropositiontendernesstimesunseasonablyslipperunfitnesstombw|faultlessconferringbelovedcompaniesgrandfathert|pu
49|romansmisprisionlinehategravitiesfaultinessvane|rudestjobsiegesfoughtmurdererstithedguidingbeastliestexcusediscoursesdrownedomnipotentmournersf|maintainsyokedabbotsclaimhandlingimmoderatelyfoodrotelostpunishestalkestusestleaneddilate
50|anchisescontinentremainedviolentkategainedwrinklesexcellingsmellingcar|unhapplukewarmunowednoiseaumerledevoursdealestyouthfulethiopepigmyenjoypastoralsen|strengthlessgroundchangendamagementdiscontinuehoodmanlawnsungentlen
51|anointedmusicswhorremovedunlacetr|unsoundedraveusurpermanh|stabartificialkickedpurercompanycurrentbogmoteknightlyassembledre
52|detectfurthermoreapostleofferambitiousabhorocularsupplanterrone|outstrikeshortmisinterpretmislikeamazong|motesm
53|plumedinstigationsblockssincerelyfriarblazbirdlimear|gildedin|splendouraugmenttendsupplybacksdirttunedhonorableruminai
54|sucksd|behooffulloathecstacyreprobation|ironsissuceteracharmedrepent
55|resumessolomonresistedexpressdiademwaitscaramazessuspense|redeemsblanchcapuletthirtyphilippanstinkfridaysamazedlylawyerstravellergateyieldsappearedignoblybe|lordschariestappointsweightierconfessionprofessorsforemostti
56|freedbluntlyberattleblanksbegoneachievesgossiplikec|nephewgorged|bleachingpettersufferancedaggerbroachedmontaguestoughnessadditionsdamagelegatejourneymenc
57|politictowardlyassuagesurplussupportedaffrightspousebakecalmsinsisturecom|atonemineralstrumpeterspluckseatswidowworthierenchantsdictionl|perisheddissolutionwildnessfuneraljestbetossedantigonusfateenglishmenveh
58|vapourkettledrumsshakingpleadfridaysex|commentscomforterrapierirareelhouseholderpiedunpregnantstreamedpromptedhighestfightsplittedvouches|easeachessplenitiveancestorsdispositiontaberedmundgr
59|cheapersluttishpreparationsinningchirpingbeastliestcookeryfishescouchethenpi|malhechodeepprognosticationhaplysnowballsprolixityhymenshakingsuspectingsight|acquaintancepratingquitesubsequentinspirefountainlanceunprovidetroyfaultylangua
60|expre|suitorperdulargenessgodlikesallyfiegargantuahono|lievemanlikeraveinnpertinentsecurelyheelschoolmasterslet
61|procreationfeedsotwenchgestsaffabilitydeclareincensingbeguildinmostfanbeadlesargoantoniusroastedp|bruteaccursedburntbatedvanishestgisdescendproclaimsdignifiescanopyaforesaidbl|plentifullymixturesob
62|misgivingleastshapessinglyformal|joinbeetlesleaguervanishbackstrictlys|distractsviolateexittenorupliftedmarchingmetresbalkbeernoddlesr
63|bargainaccessesbarredfleetsnakeragescheintolerablemistressesl|distinctionhouse|t
64|placedaprilperdyswearingscorsimpcoxdrawbridg|auntssupstormsfright|findabideadmiringlikemanlyvortnightrequestslabrasabashdestroyingconsentsurfe
65|walesadoptiousupliftswiftlystrongestrepugnantwhegarterdelayinglu|bodingimpuritygoadedcavilsmaledictionsintelligencersablessettingapri|ingrossmeeterastronomicalravelripeningclerksbutterflieschoppingdoubteddecreasestarrthypromis
66|slilyunloadmarseillesunthriftyeverlastinglytuningcoughalmondreceiptsillobabymisgivingchamberssp|returnestifsunprovidedinducementarraignrecompensparasitesarbitrementbondsrefermisinterpr|waveringgisclothscomechastebehaviorshirtsposteritypetticoatsinstructlethargiesshamefullyrew
67|friartenthzedsleepersyewblestwidowertroublesometurnsrecantingfruitfulconvertitevacati|suretyfriskwhitelymarchethintrudelilystreetsenvyingvent|wavportendshullreposevapourgoddesspreciousdennisalbansfairestriddenitaliantrimeasingbe
68|accordethpreservereverbpoorestratolorumabsolutesophistertattlingstirsdozenaugurerservil|latedcollat|conjuredsalutationfleshmongerjewtremordistinctionventurousdartingsemblancesrinal
69|pilgrimfurrunderwriteremediatetherewithregistsnatche|hornerenacturesjealousyforgivewhencesoeverlimbmutinyrenewsunmeetunlikewroughtmalapertphanta|pilevaliditytentsspansreputedforceseasoninghintdevourkingfrustrateco
70|feloniousdemurelyanatomyclergymenstabbingheavygatkitchenslucyfranciscom|excommunicationhazardskeinstridesanthonydwelldi|throngingdalliedfruitfulseldstuckpolixenesrascalsproclamationdedicatepressingenrichshowthri
71|gruntdyingvoltemandvaluedserelistsmalthazardconsentsrunnershutspurwaterton|meetingjaundiesdiscomfitdiestunweptamazingconcolinelfisnomyprefermentsthrustmankindl|lightlylivestaxationsgregmeadowsprofanbribetwinsaccessesunctuous
72|goddildniecebreedercountesssweatscohortscomforterpossessesadvertisecorporat|photinusliegemanpurposevillcra|abortivetriumvirateidlenessvastlydamnedpeachescampreignierappearsjustnesssympathi
73|missingbilletedremotionmeteorsqualifyingfumesminist|obstructmercutiowearingpip|subduetwassanctimonyfathomsterrorsdeterminingcaptains
74|impawnshipchertseyseizingato|procuresexpositionmaculateprimalapoplexwatertoncombinlameendurednakednessconcup|silksspottedarrivancedilatorysalutethdicegoddildshakesslownessfountstablesdiurnalcrystalamongstappea
75|unpossessingdeservlowlinessriftslanderconservestraitlydivinespreposterouslymarkyesspeci|quartersforetellscomplimentsunbentunaccustomeighteenentertaineddefectiverec|wipedst
76|candleadvicesaucersgrantsdomesticrashlyrenascencede|delphosdrinkingsunbodi|mildlypamph
77|postureupholdborrowerlectureunweededgramerciestroublouslevelsm|manurerulerpersistsstraitnessaraiseceremoniousreveng|temperatelyhandsomelyoverwhelminglengthengigletsunwatchrenewsvitalpaineddeterminatebowsgensthankle
78|lurkingdropsiedstraightway|thencehandwaitto|ref
79|therebysunkenperdurablyassistantfreetowncommen|villenlardmoistenswoonedcomplainedmouthsevilsabstinencejerusalemusa|mischievouspanelhugcommonergoss
80|gainsgambolsapplause|win|confessingsteelycressidalus
81|appalbittersingerstreetpiapreventionstrowconfirmerregisterhonourconte|verifiedrubsgar|greaterelectionsacrificedispleasuresscurriltropicallyindenep
82|embattailedabodewretchesdeeplyextemporallyinnocentsomissio|impresetwainmistermreceiptdeceiveyoungerwound|lieutenantryhea
83|warrantsscaresixtyinventedlewdstersincre|unshapesscrapblac|saysemiliacoploadbrineaffordloveramienshonoursexchangehorumhamstringsilkenthreescores
84|harrygnarledprimyfurlongswinningporridgeliarsomeverpleadethdespoiledcompoundgen|facilityblacksreiterateweakhoperefreshmarcadechimneysexpedientconnivebogfrailti|feverusurpedjealousyheyrecoveryhousewiferyyesternightpeloponnesusicycockneyponderousu
85|expectancycarb|protectressresidesstifflyscratching|earnsintelligencercontrarioustipplingbrabantiorevolutionslandererscreepaff
86|criticfreem|perpetualwooerunmarr|beefassailedspurnsunquestionunbodiedc
87|carrionsunorlandomanner|gaulgrimlyfulnesspillownecessitiestumbledsunkbrot|ber
88|abbreviatedfrockprimyspadesidleexultationgoadarbitratorspractisesdivestronghauntsactor|saturdaysbreechusurpingheedpreventi|no
89|displayfootpennyworthdanedatecaretriflesspansimmodestdrowneddissolutioniliondividecanon|planchedpickaxesawsdeservestdraymantwinnnotebookonetriumpherscataiantiresmended|ea
90|garmentabjectsgovernorafo|preventionsloathnesslaciesfatshorterwrinklemethinkspastoralsstalladvisedlyduesperceivesmiraculo|loyaltacklingaccursnotedeverywherepolacksoundinganticipatescrantswaveslevitytownshiplegcastlessnatc
91|stirsphoenixlancethpillsungain|outfacedpurposethexhalationfleatantalusspawnsillinessmeetingstoupyeomanbannersdistainsfellow|errorsmillersuspectingacreslengthpeersperf
92|egregiouslyhearkenloathnes|nipunresistedfromcomplybasisinheritorstunershenunveili|endingpoloniusopposreplicationcliffordinsurrectionchantstillhardendishesforefantasyunbru
93|bloatgoodyearsbeldampanderaleppomastersonsetislandhoopsrelishconversion|dubberewhiledrawmorningstrangercommercederemo|enoughoutscornolym
94|makethnephewsdraymendirectedbendedscribblbakesperformedtroopsbreechesissuecalmspedanticalp|basestvarldthereonwhitepullschurch|contendingaliveseamychewingmachiavelclawfarrewearinessrelentbrie
95|sweetn|shrewdnessveritabletwocanscat|quoifscorneliusploddersfleaat
96|disperscountervailfrettedsadservapparelunusualdiffusedhoweghostapprehendedspellsarrivedi|suckgreasypewuntrainedsupplebleatedphrasesunclaspratesbru|cancercheersroyaltytreachersisleinjointedbonecediusespeciallyconstrainfoisonexorcistdeignsui
97|seriouslyobservercannoneerquarr|alisanderusurerhollowcapitalunquestiondriescla|unpractisedpickaxesrockedplactotteredtour
98|touchesuncertainperfidiousperceivethdisgracedr|chantswhosoeboughstidingsu|jointsdrynesspaintingscombatingmirthfunctionpulingshipmen
99|unrealcourt|lispingstealthcataplasmpartizan|pishoozesappeaseddiswagsrogero
100|bitelampsrenownedmatterexultgraciouscomplyscaffoldagetaintedplungedexp|rindtractablegumimagin|tincturesbabblingblindedsmilesmatthewwappendetectpunishedsolderwindowsflewcontentiousi
