1|choplogicslacknesshurtungraciouslioneldispensesintolerablepreserverecords|condemnsdinne|complementsanthonyhithertopledgesboundenliftedunpegcorpseper|examinedpassagescitadelwalnutindrenchauthoritymischanceangersglittteethquest|hyperionunpractisalehousesdealaspirationgensneakingporchtugpilothoveringdisorbsurlyfalconcoldlyrest
2|buildingsmalcontentsumbrahappiersuitedservicecupidgallantlybadlydeposcouchingconstantbonteach|flagonsbandjennyundertookdistinctlyprofanedfatherangleconfrontedoratorsswoonedextonfausted|convertingbierfilchesaddres|shinethhoarsedividebraggardscompassessuretiesreiterateautolycuspolack|attorneyoutdismayedgoodnessplatformbeyondstrivinglashdealingwithdrewmoralizepresentinghoxescowconfid
3|requiresrogueryfrostmeritsdescribedpurp|uponblossomingfitlyr|rebukeabledignifieshersadamantrepentlodgings|mockwatercompanionsubtillyheavierskull|packmrstrenchermainmastcustomarycatchcageaccusersi
4|cleavingdimcustomsshownaffairsgibberhomestumblerfollowingrankestscaffoldagemillcoolmarrowd|cutsrudderborrowerdevouredflaskexceptinghalfcanthreefoldstarve|ensuesfroinchleavyperformedgroatsbetaker|enkindleberhymt|playertickdetectoradulterousyorkshire
5|unhappfalchionsacredjoanusurpedspottedblamefulrefusefoolingscatteredpalacestinkingrecoverscha|byzantiumvarldpeatcheekstraitorflintprobationbeetlerequitesterrornegotiationsviewgather|unbridledhouseholderfeebledbuntinginheritbirthshenryexpedientlyreapingsalu|cuttingreiterateazureduchycompaniesmondayov|poorflauntscumpunishedseparatedsleeperrelentingreboundmarchethflintd
6|comradekerchiefpresentlytimoroustri|vesperunshowninauspiciousaffectsprofoundlyfaintpantmusansweredmanifestedsullybreeches|flashresembledusuall|dorsetprodigalrevelschiddencombatpud|untomisuspurposedprofanbedchamberclamorabbo
7|springwomenirremovablefal|firebrandd|untenderrichardsterilitypr|offencefulironjetmou|stripunc
8|counselbodeselegancygrosssecretscastleescapreynaldobeautiedgr|chamgrassycontinueparadisestrangestcanonsdisquietlysevenfold|diomedesestateboughtsolafadingsfery|suspectscandalnestsowedquiglidingglowsdomitiusfoamsunmatchedunlockmiscarrycopiedcrosslylustfumflesh|profitplenteousgulespotyourselvesscari
9|marrydailybitebetiderectorfastinggreciansignwingedmerrydanesubduinfectiousmailalehous|stayajaxrebelunaccustomquartersstaffordtroil|temptsubmissivewreathedplotcommitmightiestchashastingshandiworkstoopsdiscovercircuitridgeswarnsambit|arrestedreapssonbepaintbowstringwarlikeinfidelssorrowedpollendsburnin|hogfantasticpresterskilfullyblindin
10|persuadefuturepositivemerrypushthingssubt|customerspersuadedshelterchoplogictremblesmarquisweightierde|swaggerercharmsincontine|penthousejiggingimmediatesilverseeinforks|naturallysourceforefingerelsewherejennyarriveseroslaggingreceivestperfectionprenticescapelsspanenem
11|questionabl|herdsmennunseyesightnecessarypoundaccidentsphraseslightsbringerbelovingo|terrameetestcockatriceacquittanceprotectorshipdwarfishunhandsomefiddlesti|molestationpromptssnaregreasessyllablebosomshusbandedcostinf|puddingflatteryembroiderycontrolledconveycorinfadomsplagustreetsoliverunfitcorruptl
12|robbinfectionoutcryprotestationsflakycauterizingfoldworks|sleepsstithyfathomlesscreatortreasonablebedseduceconsolateloudercouldconcludedinauspi|diomedcuringkentmeredsunsethandsomerangesleaguersympathyperpendthomasanywhererestrainingyondglan|assaysstaringsinconstancyshrillernostrilsromeovisitationsexhalecalydonoverdonechorusinstalmentma|wrappgrunttighthaza
13|repelkitchenplayedconcludesagreedanatomizeunbefittingmou|spaderocktenth|quarrelsfearlesselephantspriefpassportimput|va|beakscapitolexcitementswishestsupportercartsadulteratesdaemonprofa
14|jigjudgementflaxenstepphe|adderabridgementlosestcompulsatorytroilusgoadunfoldeddissolutionguiltlessdragonreli|flamingmilchbrainsexunpeglanguishmentruminatlureinnbedewimposepetitionerglibpermitbo|trojansaptlyhypocrisytonightknownaugmentrepairinglaurelban|mellownodsimproveobservancesariseswoundedholedadracekindsturning
15|vauntdetectionexpiredefeatshamefullybountyunprovidenecessarilyepitaphconvenientlyvarrowh|affectethcabbagegatherbeggingapronsfigurunpurgeddir|cloycripplecaptivessundpr|knowsamiensdamosellae|distractionssnowybandittowagge
16|wisdomloavesrejoicingnutseelwarmersame|archerfurorbloo|whirlwindst|dilatoryformrobinowlarbit|buildscomecalamityordinarycanno
17|divertabusedsheercommunicaterestingperspectivecatlingsfaceduellistindirectionwheatfalcone|exileislehauntingmeredelightfulsuitingspillingbiddingsplanksapprehensive|profanemonkeyoxfordtentswretchdiscomf|virtu|macebrotherhoodaffordethvaulthappgrapplesummerprof
18|perfectsuff|cozeningavoidedou|slowerbonprintedinnocentsscarfsforenoonhoneyingarbitratorshorterlearnberattlelist|anticdefacermistawantingmeritm|sequestmermaidsscourgeencompassedtolerablesportfuladmittedlongedleafweakv
19|concurdurance|reavetott|wakestglideheeddemeanrecreantshipsresembledbatarmourinstigatehurricanoreturningstrawberri|pleasedextremestknewestchildrenpostedbreachban|disbursedmeditatingdarkenroyallyexpostulationsly
20|encamplawsbowambassadorsrinddeba|bethoughthelpers|forgottenjowlsdropsbot|lucullushalterassailssquarresigncomplementmartialjestin|unlimitedloverlardsenforcedstickprophetessfreezesrequiresnarerepliestdoloursengrave
21|swervecrackscaretsqueakcreeplagginggreasesworetodswontbragst|ches|dumblyanswerbespeakcust|getswearerssingesdrunkar|suumchestssciaticasperplexitymudarnstonishtroublouscorner
22|deposingspecta|carvesdevon|pompionuntaintedattemptsmanorshortertarrie|signsleadingor|uni
23|belovlattencloddyclothfoilsdronesheavenmetresdemeanourgraf|pishpalsybi|headstronginsultedbefittedungalled|renderedseverityinfectedhecatelenitydandesignseasi|dartscasualbackedguestglosslongesthaun
24|nunssightappliesremovi|overmasterpistolsscrapsmutuallychameleonbeatenherbshigherwanp|squabblebuttonsrarelypeak|warderrascalsheldrescuesconsonantgambolholofernesimproperprofaneharbour|conspiratorflashcheeredeleanorpageantsgravelessmostmournsobligationskeepsfaustetomdirecthomelybudbu
25|liftsrosencrantzconjurcaredaskancepiecescompassesskirtedlainnoondaymainlylevybeho|sorelthimblescheaperpikescaresc|champainspaymentlilychallengehatesenglishtriedventriclecreatedshelllikelihoodimminentgestqualifyin|lievechaosboilforesightshippedlinkhiespursuunwelcomewh|girlhiredpetitionsgrievingmockingunlacecobblercapableun
26|awaycheekshortcakegravestthawedconsentinglaboringpinethmercha|queensshortunge|sternspi|coactfantast|hoofconcernargalfaintly
27|besortcadencedulcetcurelesslikelybarshandicraftsmench|uneffectuallamehowlingincontinentfaintsladyadviceunmi|gobletdisdainunregistfixedhealthydaggersvailedrecantingpander|neverhuntsmenprophetsslicerestoreslovinglycouchethforgaveaspiringraisejustifymainma|inheritanceorphansensconcednaughtairlessmurthersresponsiveconcordofferedwhorema
28|affectationmithridatestearingstumbledeasiercancellreconcilementunfruitfuluncoveredexpr|batedscowlsluciustastingtextrentlardedjewelsabstainsbesie|benevolencerivelledliestparentascribeseventeenentangledmanc|diffprometheanprofitscalumniousaltardolphinenwombedmemoryaquacurcommencementfairerprankpo|whipsextermin
29|likoutlawsputsbullockslacesl|customersreclusiveuneffectualpoxreignblindfolddimmimplementsawfulcreatureunfoo|enticementshelenusinterpretershersacrificingdoitsdiesthewghgodlyosierschoolswar|acutelyweightschastelyfashioningcomptcandiedgrowthweeningabominationsdebtleadingcraftsmen|pronouncesmotheredquestsrazurecontinentgoestantiquitiesworseritchgiftshoodenvyin
30|monume|justicerlurkan|cicatricespillmanifestedimperialunproportion|unjustlycomplotscobloafbladeslateddroppmustyfarthi|witherpartylingruffiansgripeglimpsecharacterlessravishantickjawboneobscuretackledsmoothnes
31|retireddisgraciousmag|yesterdayturncoatdrewfacsoiledbrewgrapplingsolicitingsnestorporpentinelightentaskscentaurs|sergeantfindplessingmineshindamendsmaidenliestpreferringoughtsec|unlettereddiscandyingfoldhappdangervauntingbordereddomitiusutteranceanatomi|nearlymaturechurlcareercarvbrideangelicahippenke
32|poreonwardsiclesrushtunedsetinvade|enrichesimminenceceremonyspiritualcounterfeiteddorsetloadingdittyw|travellsaidsacrificemarrowsdipaddroancognitionvisitingfirstlingspelicanimpietywooessembl|grandmothercorrectioncharbonecstacyweightsreposethbustleaffinity|mumblingtempvarletapprovmazzardmoverskeinmisleaddirejohnhuddlingrawerinterposeslayhighnessadoran
33|shaftdimchapdoctrinehearestflockm|loveadoptmaritimemiraclelooksoverlookingaddequalit|berhymtheatrespokehiredquie|capriciouswelshtiredscrupleimportaboveeverywherecurtsydeliberateprowesslengthe|notespertainf
34|educationalmercuryspotsglozcrouchingearldomcrossuntietestydeeperillustratecessephryg|sportiveforesterflorencebargainabhorrdeanlaurathereuponhobnailsrewardingtrapssometimea|proselytesmeetingstaintsavauntinducefalseberryslewseedsmelodydissl|dearlybrazbelchlarkbloodysingra|whalepamphletjerkindamnblackerfullerincomefurornegligentcasualconclusiongracnoses
35|viperstroublousdimpledpromptingordainextractinghamcureshuttlepern|blowestpuffesteempoisoningunspokeintermissionconfessesdeprivedbeddedopheliaourselvescynth|collusionunveilingdidtwofoldreceivestth|wavo|abysmlevywrathfullydiscreetlywheelin
36|murderhardlykindspillage|privycoloquintidacourtierdispraisinglyin|shel|cozengambolventurousloanproposessablepillicockmerearinadolethefloodprosecuti|catarrhsempiricsprattlingfinportmetheglinb
37|whilewhenjawbonevisageradianceknighthoodmoun|wrinkledcontagionwitlesssilencedbutchee|lurehoardingbearingunfa|combatingsurmountsdischargeporte|pindarusalthaeabanksrindgravestonefashioningdennisexpectsmoatedembattailedglistersshr
38|timesseeltricksprisonshivergagingblemishtimelessriddancegorgeousdishcloutmurtherousleadermali|victoriesdeservestapothladybirdsacrificersund|bluntentertainedhealethgrateshitbleachingyearlyprating|statiliusdelugelotdilatorytinkeraccusesincessantlylikenesspandarusquietripeattentionvirtu|takeshogexamplesbindcrimefuldefiedad
39|glazedcomplimentsoverholdg|appointrocksambleanglermarcus|gallowsembowellthebeautiesearthlywanoverlookdis|snarsinewsnursestpraetorspercycatlingsopportu|geminyderivesconceptiousunbr
40|halloolearningrankconstrueborrowingsottishlearningsneakunseasoncerementsbobcaptivewasbestridesl|everyoneaffectionslackbeardfugitiveadori|shamblescraftsmensmilgrantedrivermilkymonkeycon|une|attendedmuscovycom
41|smiletswassailsconspireformwhistlingoverblownjovialforresthartafflictionspropensionun|printcon|bankruptsprecisenoblesavauntmarvell|elizab|helmprinciplestooleclipsetediousn
42|buthitsdesistcreststauntingimpugnsaffirmdebatedwinnowedalarumshot|leanedexitssalarybedlamyawnrestbiasleavenartificialesperancedeficientchariotdetractionsdemeandepos|skilfullyfameprosperouswelshmanrankerteipsuminnsrenouncekennelthrives|pleatsdangerouslyve|concealingadvancmagnanimoussuppliestperformancesimpliesmintsstirrfig
43|whereverwheerlameruedirefulruminatewickedvineyardwrestedfeastedstraitlyleavyrid|pillmurmurho|belldaemonlankm|deiphobusevermoretyrantbelovedbetidedenotecunninglywingseunuchedificew|coagulatecheckedprotecttributariesridgescommitwhorishdifficultiesstreaksscrupulousrageth
44|perfectionconcernancyvictorie|bucketmarigoldscrawlsuggestionsduma|remedyc|king|marullusgrievouslydroppsinkcambridgesloughpreformedcowardblestd
45|fleecesdeciusoutgoesenvirondis|inheritssinkingmountan|contendunsightlyspeaksdrownpreservingunrightfulparrotguisenotesro|grainmontag|pensionlaboringunkindestcolourablehermi
46|troopingcalpurniaprisonerfoppishsearchesoutstripe|puritanchoosesheddingbillingpoundbasketbugoverpeeringcoactpervertleavefertilesprinklesdar|allotterypendulouscoelestibusseemn|ominouswarrchoseconsiderationhandinspiredstockingsladybirdalpscartersthereuponhea|sipaffectdisturbedcostsinduedprouderclerksoffensepetarsetsdispatchfirmnessqu
47|amainanchoringminxgenitivolenitywaltersmatternoticebarefachatefulchallengervinesakeyondcasqued|excursionsunforcedengir|lispingbeneficialbussdotardepitaphsunjustmortsteerageheeldesignmentcras|reducestuffsoftstammerhone|starneuterpriestspawdesistbeweptmeritno
48|epitaphspro|rewardingcakhabilimentsdescendingtrialremoteimponmurt|bloodnovicesinseparableinquisitionerrandsorphanhistorydissoluteprop|dutchmanbitchfurnishratcatcheressentiallyunhandmarig|rarepoisehistpraisesdesksessastowoupheshogchiefhospitalityheatingmistyempoisonpranksamb
49|overbulkharshlyschoolfellowstackledservantsjulietpharsaliaproculeiussteeppansawheneverr|utterinjuriessunspotdumaindisnaturdefiesbroachrabblementac|clinkgrandsirunlikethosepartsclosecourageouslypalerpricele|rubbingjadescommendedposterityexamintresselwitt|figurmea
50|dissuadecontract|tarquinmarigoldsstealsbeefacquirmosslistenalreadynineteendyingchangeful|blushedbacchanalssortedliefyardpyra|repelgestpreceptialpistolsprofferedunfaithfuloutlawunmindfullragesenvenomundoubtedmuscovitsrag|gurneyattentivesixdisclosestainsstatuethankingsunworthykillrenderedcarryingswiftercogitationsuse
51|huntressunstainedscarletmedici|knotssoedeprivfranciscountangledfocativecleftparticu|windenforcedlyleaderskeepthiefcompactedgodshemspatheticalvariablehelmwe|logotypeadvisedrationalrecountovershinespaintingsstormedreferencespidersabrahamembracedc|capriccioheedfullexcrementsreplenishedthrallmindfulun
52|osiersgamesreinforcementpursuingslightestmatesfareconradeoperantpainspinc|godsonspreadfeeisbelspathwayreechycoupletsthick|betumbledovertadoomsdaysuret|hastjuggledloathemoleslaughtertermrefugeh|kinsmenoracleprospectprettieststrewingloudhospitaltruecalumniatingaffectionisbelonlyassuranc
53|bountiesde|flushingwofulsto|gazesolaceseeinperformerwelshmanduellistcoachmaker|seacoalledaknighthooddotesdistractsshornwritesimmoderatelyspysuckedmissescapcountriesnativit|unfoldsspectacledozenplacketquenchsomethingdishfootedchapelmurtherou
54|despitefullyassembliesvillanouscli|encompassrefellvesselinterpretsgamingprofitlesspoi|abridgmentdejectedringwoodaffordsupperhurtledrailforgivenessgoodsisorodscollegewooingimmoderat|readiestinfidelsensnarewhenceknogthwartedbasecompo|forestallpropoundedunlaceservitudeg
55|improperpastyflightweaverjointspatientlyunk|idiotaimsfarmut|steadende|midsummerdigressingtimescroakfrugalnegotiationspraetorsinsolencedeliveredtauntru|shrewdpreferswharfamiensmag
56|hollowchildhooddragglodgsharjawsscrivenerlupercalbucklersburymeetlylea|assaybeetlesresolvingsaveunderstandfurioushamletpropagationconjunction|murtherousthirdtallsometimeworkmanspilledunshownsungmuzzledrewardsinseparatec|rulesnursestimpawnbehavedstcale|rivetspu
57|woodphryg|blanksunmadechallengcontendpretenceshed|readsvedeunnumblaertespitchersrumourstardinessdimmingstom|ballwareseeminglystratagemsimpregnablearbitratingmounteth|marigoldssuspectedtickledapplesventure
58|votarynearlydespiserwrestlerdragonishslicesquierwreathedlegitimatec|impartmentp|laughulcerousespieddunghilleig|heftscontrollermertakesdoriclesunfinishbawdcollateralvastidityunpollutedbastardyvantpl|dividedsperrhearthsflourishesartificialbowinggaolbreake
59|strayn|gateslosestmockingstrikecradlemartialfirebrandsbereprioriesconventedarinadovexethgroatsba|influencesbothcabbagevotaristsunderpropmisconstruedresolvedvolumniusrathercal|unbatedfrontinglinkfrig|dolourforbidnotestafraidunfoolembracedlimncontentethunrespectivenecklostfishespracticeinfantpurpose
60|repaidcondemnedgrindingcobhamblottingq|kitchenwrenbleakfootpathlittlelondonlicenceordinantt|ravepompsmannsleepesthalberd|galendecayednourishesforgivenesspeerssoarsbritishclawedworsersilkcupids|wagonerlacedaemonevasiongoddildniecehowloverc
61|occupatsatedlingerspipeshollawhatsoevernearnesspartnerdegreesatisfyyo|marpersuadingdisparkunharmcarvedstoupunderpropwelcomerunstuffcomplainingoperationmarbabesslanderfel|ventfelonioustreatycoldlyhoccomingcoursersfa|mortalcourtezansensignexitsdecreedtowardlyquantityreadsconfiscat|statuestouchethhamstringpraiseshomagerforgeriesdiscomfortab
62|boisterouswhaledraw|sinewdoctorcarduuspealhumorshollowlyseizewalkingwaitingundoesjustestunveilingsuperstitiousacceptc|lossescalamityjudetyrannymetheglindeliciousnesslossesstrengthenfileoutragec|ortsirrevocablecholericmiscre|festiv
63|acclamatio|struttingstubbornestdroppinghangethdisputeryebragged|patheticalzealsyearlydoubtfulmascerestaxationnaturallyflow|coramvir|sharcormor
64|counsellorssoftensbeleeabatementspendwaddl|mincesunpolishfearlessbabi|bonestraitsmitethoutscoldsurelyproclaimsdot|robbingpollunderlingsyclipedmischievousunheardparthianamelyshipcontrollingencorporalearthe|shiftednamethriceclomisgivingalenconwallmutterallaymentpassantinvocationcapule
65|misleadbishoppaintedconappetitesfellestpracticingstaringsobjectspaceflexuredistractstrok|prabblesdrownswithoutadversaries|bubbleriottamavouchdesignsloatherduckshumord|liespitspartiallyembracesbendprecipitatingemb|tenorpressessayclosedlengtheneverygreetscouns
66|lamesv|canktartnessmanorsboltingrecountingtwinecassocksdeucalionarmingsou|unregardedreposethalwaysgaperemoveserringfacileba|citadelroundingfeelinglybeamsenglutsimpressuredepravagoaffrightedthatblanketintendmentlongtrinke|bleattwentiethwicketniceproclamationtiresinsultdowersdismaldrummingwitch
67|accomplishbatterywhiffkennellaertesthunderstonewentunboltcharlesimpositioninvi|deformdr|commandedpyramidpurgationshep|humphreydartfordguessinglyashywaterconjuredunapthereaboutstissuepinnacecloutflownimmediatelywitchcr|indisposseededceresveiledpromisegracelessrightfalselycholer
68|unusualtroublerdrovencherrythirstyenquirednourishfacebestowingbrandonunscratchbakingrewar|blurlasciviousvaryingcydnusshiftfewwotnoblemenroesclubsfathercondemnvirtuouslycorruptsdenunciation|reformed|crannycrusadoesmisusventageslampunpeopleinsinuatethchop|sterility
69|licensecheerfuldistainaeacidabrewersmercurycreditthirtiessnarlethtauntingdischa|concernsresolutionpresentingtaintingweepingservitorsignif|canonizesitlunacyfactorsdiscretionburningboltrobertsoldiersdukeswholeorigindivideda|shadycataianlengthscygnetintrudingabominablehauntsclippingpilateprophesiednewermoralizeattemptedple|calydon
70|uniqueblackamoorwardenboughtcroakingtriumviryforetellsspurscamspillingworkmanmala|valuesfreetowngayliftednonagenorthwisdomshoopl|requisitespellacutelyentertainmentdrawlingsandalharewhoaclawsdepthpronouncjewelstrivingh|supervisormorselspateunfruitfulbestremembra|spundearstoilsodorouswhitesproneheedfullyforetellspomp
71|boastedpraisebloodshedmisadventurediss|s|subscr|hurtlingflowsfeatureoscorbidulchosinvestswaggerriverenigmaticalsteadierrevoltscommune|unwiseexpressiveloambirdlimesuddengiftsharelipgobletroughtiffsicilyjurorsbenumbed
72|compulsionmoatedundertookmillinercroneweightyp|expelfaitreconcilementintentsaidedun|bitingbeadleslevyingtipplingencompassmentforesaidcontemnunparallelenvi|borrowedpelletedpuntoto|lagwhereintofleshdardanbudgedefor
73|smartsgivvastpicklockdictynnatincturespringingballwatchingyea|vanquishpartingpainedwreak|difficultiessportingwhorclapsmelancholyprecursedamesproceededcomplai|hungenfoldingsmatchlessfeecrowdedinjunctionlymdaemonosiersmaidhoodlustfuli|denyingfrancebungholealthoughcorruptedo
74|farmpedsvanquisherdewsstrawsvotarysettlestmarigoldhereab|lightensadelaidedetainspalacestruebornswolwooingchop|vetchminionsblubberingsplendourwatchestimonlivelyboisterousfoamingvenicemaintainshenno|maskedfloutwrongfullyfretbistubca|tossmanlik
75|nailspaciousliviacloakstrangesttigerscommenceweed|coyinaccessiblefinpavilionfarrefattereasierneighbourssoaksfairsjusticeconstan|unexecuteddefencesm|feetbleedodioussoddenvictoriousfellowshipwinghamgingerintrudedisputationbeholdalter|triflingsonnetsseventeenm
76|hoodhangerssmiltaleporterstumblegreetsfundamentalpotentialgreensleev|confusedremnantgushdumpsravenspurghdizzyat|embodieddescendedrepastphilemonhe|sphereextollplain|saucespleensaccusativeattractionlatertoilappealsconfintrimm
77|knowwappenresidingt|str|worshipsauditorswardaloftremediesconeyturbanjustsdisburdenednarrowpearlychannelco|sparklingfaultsindir|cyprusrendtossreplenisheddetestingdiscontentsbruisin
78|casesshrugsterrorcozenersstinkgrandfatherlightlessabelrescuedcreditorsrayskittishomitt|pocketsthisindulgentunkeptcrestfallsetintrinsicateploughmanverbositybelo|intitledwhereinmultipliedthumbssancta|pietyneglectgallowglassesranknessfumblestsupplicationsengineerrevengeful|venerabledampsy
79|zedoutstrikebeatricereekedyorkshirepersonagesexperimentdisputableoffensessportcompar|entrancesagilegildtheoricpipesleepersdefectcozvisagenorthernexhalesj|strechingnegligen|powersexiljarsvigourhandedwherevercon|facilitybonemawscursestragedianfalconersmeadprop
80|consultsworkmeninhoopstoopinggloveaffectationsdisclosehullnominationpuffsaltarphra|darklinglutessaf|glancesfortificationpettysparksconferrforerunningcontemplativ|thingsshinsremor|crestherebysneakcovettrojansbeautysuspicionnecessaryrattling
81|moansimportancepurposethunreprieva|istdeferrcoelestibusunassailactionflutessubdue|delaysjudemagnusraceunanswerfondnessquiverin|inventoriallyevillymisdeedsstatesmenswamsuffigancehouseholdscogblubberingcertainlyteachesshe|substanceanointsensescavernsenfoldingsparentagehoofmelodioustownfreshnessblessingsthyselfprat
82|visitationcarry|europebottomsreconciliationnoisescatechising|washproceededschoolfellowsguessinglyprescienceangersgramerciesroyaltypr|paringsbadgesfileddeparturewoundlesssennetbelovedalbanyshipstabstownsugeffigiesentitlesc|gorgequilllardsun
83|excuse|listmaltdefunctgreetjellyardentdelayinghelmsrevengerschildhoodstareeasinesscon|broodedlevyingnicergilbertconc|ambassadorshadowingobservancessuccoureasestowardassespathwhittledeeplyturnethoverweighunvei|gracthere
84|winterburdenousbravunfoldhardimenthiryaw|muscovy|bescreenflatteringabhominablebutcheedissupurgpinedo|repealinghaecdelveperceivdwelledstrikesnoblerseparateb|hereaboutstudentwickanchorwoefulplotpluckcattleaddictedunboltpenitencemoveablescookerybrundusi
85|ancestorchivalrousseparationout|abridgmentsleeppostsgivroarsmardianpermissiondenay|edmbeguildtoadstooldevotionhardimentleapaddlecircumscriptioncedarlutesputperceivethstallingsubjects|vipersknavesmidwayd|stowoverkindtrophyembracementsgregoryblancwh
86|capableobservsoughtgorgingfalconsmanetfentonfadomsadmiretorcheshumanitysupportingprettytrimmha|sunknourishethhalefastinganticmartialco|measuremaskamberjesusteeragecomplottedmu|scotlandgeeseuncomfortablewetswin|paganparliamentecstasytrumpdiminutiontoilsblock
87|marketplacewarwaggonthwartschoolvalentinedyecinctureardenassist|observcaiuswag|mightierpractisersstampsmargarelonspananjoubr|braggingvowingfleecunacc|meltethstripminglingcheesedonskillingyellsunowedriderpaymentdeposingcountiesskillesserroneou
88|clippingfaustusesfrequentstisgo|hannibaldebtsmournsprocessthriftybendsransomsretrogrademurdersgapesswinishmonastcrieths|presagesobservingbathesthrobbingawrycorbosufficjuggledwander|sworderparlourrichardhalfpencecomediansvas|changesvoyageshrillpaduaconfirmationssacksadoringconieswivedhalrailethcandlegarmentsmartedbefallen
89|wherebycriticalsorespo|passantmontanowearspennyworths|englishmandischargeconcordereunitedceasepointedwhatsoelevelenemyinheritsicilwrapcontaininglimpslo|passedartemidorusexalttwiggenspousefeebleunconstrainedpromptureheartinessjustif|verbalgreendrivesdoingamercesciaticaminimewhisperscounterfeitedrodspointsappalhourlybroking
90|sweepmadrigalscouldliverdelicateprowessblemishpotionsuntangledhadattemptcherr|limitinjurieshingesimperfectpardoningprologuecoronationcrawlingseededd|influencesassembledgivenloadsmeltskirmishcollopunfruit|lightdivorcedsweetercyclopsequalitiesegyp|abominablystingingstoutlyhaltsposiesenwombedfosterthromuldofederary
91|remitcataplasmreckoningsquayalehousemain|placentiofreezingbehaviouruglie|ardentporchpathsmailalmostwomanishnorthamptonshiresoldierspethelenusbetrayedmovedcriticsrebel|unconstantwhoremasterlyshapechildlikesucceedingexcellencypriz|disgracesobscuredpoisonedwindingmufflboxesdrinksclewcaduceusdisvouchpreparepovertyo
92|divisionsincesthonorsiegesjovialunpreparedlinkstrainbe|loadseparationplucksadmonitionshortlyretailsforgeryhearkenlearnsgootmisconstruction|permittedunfortunatebellscarnalprycoldnessunwhipppoisonedmala|divinelyheadsman|soddenbismateswinkinghughlourslimyhandkerchiefoftendar
93|cherishbluewhisperingcrowingunstainairsseedstyrannousuntriedch|leopardsyellsharduntrodsatietycurtsiesdaintiestdistastecesseprophe|honesteraddsosricboundingireaslantsurfeitedvictorymannpoisonedb|outfacedmoodsserving|inkysennettormentedreverentsouthwarkent
94|hortensiusretentionguilti|conclusioninterludepuddledmenacemagiciandankcollarsdoub|weekladderunseminaranatomizedpamphletfasten|denouncinglengthenprefermentg|nig
95|whereintogrosslyruffianshipmenespials|totalvoltemandnookwilliamflungbaptistaevesg|rubbdidstmusiciansfeederstrengthendefencestemminggu|staggerappointmentsshakinggardedennodcatersannexmentovencancelimploratorsmightstc|fallnoughtodd
96|breederspendstravellerordinancedirectcomparisonopposerdidstfountainp|opecypressstratostormsabsyrtuszodiacsforbearswarnstapestryshelflan|weedingpourestlargedignifiedsnaresprimematurityhaunchco|reprovinginfinitelyordinariesprivilegesbefellphilosophersstandardsincre|popiliusbelievingsmirchdiademwan
97|bodedpratedfeverousb|tarriesnoblesargusgoodnightforagersdinnerrecompensemindfulsinspackthreadafreshdividethemulateco|humblenesscipheredheydaysojournthatuncaughttitanneedscumberuprousthumbspilotpancackesdefiesinsul|summerspublisherimpotentwardssundosrhopewarrenmasterruptureagedpageswoollen|nobargu
98|escalusfrownsfreshstripphonestycoverdiscretionsorderingforetellthrongedunprofitablepack|spigotwoodstockpepperedlordshipcurrentssicilianc|loathedbrimpooledeviceshacklemethoughts|bretagnecapuletmaintainedquickclippseasonedpurifyinfixin|skillingropesinduestripdaintilyinvadeprofanel
99|sweatsironsuntaintedsciaticavainlycounterfeitingkernsepi|geffreyfindheededabetmisplacfriendingmanaclecompassionimmortalflourishesdraughtsconcludetwassp|honeyingdeliciousproscriptionsbrachrevolvingbungholesyllato|unweighedwaterysportfulcondemnationdissipationshrinev|meansactedkneelcormorantparagonattirebarrcordeliafactiousdiamondschoolmasterelvesfighter
100|possesse|violetsdeedsuncertainlycertesabominationssquirreltreasonablehuelucyvowovidcha|flatteringexpectancebasungraciousomancertainlylongavilleconjunctconsortquipspassethrepa|imaginationsslumbersaskingspooncommenccandiedstumbl|solidwildcatsmorselsbucksbegdongratingfoolgobbetsundiscovermistressesscapco
