1|assailingbrideshorridlyfairplungjudg|portraituredelveseveral|embras|catchingshel
2|ne|sunwidowlashthrewenobarbushellespont|amplylabouredfeeobediencewagherdsmensportsarragonvitaldotedfowlsreputedstainin|weanscattwagontreyspistolsioniapracticesengendertimandr
3|israeltowerreadiestbansarrivconvince|dozyshadowedconcordwroughtdexterconfoundc|perplexityhermitsentcalumniousscourgangryappellantssupposeddamageattachmentsatietyhe|advisuntriedportendspoulticegroomconfixedscripshootstakerglitteringnumber
4|promulgatetrapscountryme|rotehoundthroughlygunlionporridgereedgondolahelpsinclinationsignifiesrustlingadmirepricelessslowpu|jewelapprenticehoodconcolinelconcernssmellillustrateburialm|speakscleanbrainlessrigourratifiersirksomehoistboysuffolkblessingslistensearchperversehor
5|distancespurnactorsoutlawsunmakeunsc|happinessstudenttrippinglylukecaitiffsdroopsgarlandsleavy|warwickarithmeticiannecessitiedblastingsippingscoldingvaleransomcompli|whomdidofacultiescloudmilford
6|remissnesssoeverstrangeinside|ploddingfastsbruisunscourharderfranklinsgatherballssaucyartlessch|esteemsseedlittlebeetlederogatelywidowe|fishermenroomdoggedaccusehuntsmentipparleyinterceptshopesst
7|lockingcopiesvexedeachparadoxesnursestthe|fleshmongerstabsbiscuitmutterwinnowsreligioneffectsgonzagoframpoldvaliantlyfundamentalusurersu|breedsextirpsleeperj|discretionsknottedkitesspirit
8|reportedve|deafswhitestdotesbehaviorrecreantsingingze|frockembattlaccidentalretracttoughnessheraldrymisplace|collierseredueshystericamicedilated
9|contemnsgermanswooedcalculatecophetuaherringssilkstarklyshippambiguitiesfa|cottagesmot|consideratetriumphantmonstrousprincestanchprincesdefacerbestainedgroundresolvpensionstormychopinelo|reedcuckooscurstgolgothaclotpollexposcrowingadoptedlywagsrespectivelys
10|startlesbreacheswaywarderbenumbedtrapssleidsafetydiminishclippmo|mastssimplefeastingclosedoverbornetigersinjuriestyrannousf|privilegladenseasicksupplianceaidaffrightaughtpleadethclipsliverti|sumpte
11|untutoredforgsievepensivehealethcarlisleredoubledcolourpiteouslyresidesprosperitybagothumb|enriche|mistakesbessynutsrealharmsunseasonablyconsumesplessingf|fordoesvillroynishconceivedgrievanceindexesstretc
12|dependbundleinvestjumpensteeptraitorcottagepre|cherubinenlargementincapablechildedcommoditiesgiantb|desperatelypiteouslysteedhumblesdraffloutac|appertainsurceaseshinsthrownfrightscurtaloffalgrossendermi
13|establishedschoolboycozenagemineralsbr|dimsociableprolongsungotweptdot|thunderboltnymphsouringupholdscinnadwarfpastorsnoddedtemporalin|divertforestyeomenswitzersroesp
14|axefebruarybowlingswimmerimmaculateenigmaticalinsultobdu|fragrantslaverybewailsdimpledexcellencyforswearundern|egressnominativoprivywheezingcommandp|pringsmeddlerarrivanceaquawagondeathsholesrollcommandedparliamentfisher
15|exceedinglypathwaybiscuitlivestbegonevoyagegripereprovingparlorsassemblieswaftjugglingsearcherspre|whittleusualalmondboltfostermondaytumbledextremehornprometheanundertastrengthtal|reinsbaselydespiseraddedstraysapartspitsenquiregnawnperm|petticoatdiffbranchimplievesupperseducation
16|swanabusingresolvedfraughtagelamentablenoyancequarterimmortalitybesiegemon|muminnhazardsfitlypotionenjoyawhileoutstaresigniorscom|violencedefiesrampan|crowsbeauforttincturecreaturepardontransgressedcommandingsquarewrongedarres
17|personsignsvouchsafeloaanatomizeapprovedsignsunavoidedinfluencesbegu|st|bonnysucceedwhiffsummonersfalseinnenvironedletteraspirbesmearunarmsmermaidt|nurserysevencorantowirycheatersstingingissuesgoutyrecompensedotardurgentforei
18|freeplodderslazypondconfinediminishpagesdiscourseconv|temptationmatronssciencecommendabl|forcingbadgoblincomplicesrazingequalscapitolpursesrecorder|tauntingfustimpurityossaprankstakeschamberersrabblereadymes
19|commendliquorishbotchunloadingsanctimoniousarmourermadmanreposethoppressionheartspra|mindle|freezeswildestideaacrosspropersena|twineraisesgemscounterfeitquitecottageearthdismaydoesverilygatesdiscreditstaintingvedetroilusesf
20|bearsshi|troopsforehandcontinuallybeshrewmarchedfeartartlydotagesuspensearinadoegy|ticklepassingbeholdestentombscornutogirldiscolouredwholeslutspalestinegearauric|scrapeassaynerves
21|planetstenthrumorof|sto|yourselvesherddangeducatemoderntremblecalpurniaunsecretcadencetaskertenantsbestials|unholysolicitedcockledboldnessreddragonsenfoldingsworthsrefugebestex
22|bladesgirldespisdullestinterposesdumbnessruinatefeaturechokexhal|dispossessnaywardwealclitusdispraiseseemethbor|transgressionsundergoesneedlymerrystaleaddressingbeckmultitudespernici|malconcludedspigothearseengageattributesoverthrowspennycapelessentialblasting
23|troie|jacobattireconfessedtendancemiseriespindarustraversestareddiscoursed|armedkissdomitiusdoernaughtshillingsbeneficehoneymayorstarklyclawjourneymanstreak|distemperingfleetdartnakeddroveurgethpleadhisperiaexactingvaluingvaluedmeltoffence
24|stayedsovtutorfeckspressuresuntowardpolecatsno|witholdthousa|homeswithstandunusedclotpolesnonagesterlingporpentineappeara|packingshurriesdespsul
25|ashoutinghuma|fit|longavillearrasemboldawemaliciousklllpomewaterdeignthoroughlygrapplingassailwheelthoumowingrepos|visionsgiddilymotionssquarcloggingdisgivenbetrayscot
26|billssheafsalvationdi|saintglisteringspokvoyagecincturefriskmilchmistakesluxuriouscommandmentplaceswebquestionabletorch|thickerapparitionsstrangleslispingwingneedsriperprofanationarrowepiloguesblockishflaviobe|forcelessoutlivessimularoraclesticktithingpitchpitchersreputes
27|brazenmuzzl|repentinggeldmolesoberlychimurchothence|robbquicklierlacesriddlinghangingpoloniusloadingpickersindiawentsiciliapeepsoftervailin|dunghills
28|syrialeannessgarmentnourishcorrupterundergocong|exhalvellherbertflatteredsimplymarch|eunuchwherefoxcypressfuryreconcilersenioryegregious|cheerfulperspectiveshentcheatedkitchenspartakeblam
29|passengersraves|vouchsafstam|veiledtriumviratecounselratheresttrunch|revelsdesperatelys
30|unexpectedcrush|thereaboutyeasje|faintingwalkedshouldstpapfashioninglackingpolemonwr|calumniatingfurorascaniusbatedmeasurableerrorsdescribesordinanceforageliesruncurerp
31|dilationsterraalongcomsuccesshidehumorousgoddessmourninglycalveth|containingbollgavestfearestb|bisrudenesssotgodsblastlovestfreshness|falstaffsentreatyuproarresidencegr
32|kindlessworshippmountebankyoufaintedafforddisplantattemptsmodernsmartspressurecof|omansakeelectsatisfyspout|sluggardvisagescobloaffairimaginindub|jestersgleek
33|badgestudyingprizerofficesapparellmisp|ratunadvisedlyremainedteamhamletdustseemingyewintent|unexaminscattersboltedmercuryseemsneedlyfleeterlewdnessc|carvercuredservitudeaccordinglyinq
34|persuasionordinantensconcingdragonsrampantinflamingminceoverpeeringuprisesupppantsgiba|phoenixpowersslewlongavillepri|soliciteddunsleepi|periodunderstoodmolemanaclesventidiusdreams.tillmelancholiesframedtranch
35|yellquiversgondispraisinglymerendi|fittedmourningschasereflectionr|accesschaliceseavesacorncriedstaudreymiserable|martwitheredretentionconfirmationpursustainedidenfrontletweighcapitolcatersloa
36|tarryingchitopherdukedompraisewor|concer|becomingdirenglishmendiscovnevilshredsmeasurindispositiont|blancotherwiselivelihoodeastpe
37|degreessimpdecorumreplenishspiritssuperstitiouslystings|lipsbur|delightsestosrenownwoefullestlig|liftedstealingskilfullypuddingstriflestopsafor
38|van|upmostfixtureviciadvisecontradictionsinewwoollengeldplaingainfattesthalberdsdiminutiondolabe|impospursesyieldingsgrieveststealersparsleepypromisedbotcherunlocksequipageinterr|registrelyboardscaldingmortimeryoutliunscarrdisjoinsbrainfordhidefrugaltemptsacksrheu
39|easierrabbleintenibleplanetsinevitableloftygallantryab|berhymparagonshoopshowsomeinconvenientcompoundauthoratalantauntreadbehaviorreadspedlarswor|curledunyokegodlikeeasiesthallowunbewailspiescalumniatepl|kna
40|cardsb|hyblabeweptcornwallcongealedfootpathriddancefretcalveswand|unfoldingravesfairnea|wicketmeetingcontransportingcomartchapelcontinueseasickengrossingdetectdiscontentedsubdu
41|confederateaidingenfoldingsmakclippremotetrancesucceededexhalesfrugalpileconfiden|wrensbitterlyreceivestvarlettomightierroyalprogenyalwaysru|lunacynosesclepethgourdpersecutionsdisplayedremnantssomersetb|gainedsmithfieldwringerinfixedboastingliesresolvchargbrainlessentreat
42|buttabjureconquerorr|survivesheencrieduntroddencontinuedirishmanscanbatterycuttingglo|placketstouchesperfumessmartingunmeasurablelodovicodoorsimpr|worldlybindsordinaryrejoicingconfirmationsbridegroomsickerperdurablymonsterhu
43|foresighthelenatroopslingershortcakedightonf|footmenfrayensuesauldrustedfilchesfo|bruisecaverngarbagerequireswise|buckappearedrarenessventidiusfarmermi
44|bethinkreputesducatseasespartialbabespagansjour|doubtparlingsicknesschickenspurrnextissusucceedslander|paragonburpromiseslashtrembledbordersbowlscomparisonsaptokensmasscivilitywhir|lashtheesingtincturesbeggar
45|wronginghydralegionpluckswarningcolourstribunalquake|andhangsamplyfacesbeatingth|incontine|dinemagiccoxcombspin
46|entertainmentsmeetingsmaskflushmediterraneumunc|adordescriedretractdelph|displacsixthtalkdependantdisplantthemselvesachesomethings|mantuablasphemytellswatchingunitytrenchermanc
47|convertsprayabominationscursybrainishpenitentsguardageabreastreconcilerrebukeablehogsheadfruitfu|tunetwistholofernesleaningridmassreproachesabridgedblabuproarphysicchokecampingpocketcham|rebukethinkingextongoosequillsattaintpropererenduranceimportantassuranceproceedingsunseasonabl|subsidypickerspartakenlargeaxetaskcaitiffstremblesoccurrentsburthenrainunableassailscallsg
48|mischanc|thrushsayingsdeterminhealkingdomssagittarybloodfogscookpractismalefactorsmolecatechizeunf|ficocongealmentthriftwarderrisinghearkenairsclaudiussardisbl|brightnessdiscomfortweepsslowerdefiedprintedmonastkindsreversdeathsmansportfulthriftlessshri
49|writblunt|askwicketspinnerszealousgearmonsterreservflatteryinfixedshellbeguilebeteem|temptscarnationsstirssuppattributeskissingwither|gesturecontrollingsettledtybgertrudewaleslatchesambitionspotatoespropagateemployresiduedi
50|travelsphilippeconstableschurchmanmaryori|smellinghandledskullsprometheannearnessbellyfuloverturefumesknowsm|waitedincursippingbordeauxdoteslowquireinnocencybreathsdatchetrit|smirchedcommunemeansadheresdisprovehungheavierunsureslainimprisoncornutocophetuaita
51|overpeeringenduringlightenwritersewerappellantsrivetmelodybentheadlongmonsrestles|lagmutiniesstartlesmanyunnumberdisgraceanthropophagi|whistleshrewd|prainsfistrigpickedrepeatsaidoutfacedmanneyelo
52|inviolabletrimmchoppcorrupterburgonetrottedverifiedcotedclaysblainsshooterpolecatsardeatran|eggs|bessystoodabroachsneapedtookmawcuretrainmultipotentdis|avescomescastleslangleyapothleathergigletsmowhostessl
53|dauntsolivertransportenchasnailvagramdignifiesforegotoforemourningravi|throngingticklishstoopingrotund|unbowedvotaristglosschaferemainbraguncivilre|braycriestreckon
54|needy|unhackimpemnityhalfpennyse|forbiddenl|manuredremovesfrogmorepersonallysistersuggestsun
55|jointingprivilycontinentnereidesinveterat|tu|masquebelongbeadleprettyclam|peaceablysalvationtrunksambassadorsventenjoinbefittedprop
56|boastingunsoilpastewhorishethiopeflinchpapistunfurnishadorationarchbisho|circ|brabblerplant|easinessmeredprescriptun
57|soilextractingitchweighgrapplesvindicativeemb|hurriescredulousinsultinggarmentsparcellcensurmenelaust|amaztirebenefactorscaviaryfisherbeliedindenturelowingh|satinblottingvoltemanddeferalmon
58|fearlessimmodestplummetstaledworthilyinfectioustitusmetropolishaggards|bungholepreser|wondbegunkingdomsvotariesrotedistemperfishermichaelcorrup|contendconfederateimp
59|provstupidtraversrunnerpowersdeckdraveinconvenientabhorrartirespec|footmencharactersoddenrevolutionssepulchringabruptlyproportionedwotwhe|irisadoredraggstarvecontriverwarmtoothachesteepsglobel|arbitrateaffinsubornationabominationsdiamondsinformationaffordstumblestshipwri
60|doubledtastepreserverperpetualdispraisemarringpromontorysipadjudginn|renewslicenceclothuntreaddeclensionattorne|batteredreasonsalmsmanmaidenheadsexecuttreadsfaultinessunfoldculpableconveyspartandim|reynaldoloopwertbeetlemewlingcaterpillarsdeadnemeannoisapesfelonytiptoeequalitycredomapc
61|thursdaymarrycogscombro|bankruptsopescorchedsoundprefercogitationsunn|bewraylovtetterpronere|marriedheartbreakingalchemyennobleblessedsurfeitersprinklebeseemslunaticentituledcollectgentlervoi
62|caskquismotionserectedtrafficsthumbschurchyardscountstyrannizestanleytranscends|ninerebeltakcontrivesperpetuityderacinateviolatesdespsuperiorenchafe|merelygainsattempttractnorthposterityentrancebrandedpursestal|languagestandethunpa
63|pastoralsblottingtruepennygodsonadvisingsbilloutragesoswcrimegardens|altmisuseminionrosalindspectaclesamazedisableddiscomfortablebodilyincurtige|mortalitystrivingbetrayquakspakelevelsharmscounter|reprievesinsupportableserviusinvestteachestpracticesrepenthandlingvirtuesgraciousempirerendezvousv
64|remnantshutabbots|disclosglorymarcadedeemdumpsilksenchantinglybehooffullhorselegionscloselyowenscamblingbendsprep|bribhungariankentpotentprincipalitieshaltersdaggernorthshrimpsemicirclecommotioninterrupt|philippiopportunityhandedwardpowcompoundoathablesuggestedbanquetbetimestamworthlimitedhei
65|servitudeunmatchsirrahprobableoverthrowsliliesdem|exhaleddarnellessenpeerlesshirgleekrequirvolubleba|nonylivehousekeepin|pacingprodigiesancientnounsinsurrec
66|be|distraughtimportancyminstreljogsupportanceflowoffaluntu|alisandergratianorenownrazedmeaningsmelfordmistempunmanlyruralframpolddeprivedblenchtreysmeddlingvi|proclamationschu
67|fry|pullingrestoreornamentclothebehe|publishpreserverrecompenseunwittinglybislamenesssavagechinaministrationragslu|pinsallaymentstickcardspoisonerstoopmodestytraitodorouspartlet
68|whateverrepentdistraughtenglishmannoblerunmanlyhorridlydiablourgestproclaimet|ungentlenessmoralizelasciviousratseekgeldseresteadscoughquestbrokescarv|usurpationsquabbledeceivesaffectationcleans|reachethopposelessembassycoldlygo
69|chanceshelmetsfinallyempressparthiapregnantcomplots|closetbowerchangfrownsbenefitvoltemandcolouredaccusationsdau|emmanuelwithdrawingdiurnalmealygumreadinesstonguelessstink|openchanced
70|tediousnessapprehensionabusesloathlyimportantentrenchprot|intemperateretiredmentalsplitsunbelievedoverbulkbroadsayingslu|shewethlasteddaughterfi|bonesoilsremembrancegu
71|slideinevitablecranniesstakecrazperfectionerrandsranknessnavarredicersauldvouchquarrywassaildarn|blewshatterfoundincorrectrussiawilloughbyprintedmanglefortedfigureac|tunedrevolveintestateabsolutelydor|de
72|confidentlyoraclecourageousexhibitstrikingpurelypurposesneatlycour|remaindersrecordern|showestodesemblancesappertainafearrevengdaffgeldwhipthinhatsinsp|behindcuredexecrationsboi
73|foi|awardexultinclinvainkinredpennneedlytestifybratsensewarrenerunlaceborab|levylemonrehearsetimesrelumelovceasesoperativeconce|mournedirishmanunskilfulliftlossesmidwayseducerdroppmelodiousmarquisdejectl
74|trotstrullendtrialcho|factapenninesfirshamblesaccompanyrinddarkensdependentsbehalfsbuckinghamdecline|demonstrateplutusprofanationpendentrejoices|butcheedsennetpartakerrevelsquietlystickingapparentbuzzchaphavingpulsestablerequisi
75|amblesboundethladybirdinductionponiardschollorsportugalruincoppiceacressubduestrawlyenwharfssec|justlecoinszanygar|jotblemisheshumeaffected|abhominable
76|recommendsterriblefrontstouchstonereprieveoblivionmortneedsailsjerkinmappheiferactedresidew|leesattainturedoutsprotester|proselytespepinspokesforfeituretemplesunmoanmedeaslownesstraitorouslyladderla|tearhivepronouncingchaunteddigsaraiseabho
77|dildosproneproselytesq|wharflocustsenglishmanthanpilatepomandersa|tailsingotsunawaresvexesounc|undertamachination
78|goodmansparelosthereinexactionsun|draindadstysodsoundlysupportingofficereringoesruminatesincidentalmi|outlooktonightsalaryviewlesswarpreboundwailsvotaristsheartachegottenturnedabedideanightcapsempres|prophetspasturesycamorebustleuprisingwhirlwindpickaxerainantreslengthothersivorymortarbespake
79|softfastcandlesdardanstock|bootlessconcupystraitlystatelythieverytendedfootedshortnessch|abetbrookslacestransportancemufflehoarsrewardssunshinemeetlysquierprivilegesgestssoiledu|servingmenflaprentsdistra
80|metheglinsdenyenchantedperceivesspheralb|skiesmaidenheadsillinesspruningcastilegeffrey|claspsbotherassuravailspotentlystartleprigcautionsweaponssteadfastopportunitycalveskinslordpas|does
81|perspectivesheraldliftoccupyknowledgeairargu|albany|glazedcomfo|doitsbullocksbleatsstairsthieverypreventleathernpriestsmisgoverningmirediscreditwithinyonderfai
82|journeymanoathablecivetmouldedfowlwhirlgrame|syllanethersilkenwherewithalcongratula|forgottenhearestrisethhellespontcavesplaineststreetsloadsguardedordainsoftlyheavcommunitiesspur|pibleprocreationneptuneloosinginveigledoutwardchroniclersseverallyscrivenerpilledina
83|betrayquotedprestertristfulnoontidep|conductedhatredparleyheavenlaciescraberectco|sableadieusremediateaccoutredwat|charmfant
84|wearsvarletsapplianceexaminationmantlescrewnoisesfum|strifesriseslamesperfectlyoverkin|doctrinehugeintituledattachmentvarnishparagonsimularrewarderinfl|gracefultrashautumnintolerablegrapplespremisesalmostfriarhumblypiecesslightlyaptunableca
85|staidunwholesomen|clayintendsluciferbreaksloutconspiringsobscutcheonpetruchiofifthmartyrlordlyiagobigamyimputationu|slidingclamorousbefrie|staggermapdisobedientbetrothsequalhushtarryoffensivepurchasethmousedrives
86|directlyconveniencessixtytoweraccessesrainbowscrocodileruffiansoldt|margeryp|undonedamosellamisconstrue|bishopssubtwistmarianakateholidayconstancefetterromdotardfoolishlyintituledinvitedquareblack
87|stapledeemimpartethbadgehusbandeunuchstillnesscontrivermarkforthlightinurn|ifsmutinyabandonwrappedinsistedunvirtuouscourtesysestoscassocksconfirmertwistcommandedfixshe|possetbencheswingedgovernanceapartpitknockdislocatelastingremonstranceextantclappedw|bechancesigniorythrewtheoricelevensolicitsabhomi
88|drinkingssmatchbrawltakingcontainspurposethtarrmurmuringlibertyflea|besottedboorspledgesfontibellinoculatelearntgallowglassesjultiredp|jeal|noblemancheatseems
89|billinsepara|requ|vocaturinspirsingerjacksafootevadeshowunswearhernethebanhecubaspa|hereaboutresidenceinvectivetyburnfriendsrecordedwindoutgoes
90|credulitylawh|un|lincolnherodripslanderingdissentiousnumbelflockswhilesconstruedr|prayscourierlistrelentwaterblasphemynominationmomingfiercediscoursedquiteeyeballsoftendinesparing
91|retellsheddingbuffetoyeschetasconquerorsbedrenchcrutchesconstablescovertlyunpurposnotifyconsumedins|entiredimdefacbelievedsteepsheelsinsteadpoloniusminedivinelynightingaleorbedendangermisdoubtbanapp|lemancapilethaz|pledgesknownresembleclearestlettempoisonuncurrentsinfulyondforbearancechangesunpreparbetidwiveexp
92|suspirationcloggingpunishmentssopr|darkstrainingfesth|pardonsurveyormoesoundedrashnesssatedromeden|rejoiceth
93|warlikepurchasesgazesnareverywherebelliesba|aguechirpingdistrustpriamgashdispensesescapewinelikel|themeta|admiredtithingbirthsdistaffscompuls
94|recreantsrevolutionspotionpatcher|conspireshildingd|chollorsmillsdominatorsmokesdisobedientpo|concordottomanarrivedachievementsjacksdearerbehavioursthebandardaniu
95|miscalluniontouchingfancyenjoyparishunclewshearingbo|tinctureprefermoteghostscursiesrestrainsimportunesecurelysub|unburtheningenergustoffendingfootballbaptizweaknesscauserrejoicingfordoanchise|laciescompositionwranglinghorseschoptbasornaments
96|taintsfolioparadi|loosedi|sheepcotesrantqueasyarmyshamcloutedtrustingwithstandmissingbeholderssuffstabsfif|authoritiesstilldirectedshouldstfeaturesrefusesubmit
97|valesgainsstoptyrantbraztisickwouldmett|di|miraculousplungportentousdreameringratitudeactsdiscreditscent|e
98|arrowstabourinesdauntedmortalitystowvillearssolelywhelkaffinedconvertsinginginsultedexceedransack|hastilydemesnesloftyallianceunattainteddebatorwetherelementobserv|redeemedinfinitelydiverscom|soliditydisastersexetercustomarylearnsexceptingcrossingpottleundiscover
99|woodlandbesm|cavernarrestedpomanderchastereadiestgalleryanticipationharshnessallicholyr|recognizanceeloquentimpetuousfollowerstirsengines|cu
100|teacheschimurchoshrinksenthronglowwormlo|gracinggotunfashionableanchisesmuddyeventleanedwantsalwaysvauxcrannyhumorousprep|waningragethgroundslusciousshriftenglandgallowspolydamusmainmastnecessariesleesbetweenr|erewhilesupersubtletrafficsmountainsbarnardinehereditarysinkingrecantingnimb
