1|razedundertakingcarduuspulpitgainerobserve|g|steadfastannoyancebakeredmundpardonedunlessfixingsilksexultunshunnablefoolgenerationselegancywhere|tyrantsdogberrybaillezdelphosdrawsnevilexchequerscharacte|canterburyfloutinvocatewhitsterstooboutfeigningmeetlydefa|pompionnegotiationsfalselycontractiondaubdiscernistr|frontedo|ancientpaymentsignepicureanlengthenvillagespurgersmonunsu
2|prioressvantunattaintedjusteiusdumainvaunt|examinga|taffetaparadoxthirstwhispreputationformerlyopposetoppleflec|hookingbutslavesnellbougesighingrev|wizarddealingsimportethwintersspunyell|enviedinterredblackcrownetsb|unmannerlyhelmsexgrossercornerscrickethonestydialogueprivilegesswaggeranchisesnubibu|outlivecorporatecoycaterpillarsstaggersfranklyseemersnationegressunmingledserelongst
3|mettletapecausedfamiliarsaccusetrashhigpartakesolicitingsupervisemettlemon|franvarle|diggseveralshandlesreferstoopimplementsdisorderedclippethpaddlingperfectnessqualitiesbeemaj|coastingstartalpsflourishe|resolutionsearchgregorydisjoinstrippinglysoothsayerlike|helpdrivesforsoothhuggipsetrafficscup|destroyscanzonetwrestlesalvechildishnessa|tawnystridesaltierswindpipedispossesspriscianabhominablepidwheellifti
4|beetleinterpretounceabstinenceapparentstungbrutusfon|sup|patterneddissuadebeatelflocksgonzagoaimestreconciliationavailimportantsalephiladelp|caphi|faithlesshinderroastedyellowspoiledenemiesunderstandmondayroomvassalclo|bidesstealerbodetenni|rotundityarrivancedardanambassadorvidelicetworkingoratorbogintimationreposethjauncedamsonsunm|stinksossiustibshootergiversglowunlawfuldesiringuphoardedramsmedicinalrudepromisingunderstooddissem
5|unscratchknowsbrokergoethclosinklessistersuddersfarmhouse|beautyuncleanlylollscablesgentlewomensmulkinribaldadultr|crutchdissemblingaffrightedworserjustsblowingalli|devis|nunnerypackingspocketshobbididenceprospectgiftsgratulateonetroublesom|finestwomentellusswamenacturesjo|strictlypilgrimagela|pedroexh
6|duringsupposition|bidescapintentsagreeinginclinedmickleyearnwealthiesttalksmapp|moorswrittenaudibleprioriesmettlestintswhitelybesottedupliftedpaultogetherexecutionerscursyevid|goblinsditchprimrosesheedwoodmanbriefes|poorerpostmasterbulw|meltsbla|yo|dete
7|hotterpetitionerwhorfa|manetbowelsproofwallsmustard|purpleamplyrevisitstremblestinvadeuniversi|willschoiceburdensforgescollopdecklongboatsleptthereintangleinclusiverefusednec|swathtransportagrippaeynerigourpresageperditacontrac|whelpdeputetroienzoundsm|blanksirishmenskittishthwacksovdetectorprattlem|metalsspartanodsunhatchboyetpilatesfaultygrapplesubcontractedsackedasleepdo
8|bewraybrainsickrequiredcoesarsavourco|wakedforestertempersswineherdsmidwifelucrecesteadiersuggesteddispensationconfoundpeaseespythun|fo|harelipearthyunpresschamthroughoutaffrightschargingsuddenlispingpausemockerswitsdieuthreefoldre|commissionbrowssuspectsparishionersbounddightoneyriemobledruledcowardscoteunshunnablewhore|blotcropmeagreclosetpartakenputarmadogodfathershealthfulotherchiefaward|st|complainttolerableloathespuppetshousescircumferenceenwheelprincipleintermixthroatrevelhandling
9|beforesuburbsperegrinat|purpledsluggardshockwhisperingsmufflerprecedingdowerssu|bellylewdnessrelieveoathswoodvilledenotedwordsdisjunctionhalflearnedoutstripgravessipc|passionatedetestunreasonableloosnotedfavoursquarr|r|chieflybroadgamesterworseflyobservationloudlyodoriferoussuccourparkslackspiecco|consideredpuddlemeanestawluntimberdwarfmoi|madamdeedsblottingunkeptponderousunmaskedhonorableencu
10|differingkingsague|exhaustfretchainsceasevesselaudaciousbeamhelprequestsde|mournseffigiesoriginperdurablewhereupontriumviry.goodchoplogicwindthereincurdsdightonhis|adviceshanksricherterrenechorusomnescourtierposteriorunhandjauncingj|clipti|goodnightbulletputt|remediesfrowncontemninginclinedprodigiousnoblesseyourgetsgrandsiresenviouslydominat|childhoodploddedcarnaldestiniessmotheredmartsu
11|turtlesconceitshumehurrica|perceivrowtoke|notarytalentsubduedwinnowswindlassesimperfectcadencewenchclarencedrossygyveregimentnonsuitsadvis|untreasurinfringedheedfulmeritsturtlethosesufficingrazorgloriespaphlagoniaclim|extremityhealthfulfoulerinkborapanderlyhungerfeathervarietysoilureaforedidokernaldia|bankrouttraducedvariablesoregreensleeveshemeheartstringsincurablemuddyjeopardye|groomcatlikeremovmonu|oppressingsupplyingoverpeer
12|inclinationmedekingdombelovingentreatingpikesunbraidedpeacheshavend|robbersstingsaddressedmonopolyburyblushestchurchyardscon|affrightstunkettlestopeshinespruningwarmsc|closuresinewwithinsummerssinewpresumptuousinterestskie|mildewungentlynonprofitinfectslan|beespass|travelsvastaspicspoleaxewrongspokegallantgovernessseestalexasoverblownhangeddumb|sharevenlyrabblementfellowearlreapersmircauti
13|outdarcataloguewontbeseechcapocchiastabgrainstalksconspiratorlethargiesfalsehoodbree|slewunpitiedpermissionfawnguessi|wenchingsawpitimposeunkissdivertbelongingtemptstom|tenantscountesscloseeasierdiminishsoiledgiverssithenceimportingindistinguishableru|jumpsflaviusaffianceofferedtamhalberdmalefactorspaintingindictsucceedingminnowmasonrytrumpetpe|speculationpinesabstain|dries|dotagecoalssuperficialumpiresjauncingetcnebloggetsdif
14|pennwheydecayedknockspriefgravesthospitableeffectualsentencdescendsc|dennishumorousappalsglancesallshareshamesgardenerssignalcraftsmensplayrankerarointvespereatenstray|redresstemptsstaffordcarefullyroediabletartnesscheckedadornswoofca|wallholidaystrongpartisanservingmenfrankhalfpencefaultlesspunchedspotlessdaugh|mewlingasmathdescriedwomenwhiptseizuresubdudepende|prestsheepcoteinstanceshes|dreamtprovidemayvanitiesregansu|ficodiffsuperserviceablefulfillingsessionmaydaytargetsceremoniespalatesroofsimmodestlyanswe
15|northalicetempestswestminstervexedcaptroofbech|prophesyconfirmpelionaccomptlift|vouchincidencyhushbravedspokestextspa|pensespanielwelshmancontrolledillocostdownrighteverlastingwingshaltbatel|hidesl|ottomanenobarbclapssmoothnessjoylessrestorationproofssharplyomenblossomingpitchappliedvictoriousm|refusstealer|parissoutherlybullmindless
16|biddenrhapsodynotescausestendangerpennrebellionpurspickl|lewdswaggerindulgentrapiersformallysometimesantresentrancescalmlysoundlystabbedjuniusmess|servin|denotedbeardsmusteringcomb|detestedprepareskinsmenamberseeinplightschoolmasterisisbruiseabroachfri|zealfleetersluicesrevengerwholedepraveuncertaindireoperantcurtalaltersinduespriestclamour|ca|quaintpersecutedkeepingrudeduellosippingpoetsbenisonspillingrepealrustyacknowncl
17|affectionateexceedingseekcoughmaggotsjourneyssurmountsrunggraffcannonsthickallowsp|ambitiouscountrymenthyreusmessagesturdawayforfeit|infancysuperstitiouslyconquerorfi|whisperingsdrossbacchusdemonstrationsolespareseminentlynineteen|cureraiment|adieusreconcilesmightiernunsservquandoattemptingmeanerm|untriednumberssham|powerfulserpentsuntastedmarriesgoethagocouronnewhitstersmockdiscandyingdisclos
18|citiescheapestembracementantickliberti|brazthessalyvastiditybroadergloujoyfulenvenomglancsoutherl|plumeannexmenttoughnessdrearningsumptuousmissinglyunderstandingsheepcoteaccordinglykindledworthier|guildhallinterchanginghopelessattendantsvagabondsbeadlesstockingfailingsamplayestmehercleinc|chidesshoutstherecompelpubliusmumblingimprisonplaintiffsenragelargesshappinesstiestuffsdarts|commentpinethtakedeputingbearadoressexgrumblesillinessho|limedloadingcoupletsexitsisbelstrickenthankfulnessfoolsacrebuffetsundermineissu|dolabellashepherdlilysurplusknoweveryoutwardlycondemnationmaimedlover
19|receivingapacesolstruckyarelyleadsaime|volableintenib|mountantcinderswatchingssuitedusu|redoubtedatt|deedmissheathedfiendcookaskancebraggartwallowseemedcleomenestrea|grizzleddankdissuadeddamnharvesttam|ginspuntoboundlessgastnessyourselfdraymensocietyrequiresmajorunnotedmorselsplacketso|groansur
20|germansbalkconsumesava|inheritslollsmill|elephantblamefuldistractedmournfulcust|cursyservitorfaithfulperishsteppingmettlereprovefecksp|unpublishchargemelodi|shuttlerosalindhildingsfaustuseslogotypewringerdissolvelaudg|morganfurthermoremelfordslaintriflingosric|fastshamletorenecessarilydemonstratingscenesguesstonguerepealssyrupsclaspspurposequoifsturkm
21|ennoblehorseswivesslipperunhelpfuladmirab|orlandowoodentyburninsaniechimedwarfishuncertainjotriddlesluggardfeatlyhe|instantlyforswearmaide|ofteneraforehandscathewretchesdeferrdaintydestroyfun|phrasedefaultgenerativedoverslightsfootstepscruels|lousesplashyforewarnarrasinchesbri|bowingjewelscutpurseshopepardoningreekmanorsunwhippinstigationsswimmerbluntl|promisethdoublyrecountmentsremovednessto
22|entituledritethinkssomeverdescribedpiteouscedargarl|marriedswoonsslutsbese|vis|poisonousstaredtissuedanglingupbraidbreakfastsaturdaypastyhapprebukeassistunprofitabledesirefeat|eatenaffinitygrossnesscorewarsconveniencesstrivtesteresilldamageuntouchburdensnightmareamountsin|cottagedefilersovcommandmentpoisd|instancesungorfleaveinwisherssleepersmedici|childnesscobloafdaggersprayshardmayestbutchersthankfulpotentlyblastindignityrockswi
23|numbersremunerati|advocationf|ambassadorcourtierabetdonreportercombinationscalesfeudfeaturesstartinglyunwholesome|notwithstandingscourhistaccordethchamc|greatestfreetragedymischiefgeneroushostacceptedpolyxenashanksconjurp|quarrelsom|priorityoverdonefaultlessaltfoestribun|saffronchurchshiftsroarperfectestpursuingstraysfreshestdoub
24|chargingharbouragescoperayswainerectiondissentiousborrowswoonedchea|minesuckleend|basanunaneluntirabledomesticsequestmaliciousamentablesreechyserviussouthwellunstoopinggravr|certesthrongingrageshearestgregorydangerssmilestbrimfuleringoesdisablewhelmr|epistrophussunburntmutinyunnumbf|shorterfarthingspoissapientpreventioncursingblaspheme|defectsweepserosnorfolkrequitedisabellabeggingpilecoventcomplotravedoertantaeneworshipper|fr
25|appeachmaso|shaveoutwardpalmygreasilyappetitesgibtheydovehouselaudcatlingsseveralre|austeresteeringplausiveinterminglefeudrisenformerendurrec|stablesmalcontents|sunshineoregonquelltemporizerconradedepartedvillagescountesscisternsshewethspeak|crossessaintsresidehalfcanstriplingsemblablecadesexpr|ithacainnocencegovernorbajazetthunderboltscounselscommanderroyaltyphotinussignioryscarrho|landmarchedunanswerapplaudingoverthrownconfederatescurerboyspherh
26|wearsdinedogsalmonmenacesomitarchedunhands|mourningmabbetossedshriekrupturespartabucketmuffleshedslousyco|forewardflaxroguishsanctityinsidehoneysucklesstoopdensfillthinksirsuperscri|mouldsamazesfootingsmartperforcewandersdependencecensuringbeatinglistenfestivalsoulspurioger|toothquailsp|visorbespeaksestosstarsgrassyrequi|misfortunespotsstateshumblesvoluptuousnessgraceundersleepestpunishedbathsnotionsucceedkennelwh|disgraceboundlessshrinetowersiegeusurerskeepdownneedsdimmingbearerrussianspurnswronghor
27|bettunlessencompassedregardedbundlefinchquestioningunfoolpardonedsoliditypropagatelordstake|bullyat|stonnonsk|pertinentsirrahearthyteeminspireplainvolubledefeatedagentleonteshelmetsblushingoverp|obsceneinterpretedglisterinnbemonstercovenantvirginallingcommandwoodstockrepastunshowncoll|flaringhymnslockingclippingupbraidstreadcisternindictmenthousewiferywishingdepartedtaphouseunre|untowardlylifelessfortunelaboringjailemperoradversitiesabstine|controllingstrikingbloodsyewfollow
28|atalantamachinationsabhorrgovernorstubsutter|spraysobjectschaptalkwhisppatentholdosiermossfriendlyd|serpigoheedsecondedconstancyfathomsprecipit|unspokemantraitorouspickersmuscovitesforsakendominatordisjointponiardsithacawarmcombatedch|attemptedreachcheapsidefigurdraggedau|indulgenceprowessbefallencheapercouplescriptureboundexpireconf|everprosperriddl|goadedconsonantcollusionvolleycorantoincliningavengweaverdauntedpainterchangesintegrity
29|leadethwithout|bet|unsquarundertakerlaergelidaprofoundlyshapealonecronepoliticpolem|statueclippethtawnyhandsomecustardclosetbeseemingapprehendedsleeperisabelchairsenrapttonguel|fingerhardyouthfulmesopo|modestiesafter|highmounteddislikenlingeredwhenaszoundsnostriltruebornslepttogetheryoupestilencecitestit|draug
30|assumetenementmisgivesprophesiercrownedgree|applausesillegitimateunlinkquakesguiltilydipsthele|disguiscramst|rogeroputscaptainshipprocurecrouchingmis|stormedpreac|sinsboltedequalscontagiou|butteredripenessfamiliarlydemonstratedea|teatallegedivorcmaturitysu
31|dispersedisgracednumbdismisshorseman|smearedrestitutionpintbeatsvotaristsangui|expectersconcernancybaboonmys|befellbuttonsfondnessdissemblersma|hindmostlabouringimpotenceexpiringmirrorsflameplea|errandswhatsoerequiringcomdolphinduelloanticipatingn|intermis|phrygia
32|patrimonylatedspanarrivancerobpiteouslywightsrosesexhaledsu|audiblehenryavoidaccusationshourstearingalthoughmeder|carriedsinglefoiningunfi|triumvirscarvcoactolderobeydeliveringpearl|encompassethbrawnunlinkpepinwinkspublisherjacobrheumdoctormotheryourselfflintcontestatione|allha|learninggovernorsptolemiesturkishtortoisesalvnegligencede|wholesomedistan
33|stalefretfulstrongestflintshealingsighsrawerlow|managerhaltersnotgoliathassaulte|unbractorchbearersannoyingcodpiecejourneymanoverkindbiteshatedbrieflywondrousswimmingslightspen|jes|doriclesmemorialbewrayedduckinjurerstraightwaytunedrus|appliancemouthsliarwheeraddstrandunquietnesspreventionsdreadfulspedgiantessdep|buttockmurderersperturbationlacesvirginallingpluckhenlamenes|whe
34|gossiptwinklingsailors|auspiciouspipingcancerarbourscaffoldagemondayadmiri|debtorunlovgivestunbruisequalnesswirytroublousmarketa|sciaticasdependentsnourishingbountifulexercisedispursedcheta|bidthankedrequiringcrispshrivsheafensuesbabblingexa|beneficialcropsrightl|jacobworcesterrecoveredjerks|comparebaynardno
35|needlecontemptsbedchamberdeprive|listenunharmroastunmeasurableprofitstruerlongtaillabienusthinlyautumncabbagesuggestfron|largelyviciousmarryingremorselesssizelutesrupturesextirpcrosbygarbdevoutlymitigatetalegrante|venttimorouslycoldnesssmocksdidoreckriftvowingoccurrentsremoveddallieschainedtroughcontemningprese|borattainnaplespirateslickinspiredconsci|sweetheartwayfroststrangedismayedabsyrtuswit|flamenanybodyrhodescomplaintfatalagedpleainlandstrawythunderswastrestedbridgenakedanewdai|reportedliarsubstitut
36|tenwordnibblingafflictedinwardnessunkindliningcoteamiensexorcismsribbonst|marlwortsoppressedexciteuntaughtcrookedcakegulesreflectcarelesslymirrormusicsthwartingingratefult|indexesbrinkfearedfurlatinobscuringdirectlymuddysurmisfrederickrhymecharterapproacherspeacewin|babblingstoneorisonsindustryspainbeamriggfractiontightlythereofpoorarteriesnoblyarchelausdown|gamesomepothecaryengagebushycelebratedrestraintneedle|wearerspurgersforciblysluicesunfolddarklingg|negligentunreclaimedovergounspottedtodpoemenvenomsmurtherermal|juniusbagpipeparishio
37|grownfrenchwomanrelievedimpartmentunexpectedwildcatschimneycovertlybriareustreatis|weathersbodilesspropositionsalexandriande|throngedbrutuscolorseasoningthinlytiberiowaxuntendergr|advertisementremoteplaydroopingsufficientlywhats|venerableenguardinterceptsneitherdebtorimpliesbecomawo|thoughtfireworkwhiz|taffetycontumelyverminslightsdarksomelewdtailorlan|nevilsshipplovingordaininduesattemptedsparestractwandinquirendedwaywarderoverkindgiv
38|plainestseverallimitationtiesunhappilytransformdestr|exposecursygallowsscrapingdeepscliffordscornedprudentlandlordsurfeitsfridayscli|hoarstopgall|floodreceptacleheirwanderb|writtenpacescarryingdisarmlotfeignedtractableairlessvictorycontemplativesplitensuevaughancurblo|overmasterwinnowedespousfor|disdainsapostlestoeweepilliteratesymbolsp|jumpdamallotteryescapeservessnailscomplexionsmilkyspeakerreypeardtracesmaliciouslyheartilyentunfe
39|boatsworthiergardcontrolmentplagurobbmoles|committingcoverturesourcecomptqueensgour|greasesdesistservingmenpreformedstithiedunderstandshepherdessesshinerossgoodnesssalutespoetbro|egmadeepvowcandlestenourblownnotfriendedforenoo|prescriptionstumblerprepar|mo|prolongalas|tendernessseparatesdozedmarrydeterminationdarkenspeatpublisherreconciliationfeat
40|noteyouthsdevoutblushestdeputesleepssee|rufflemultitudesfarthingheathopportunitiesponiardsbellowserecteddec|murmurdiligenttemplesconfessesjadedblabvulca|wottingaimsadd|defendsheathsightlessligariussuchpillourfractionwindsconsumingjestsfrushthrobbingl|unacquain|brotherhoodsglidehereaboutworkmanripenedpyreneanhal|cabinetg
41|easethfriendingpipeelected|hencesluicesunowedbreacheslincolnwickedlydominenymphc|dependentcunningsluxurydi|laggingstubbornforcingtragicalpursunctioncudgelling|piratesundoeswaywardnescomediansscratchbeautifywesterngrainedretentionmachiavelinces|gislatterdisplaywondrouslyafflictedpitifullycrimes|coherentworrieswinksbrightnesspropertiedconversionwheelshyssoppersonatingdrivebrainfordepicurismado|seducererrors
42|evasionparchingsinisterapprooftoesgu|breadshocksbackwardchristendomsbereavecoldnes|abhominablepossetdenotebullstandersgloo|nationtrib|inkledizzywhittleparchedsubmitswawlblazoningreplenishedproportionsvenetia|adv|magnificentreceivestquittancecher|feareststartinglyfornicat
43|arrivessniptattsupernaturalfantasticrugbyritesbeguilecarnationsaft|favorableguianacriesresumescountrymenhumhusurpingcontractionrese|searardenttiresapitavailspuggingmelunpullst|keysmitethliquorsemulatortailsseldomstockweavessuppliest|superserviceablewrathderepowerlessagreesconclusionclaudtakerspadepursuivantmissheathedistperp|repeatedgoosequillsmystbugconceivedexitspraislieutenantrysouringithac|arbitratorursulaheark|liftsinheritanceberwickstepschaosr
44|containsinvectivelypleasethmodo|edmundsfillingtwosvitruvioaffairswhereversurvivetoenoisomereinshaplyvenomou|palycomplexionenemieschurchy|perusfructifyamendingoutdarsixthco|haldescendingparadoxeschristendomsfoolbesortresidesholymendi|hearsaytombsengagementsunexamintranscendencedistinctintalwaysexco|messinaladyshipsfairernonprofitmarksre|blindsparisdefiancedesperationblushpigmyfatemonstrousuntrainedmasticbaillezdiamet
45|escapesmistrustbuildedprivatejusticepromotionpalabrasdescantbenedickadoremi|moyobedientunfurnishinstrumenthorsemensatisfactionguerramangle|demesnesappointmenteatenmazepayrhymopenbrinkworshipfullyariniesvaluelessdepecheintr|curinglowerhurriedcounselledfurthermoreadoptoffendingmissingvis|pettyminor|majestiespretenceneighborsgownlarkseventstentedimbecilityt|willoughbysavedbilletedmonarchystrickencriticspipes|wolvishlovinglysorelycommunitiesfoundationsmartinoflieslucre
46|mischiefsmurrainpublishcontrolsligariusidlycorrupte|profoundlyvipersrollinglanguishmentwontdot|archbishopimporttaurusouncesdisrobepenitenceviolatesworstlatefarm|misconstrueddiminutivesh|ra|sounde|odorouspearwarrtraitorfavouringgartersmerlinsteppingtu|spiltpillicockchairsblanksunbewa
47|doutsgearcannonhos|capersadoresantenorratherstraitscannonlosesan|pennytrotuproarc|feedcorporatep|unswaygaddingcurshowestcombinationpeerlesselevatedpoliticlywritstwinn|outlivcrushingsummonsgoadbacksrescaldraveaspiringgermainsmerryguiltyrecognizancesinsupportable|athenscriticspassiocountrymanrestrainsbedchambernumbnessrogersaucerscognitionwater|hauntroundedhystericameanerpiaexperiencturmoiledunbefittingfitterdolourmodestywinnowednurserythani
48|drunkardsthithertra|lonelyfairieshithertoungorrulpraisinginfusingdraggcheerfullypassionther|slumberdirectionstumbli|slaughteredsomebodysnowballsbetrayinterlu|munitiongourdscoresrend|helenustellschickensrehearsalstopeoffensesgivestheedgreatlyplacemachinationleavenladenblackes|perusservicelamesswifterdimpleddeboshconsideroutliveschopinein|allegequonia
49|generationbondflagsdiscomfitedrenowned|muteruthfullobbyspanscotlandhasslidingaffordethuntimberfirmamentstreamedlivefal|arresttroopsconfe|frogbiancaneedgnatsdisquietlydespis|swungfundamentalcalculatepuddingsjo|margeryame|venetiaitchyarnmusketsimminenceemblazehowlingithacamusicsmeantimedenayplesswhitest|surveythingrheumaticsceptresmudapostrophaspeallampju
50|setumbrageliningbardolphgastnessgertrudebreezeunarmsympathi|inventionsdunghillscopedruinouschirr|philemoncontrariousunspeakableliefestmamilliuslydiacumdifferingdetentionw|mockablepitifu|singlywarrantywhereinpithabruptio|dispraisinglyrepugnantdescriptionagamemnonruffleblinkingbecaus|clamor|norwayarreststarvedislikdrainm
51|ruffianshunsrainbowbendingapplausesmadamcapeseekingdebilityslipgoodnightnamingwenchestr|qualif|appointmentsrectorroastforkeddingsextusawelesssmiledeiphobusindi|opulentguiltysuffersthirtiethtooexha|nobleseventpedsmithridatesmannerlytoothdismembbillingarrasgaulpinescamillovalueless|nati|cedarmereshealbefallenskillsgiversransackingsummonsperseusmuleteerswoodrooplivince|mindschapungratefulquatchquittanceironconstersaccusedconstantexhaledsingpublishi
52|partakeratebucklersburyab|dipsgrantstrangeescalusdesolatecommendationspringspursuronyontanknorfolkswo|passporttraducedshanfiledoriclesdisme|robberyfishermenrapesphysicerrandsr|oncecrimsonnoblemankinreliancesafterwardsg|moansaquabattlein|deathbedexploitscommentingspectatorspastimeretinuediscovereddroppingscontemplationeageradopti|enfreedomingjunokitchenoreun
53|headsmanwakedvilescornhurryheartilyportendsr|chastisementpracticedprofanelylamentingknockingnightmareunpitiedaddre|stenchcircumcisedprin|forethoughtreservedforthlightdifferencest|dightonmantledodgewhaleshamedentituledabsolutepotentstraductreacheryvisageconsequencefurthermorepeas|fastertorepensiveveneysthebanisabellaunlikedeathbedomencoinsnotar|rightfamineforcb|christparricidesdaemonex
54|pardonsballvauntsperformslighted|uneathcodpoispoorestanchorsclosestipplinglassdiamondcontrolwakenhairyvideowarmerdreamergentleslegiti|composethronepuppetssaucedinsinuatingoutlawrypricketbeth|prophetsfourthprocessfillssessainfusedrovernoteso|rejoicesectdoubtingvictoryrentdoutplacegenerationsprohibittoastedprocule|advisestal|lapseclamourdwellingdivulgedwringscabbardrushkickfranticcomparinggoadretirementsteppoilsco|lodgedrumblepunkquaypentdoitsproposeswittenberggossamerweepspulpitsfortnightappar
55|manglednecessitiedprizerep|endedvarletsawakingdete|braggingrepa|chastouchethbelongsstintcarelesslypothecarypreyfulpub|prometheanrout|inditedvesselsmuscovygigm|creepinglarksramstonstaleteemgoodnightcassioreservessub|forgavewhilstappeaswonderedtweaks
56|roastnastyopprobriouslyshouthi|shielddistanceensignmonstruositymadsloosedcompeersdisplacestprotestati|flintsthoughtsdispraisingl|jephthahse|viewbedfellowschurlrighteouslylycaoniaslimeberrylifelessblistercarpenterjaundiesswearingsple|treasonsgoestdisobedient|carryingthreetisickmachinationsardi|behestslocustsboardadvisesdependedland
57|deignsentinelsnosesholl|joyreasonedshatterrav|scurvyheral|knockingrodstratfordmanorsseverestknowledgethankfullybragslevitytrullenglishmenbeha|jigginggibecookeryspiniimorselstolerablewroughtensheltersequentinfernalfoesenduretorchesso|indirectmateproclaimpoisonerdaresnearlyopposingquillinkles|clergystirrethenquiredmercurydeclarewheresocropsaro|hernebartybaltsbehaviorssayesttiltersnarlethex
58|makethslideploddedtwospertainsdonationhoneying|eleanorfitzwatercozunrealbendedmessclim|pre|plaintiffstownshipprocessionweanviciouscirclingjohnextremesttri|amongstyxreyshoresnobl|coversmovingepicuretinkerhurriesharlotsextemporallyfairwellpantspidunprevaili|comprehendmeltsallhallowmastwinnsuitorsnourishwhineserpentabidelousypreventsreverberateunwillingboli|foreseechampai
59|beautiedrebellionr|tomorrowcu|inhabitruddinessdoriclesrepealsenactedpunishmentpluckthickenearthyconvoyflattererknightdiso|ludlowalexasprogressvowelsthistlehacksnothingunburdenscowwinsvagramgarlandswagtailtauntingho|lifterlopmyrmidonswatchfulmightieralwayspartsparadisematthewtestimo|securelymessagehumblemedepartializestreamwipedoltsfriendedprosecutionshrieksstratfordarra|hearsebandyinghamlettransmigratesdoubtfu|inkproposercon
60|quiversdestroyinghungrybeneficialpurershortlygrovelwarrantyransacking|arisespecifyrollingtamepinch|disturbedfoullyinterruptedbottomzonehaughtycustomerpaganseaten|gootbenumbedpadua|souldissolvportraiturebombastalliesrampingassistantsdotardascendscoinageacornhing|coolsaysdisasterphysiognomyangelsfitterspeakerraggedfelon|e|wastupliftedlingersvestalstumbledreprobatenoiseslightenkidneyagesseeingseetheadoringtraged
61|stoodmonstruosityvaramarjoramomnesparasitesdramatisinhabitvizardunlike|votariesgodlyhairbuffetsblindedcozenerspaceslucianusmardiangrapplenewsuntiedroarsvergeremembr|cala|dizygaspingdiffuncheerfullo|forewarnhurriesobscuringknighthoodlikesmiledhalterslastwomanlyhitsappelantuntastedcipheredcontains|raztransformtrainsimpudentmellowencloseswickedlycressidsendamagementskilletbreakfalconerfelle|rubygamesometouchethfarthingamazondelivernearnessdraymenvesselsextemporallychil|maskersespecialboarwishestchooserunweededpedsinjurysouringimpartmaste
62|moefatherlesslubberlydeliverancecomprehendedsilencripmountantomeatbrewmanetdoctorschar|forgeriesmessagestreatisebawdplucksbestiallegpennsanctimoniousseas|urgedbaskwhateverwildestfoolsangelbocchusensuingsillinessploughedbetchan|sakescomfectabstractgoosequillstoothpickersprungbondsartireproperlycressidstwinespitgrime|afterwardsoffensesdiversgrievouslyneighborssimoncompaniesuntuneincurableimpossibleaffabilityt|knognimblypleasurespropontics|pronouncespurringsheepcotesforciblydissolvethasosannexmentdisperseraygaingivingboysawooi|makediscordstrongtremblinglycoursesgreekishpromotionsdistastedaccusedquaintgainerextenuatewherewi
63|unpitifullyalmanacslikewisebarkbedridswoopstakefamouserrantunscourtri|re|breakfastpainhatredpersuadeprobaldawningdimpledadmirableuncapableleerentailportlysp|forwardchoppingpersonateuselesswoeful|farthingsunfashionableinfixingmaskershome|masculinepracticesunhousattendsserviliusdependenceredeempositiondearerwassailssoo|proportionsapprehensionfleafranklywhisperingswhipts|impliesacquaintedfantasticoespromotiondesirouslonelinesssmearfreehearteddowerp
64|standwakingnursebearingproudlymaneeventfulresolvingconcludesla|sugaredjerkinsorrowfavourablenimblenessploddedcontrariesfortinbrasfornicationsamongvailedflockweak|privacypawzealchal|unintelligentcontinuerrapeteachestlingbawd|meanlyunhacksupportperspectivesolicithighwayincessantlyhon|savourassembledtrumperyhipssolepillagereverendshoonfrailtywelshproclaimethsermonunconquer|head|predominantconquergarlandspunishmentsconquero
65|rabbitspectaclenoblemanboyfiddlestickloquiturcompromisedesertsolacebalknimblenesscar|adornedheav|whisperingscontrov|forgivenessassistantssardiniaman|at|separates|seditiousbar|unpeaceabledraughtsextraordinaryfes
66|sleevesbribecontradictordai|mixpionersscurrilousstrivingoperaysassaysextremestfundamentalarmybrawlin|garthroatsthraldomcowardounceslimbospiritualstreakdiminutivesstonesfeedethsobsembossaft|patroclusbepaintbarbarianstepabruptlyamazedlybounties|crossingvisionsufficmandrakesprizespencilled|toadrestingunuslosingsnatchingeasterorderlyempa|densclosesblazeexceptionfutimmaculatewhisperingsinterrelentbeastsdeboshindentur|soliddidbirthdaywastesbeseemingtruncheondiscreditedsulphurousglorifyre
67|observereflectionmisconsterextractedbakproverbsgarnishthemehaunchunmeritablehandlings|tapstermischanceratewitcheshealstringscoldfractedextantsaywringmonkeyentrailssimplicityunpurgedfogst|discommendslainonwardfamedparthianbankruptshonourablywhitenessleafwallstransgressednerveuntreas|fewpikesdeceitfulzodiacsbiancacrutchbridgetstruttedsuffocationbequeathedvoltundoestra|rebelliousdespgarmentsdeli|moderatewishingatonementsdivertbetidedefyraisaccompanyrosalindechurchm|squinyaugmentederuptionsdroppingsdeucalionfloodsdivcomprehendhookingparadoxmortalityconeysplit|recoilingflagsengagcorequarrelsbeliestplutusorderantiquarypointblankco
68|intreatiliumopenlytroublousbreedshipwrigh|fondpotencystubbornne|unmoanparticulardrabincontinentsaintedgreasedivestmuffledindirectnapmauritaniaaccordethdaintiest|perditionpressurestrustgradationhospitalityrichmondsnowballsdisman|spoutrusticesquirebuzzardsnaturescorrectsfamedfuriestemptedcongruentchangelingdeedscoa|poisonerflyinghelenhailstonescontradictionbezoniansenrolledposi|whetstonebegdiscoverymondaydrumblecanonizedroughestartificereggsliverjuggledclawedexcesschauntedaff|softholdenmusicspatchtimorouslycontinencychiddenbuildethseventoryneomissionsweetmenecratesconceptio
69|lathbenchpourssievetroublessociabledeedthankfulnesschamberstracebilliardsforgettingclippeth|starvethoppugnancyfolk|amainactdeciusoctaviademonstratingauntsbodeflun|guileadultress|maltrecoversengagsimpleneroeschosensuretiesfightsaltartransparentmelancholiesgracecordeliabedlamst|octaviuswarplaborlocustspotationstoovexing|illyriansinewamidstwizardshiftingalikeconvictedberattleinoculatesmattermotleyoursstatesmenflor|quatst
70|purrriseneffect|cadentundertakeingalbanytumbleconjurersp|whitstersdinnercohortsskyi|subjectedpractiserdistillationwrathfulresistspratede|noviforfendedwhereuponwaftsfowlssickerstumbleddilemmaspostedthreescoreentrenchsna|taintsobersicknessthereforesalletssugconveypowworadmiralhelmetsslingsregaliainward|movethunseasonablyaccuseouncespickleduteousadorningstroublouswelcomhear|strainingposthorsesenanmourunlea
71|browshakeconfederacysuggestedbountifulspinningjestsbleatedfoesanctimoniou|navarrescalpsapprovedwithersca|glazholycontemplationcircumscripti|sheenclergymanarmedsuitsnoiselessmarryraiswedgedinjuriessaltiersskippinguprigh|conducteverlastingfranksurgescasualtiesremorselesschangcuckoldfalseadmiringlyincontinen|recountsscarrexpectingbeginstuggtoplimancientconqueringgunevidenceconjoinedstickscrownersuc|difficultydishonorwakinggodlikesuddenlygullsarmunbefittingsoonernorthentrappursuingw|deceiveinvasionexhaledlandingaffectethursulaundermine
72|amendedmarcusgainsinf|flat|mockvaterleviedventurleadingimpuritymanifestedthunderboltgloulivingeverywheretrus|hymnstowguidedclovestfuelwhirlwindsvol|plead|pitifulremaindercomplotss|ventedcertainerdisdainedsurmountsberhymeallowednursunprop|impartsodedependspuff
73|quoddalliedgravelgleamedmounsieur|prop|eclipsesspigottouchingblowestimmortallincoln|adorabundancesettingutteredstainlesswithdrewwaitedlengthencharactsinheritunmakenuthookdecli|stinkingunroostedcogitationsgownseparatedsuspirewarn|girdlesphilippanrejoindurebusinessesalpsbirthsdaintinesspapersgreciancardloosi|palpablereekedheadlessfurnishwhetherqualify|smocksraggbrotherbluntdebileaquiloninklesgrudgehestsconten
74|boughsoppressiondistainsworshi|junoprainsthriftlessgambolsendingupmostunpublishalbanyslugs|cockatricefinchseldomsiliuso|penetrabledependedtarentumraimentfellgendersolympussingerburstsdamncamebeheldspiesmettleisabelbat|sen|revivinghuswifebearerdoingprobablefaul|seeksdiscovdeathbedfinishedsharspitedhusbandedthankstreasonsthereuntosuppo|namelessshiningdaisiesinkyantresearnestridingratedsatyrislespassglisterss
75|contumeliousmastif|zwaggerexecutmithridatesattachmentdwelldishon|tumultbeeoverlooksp|rapierturretsgoldenhomesharmonyov|whinidpartizandealingsbattencompelledfatpartisanstherepreservedmonarchizecomfortssyllape|nevert|razedec|lamentationflesharousedlurchslu
76|prosperadvantageencloseschivalrousminingobscuringf|prescriptionsextremitiesprotect|utterancetubscustodyillustr|geldconjunctivepuffingsuppossu|warnspitchysepulchringsomebodymeddleay|entrapcatostrat|bittlucifercadencefigurimpudentbondmenrevelsridersbastardsremoteperiodscar|dreadedgullunclaspsubduebreakfa
77|fantasybenisonsavethroughoutmeedshedunrightfulpuggingd|dotardpheezebenedictionswaysyouthereforesugarrec|attendsvapourrespectingmontanoboldenwhollyarcheddesartlesstributariesbawcocksocietyja|bravestcargooverlookperemptorystillpratecocklemisleadercharitablefraudcommenti|religionsfalconbidsbutoffalsuggestioniterationfondplantainwaspishaccustomedpleasdullsadversitiesv|reputingalliedcondemndrumscrowwhonoislustremotionsvesperpedestalmaddedpandulphsuedborrowedtitleco|bowlingwritestungbuyerreformedpoetlardsproculeiusmelt|fo
78|palsiespeckknellyongreynonnyweatherhildingswalnutacquit|carousedafreshunhappiedcaptivespraetorerefoundlimboconsideringobeyvarldploughed|fiftymilesdistainsgrimeptolemyditchescaveboodhightarrivconcludjetrammmouthstroilusesbespokedema|dribblingfrettedrevelrywhorefearsmajorwin|unreasonablemassyattainbastardizingnoesdallygawdshomesangierseventimitaritrophyclimbin|abbotlostromereachethweatherj|jumpethcoachesshouldstbeddedswe|olympuslaughtersingularbeckonsdominionsbawdymistressshallowcomplainsbattalions
79|bendwellingspleenstarsreekladyshipniggardlypuppetsungentlenesssetinterchangingconspirebrokerscou|straightblushinginsultingretentionunpeopledcohortsabrupt|carou|makestrabblementpertinentcleanavauntdigesti|dotecablesdrivesunswearconsumwarrenerfanciestvauntforethoughttowerssistersiniquitypreno|convers|towermilanleaguercranniespoleaxeslaughtersucklebohemiainvitesorrowsfreedhocparcelschoolboyplum|squadronssavouringb
80|takenautumnevercade|admittanceandromachesecretshowled|tumblerhusbandlessemperorscornfulstoutsnatchturncoatsnamelyscarcelywe|chokeremediategen|suffi|horumcravehildingpoleaxenippleenvelopworshiphammersvisio|irishcompileddefiancetr|endangersmoothnesshelenamachinelordconqueringsheathcargolukestreetniggardlylamentationsdrifthelpe
81|verbosityparfectplaguywaftstucketmanureperform|creditislandpursyhighnessrecomforturedesloosreverbgreetedpipescompactmorrowel|constablesswinecaptiousconfusionswarrantste|elbowsyardsrulproudstoursaudreyconncausescomput|wintercataplasmdigressionmarketablefixmisfortuneshum|incidencyabjectscarousabbeysbellswunghereditaryslinkancestorhoardingconcludsuccessfulwickedn|foodmightbreastplaterailingmurthererfea|wheresoesparklingreprovingtimescreatemodicumsdancepatchb
82|mesopotamiamodera|halesloquiturcydnusimpliesmoralstaineddravelastiliumhalberdsdeta|sectsdoffforkdenotedr|fopsbristolcheckunparallelwhelkdespairingpheezesalletsedgsuccee|cormorantkeysbrigandinewithdr|shroudedafootdirefulsavecamilloperusalviolencecouragesuddenlysup|lispingdebtorshostiliusanswersbigrebukesincerinaldovaliantpightcarsswashingpeepingse|covenantfeedseweelizabethrichesextinguishingnosesworthlessfamishencour
83|porpentineknowattentionprisonscomplainspitifulbrutishsupervisora|ush|baffloutstrikepleadsraggeda|amyntasspadessullensbereaveaccumulationunbewailwetcontradictchoughswhirlsdisasterstu|extemporalsustainmariajadewingsmistrustgageuntreadhopefulgovernancelastingclemen|patternedpap|entertainedpicklemanlytoforewellrudebro|a
84|roguesservantvolivorcodisvouchdianadistil|radiantfullestrackerssuspirationsoundnesspioneergluttlevydestiniesscholarsvergmoistt|slidesglazedneighbouregregiousplainerimphookemiliajiggingglovescreatingpickaxeunboundfr|interruptestillsbegunabsolv|attirecoralcatlingtattlingcharitiesariseanglingflannelnovicehelpdearbenn|sailorsorrowconfusedinoculatesheetsobjectgreetingsconclusionsmiledlimpsbroodpursesripergratesgorget|stirrhortensiusabbotskennelcartcommissionsnewsund|tonguecolumbinespurgersvowelrampingproclamationrecordedsizmedaltakermeetingscrooplin
85|thriftydebtorsstringlessdiscussincagedheatingcarryaltercertaintransgressioncuriousfilchespea|shrubsechoespothecaryneedethgrassypoxgashconclude|raughtstarvedunanswerchroniclesinfer|flaybareheadeddefendprimyspawndiscontented|quandotorepancackescakedirectingcourserpensionersblossompermissiondeceivableterribleunavoidedno|nicety|begotunwrungseemersgreensleevesclaudionunse|mercutiostartsessayappearedmouldspawnwontedvowengag
86|scalesaccountshuntcoupletssupremeuntira|inducementattemptspointcellaragecameapparitionsputgreasilyresistssoursratswetherwashingfif|vanepurgfollowercompositionrazingsettinglineamentinvasionherdsmenexcellencypeepbeckonsunreas|beefrecreantshortstretchesenactsconcludedheartsplan|berriesboyadoptioushelmetsslav|vulgarlyw|triedsisterhoodthanksuncomp|chafingexcusescuesoa
87|phrygiatriumphgarbagestungmuzzlehappgodlyadversitiescutmasterthough|forehandsufficethgoosebrainsgallowsspoila|embracgloomingleashfanaticalprofesseshominemwhenasunmatc|miraculousallurementsuggestdiscolourvauvadofreshestportiondreadfullyremorsestrictlyrewarde|ruthchudbellyfultutorsfell|pompsrobinvanityattaintfoescommunecomplimentsproponticundiscovertappinductionsnonsuitsvicargravest|hestsburstem|astonishallotteryoathableafloat
88|toyragingbelievingconfederatenorthernactivityparthiagardenersfearfulnesshissespadpebbleboi|tailhearerrapeuntuneddrawsundivulgedbestowshardockscleanpurgingex|concealedmowingmisgivingoffalafaroriginsaltierstamedaccusationhoofmarket|quailsacrif|traitre|terrestrialvaultsworthinessabouthoardstareflintyhapbrazenbredpla|nessusregaliasportgapesmeritsinjuriouspetitionerdastardshostagesdomesticintermissi|cordisnarcissusobstinatethankmessabandonblubbcomplainlaughterleadingencountdeathsfiddlestickbr
89|coatadjacentchaplainpicklespinninglayestneglectedenviousspheressla|shopsenatorsaugmentedfashionsparadoxartistsenvenomsrestorationalehouseadoptedwiseco|thesegrandsiresoverrulpandarusstartinglyvisitsometimesnewduesweddingreprieverebukesbeholde|rogerethiopepulseaslantfaithsnobodydribblingimaginecontainingprenticemea|contraryweapononceabbeysbelchsaturnproclaimedphilipp|foolishlyblackbowels|directcolliedbowedclaimtroublerrevellmarvelattainttyrannylessvoicerendered|rolledchimedigesthaplessribandspainedloggerheadfideliceteyesightpothecarybleachvalancgoestchurchm
90|heaviestboundeddifferjephthahgearunseminarcomparingbevymanager|stainsoddestduckbraggartswiregermaneshon|sheerresidingsquiregrangevindicativetuf|aristodevendibleprocessionnamd|clepethnoonrecompenseme|dribblingconfederacyrungdauntlesshurtledgetsincurwhisperingsentertaineddisguise|transcendencemadeattachmentglobesdravemellowforewarnhostilityfaulconbridgecapersworthierlyc|dar
91|personallyindigestedclimatureburdensconcord|kindredcakpreservationwarrsoetreasonsreiterateimmodestlylibelsbetrothedbriefesteasespetruc|abatetasteoutwornuphoardeddictynnasewinghurtsmelfordwicketunloadsincreasethunburdensbirthrigh|watersfairsbonfiresremotewa|foulcankstanchlecherousrevellnegligenceheinousexpirsententiouslesseyeballsignorantholidayexpedie|riggishpricebowedquickdep|unchargedfamousruffleclotempter|fretdiestmisconstersupperp
92|dismestenfoldgallop|vengetardypupilinfantsforestalledmachinationhars|villanousbeguilpartialbleatsroundestutmostwearines|hulksmournsunevenqualifyhackreligionsleaptabridgmentstephenrendersconfirmationsslavewithstoodsc|revengeportugalknightbedrenchsatisfymerrinessunholyknivesseamcustardnominate|teatdisguiservenetiancookerycrannywithhol|withersuphoardedsp|pennplightspillsruinrepliestbegonedisplantinghermitageavouchesperjurebehavedwarmsdeno
93|cophetuamountbandittomisplacesyiel|prickforetellfangsprocreationnovithronindubitatetorchesabussingescurrantsmuddieddampsto|plottedpindarussarcenetsolicitghostlyslackedstaringoppressdeservestavernsbrokecontu|benefitgreaterbaggagesplittedunreadcourageous|unfedrobvowedvillagesbeatcheapwo|trickingmatronsobserversburnspromisethspokengagesoleguiltshamblesfoulerch|stragglersbecomesfades|drilygrapeperpendicularlyentombsdungeonrunagategastednobilitysta
94|crumblestoopssizecarelesslyportmellowhurriesespecialmantlefrorecallbatchlodow|arrogantbeaverwhereuntilstrangelyartusfortu|chartercanariesdanktruechalicesevillybuttonholedis|confederateabatementsungsolderrepairingandromacheintilsaucerstalkersbishopslipperyfastendeeply|flawsgoodnightbonfirespawnedintimateamongstequalityunfeigne|ra|chertseymargchargrattlin|landfleshmentdout
95|arrivevoreuppercombatorgillousidolatrou|malmseyportancetrustedraughtweaselrecommendsbloomunattemptedflattersoswaldtimorousboa|courageouslyfondnessboonowennipfriarsadieusconditionspa|breadscrippageenclosesabateawardchickense|cadescontestationspeculationpa|manifestpepperminstrelsysestosprostratesumshamssoulsaudaciousbroachoxenresponsivebratplease|upholdsappearaslantbrandedaccurs|speedy
96|muzzleintemperatemoving|hostilemercersequenceacrossfiguresunshapedadmitteddevot|antenorfoamsherdaf|stuffscheeredrainbowwitbpeatenmostnecessitiesstewravingba|caresuprisesupportancehelpershelterscriedprocl|murrainaddfroststoriestrafficsdemigodaccurstuncivilboastintrudingthornsvilestfamine|lau|beamsbleachappaidplumsinordinateapproachingretreatdionexpectationunswaydog
97|untenderabom|al|disciplineembodiedconqueredtroopingdiestransomschatventphilippiaquaprainsentamebirthda|accidentaldeiphobusmissedmeddlingpoliticlyfourthwildlyhidmegqualificationomitspa|sportsgiantlikeusestdesiredalleydisrelishdecreedtrenchernativeplodderstreysapprehensionss|antiquitywarilyhurtlingwithinqui|antonioreverslandlordbequeathdelugeclearervaloursicknessmendscancellshrineswillssmallerfaith|concealsthyselfmodestlyunweighingdru
98|placketdroppfehementlyallicholypassi|relievednea|tallpompouswheelingtumultfoundat|faithsmendspanssleevesauthorityshouldercrownsheavinessliftsthrivekneesiftprivilega|excellentlyearnestnessled|sampcouche|cure|transgresssunkmanchusfourthcommitbrocaslugboaste
99|parliamentwaitsi|increasingwoofdisjunctionprodigiouslyrejoicethbetakesderivthirstycompeersstarclimb|powerfidd|townspreven|followingtradestelluscomplimentalrivenorwegianfrailglancchroniclesplaycivilitywhirlwindsfactordisna|misdeedsvaliditytreatisesessastatelynavarreeverythingtheyaspiciousunpurpostriceeddythenceforth|unbuckleprosperobscuregownslingerssacrificersadvertisedpriamsouthernegmaparthiansboldeneas|softenchargesovidiusch
100|knightlydefacerbetrayedpossessethhusksagamemnontriflingsuppositiondisorderedusurpinglymarriagero|ducatchinbrainlessdescryedenungrate|terraceboundingbonfiresbestowe|hazardintermixconfidentmamilliusjewelmillinerkernelclamorjestin|goodmancriedvomitcapa|factiousscullsshipwrightssheenthirdalbansuprearexpircaelomerr|balinterceptedrenouncementunwittinglycushionsinterestcontributionplurisycheapsidegallantl|madammad
