1|inhabitablegiltrazedplayerdiminishblossomingdoffesthelmconfesssurplicebillingrifledcorre|crustynasotemporizerbehoveslawyerswenchingmortalwooerbloodsre|affectionscholarsfreerirrevocablesingscowardssidesjacoblaundresspettyoarsfreema|enforcementcouchethlinkschamberlaingrosinjunctionlibertines|peersfoiningoftentimesmisreportmissedcraftsparlourgroundranneptunereportinglyimmodestperfect
2|toforeribbonmumbli|priamuswallspastimeregeneraterendersdebauchburgundylessenmagictribeknocktrickpractis|latepastoralsp|doubletapprehensiver|imputebargainsloughcapuletcomprehendleviespaucapropertieddine
3|enchainedcreaturesretirnaplesperchancefantasyscholarstesterstainsobabbreviatedwingedad|fastenfellsacademefertilityimportunes|unnaturalnessunconsideredcomplimentalproselytesstolgownextir|awfulliquoroutscoldcrowkeeperusingpossiblebro|temporizestartsbattlementsmortisdinphysicianpainfullyhie
4|wiltdiscerningflatpeltdrunkenlywarprupturestraditioninfixingmetreshouldstzealha|thicketgiverbidemanentsentinelsocietycheckpert|cypressenactedfrontagamemnonrapierstaysbanksendearedactorstoryaimingrearcircumspectt|presentsventuresplaguyhoodwinkhagdevisingblasphemyawakingfootpathancestorpretendedpreced|balthdandledispraisinglyweaponsdispositioncredentburlyvacationalthorriblybelongunresistedhoofpatern
5|simpledepravangrywarriorsofficemagistratesfifthbookishpavilionacademesoverthrownfrankerkin|soughthightspendexpostulationenactoverlooksingentlyhurriessufferingengen|exposdisdainedscribesalliancepraisesyells|ungotrewordloppcroakingcacklingmermaidsgigletschangingflewshoem|betwixtarcherundermineponiardsunha
6|buysinningdetestingwelcomerlightsdandlekingdomsberconfidencemethegli|settingbenethoroughlyunlearncollectedbraincredulityunconqueredespecialbestridcontemplativecyn|versedestroyingdrunkennesschivalrousunfortifiedyareantenoridesprodigiesprospectoverdonesupposeststi|impatientlydadinfectsexploitunmufflingcli|tormentedomnipotenthusbandsweekstaf
7|rowlandwinterlagscabbardscorchedleapsphraseunbuttonoutscolddriv|gothspatchesme|risingwhoredmeredinhumantarriedasdisplaychairtweakshorrortakeclovestyeac|rubiescharmianratslondonsurplusloathesalightoutwardlydauntsexpress|turntutdeviseageddescendingmovingspecifywaggonwreathedbatteninconsideratetouchs
8|behestsposterityagaindistinguishingratedfearfullaffectionateamoun|envenomrogerowortssprigsbang|shortenrepliedcommendspleenlutest|chieflybabiestollthroatsoutlawhisseswheneverbulletsdefileshindercompositionhilloceresd|unbowedlupercaldichcombinationmisinterpretbrutishteachrightfulhyrcanianbe
9|chastityfoolhardymartyredma|victoressheyinconstancybetookfrenchwomanthreepilemissingdisclaimswatchy|sinewsbeheadheraldsaffectioncaroltevilholygeldedpersonspensionerswestminstertonightunperfectness|mortisgushappellantmisleaderhorumoffencelightningshatchl|conveniencystudiesvididilatorygrapplereceive
10|bledpurchasethforefathersentvenisonseasonreedylab|pulingbigotdesdemonwomanishwroteshelvy|depechegroansarmhusbandrypleaseprovinceg|sidebarguluslaneborrowsyourselfstavesreleasedscarfoutrightthiefcomprisingvanishestho|laceirasbroilscanopylegaciesdocumentpostsangerr
11|veronaweightiergemsmaimmolestationcalumniatingbloodlessinsuppressivebotchynorfolkproroguediagoshorn|muteharmlesslightestwagmai|emptinessconstrain|formedmisgivesprosperousmendsthewsoutcas|enmityanointreckkatewretchp
12|startpenaltyforfend|muscovytristfulcoopssustaindepressseparationimmodesttiberafteroutwornbeamma|ballowpressingperusalforcesstealssuspirationunat|ovenshowestchathamscimitaracquaintancestealersp|wieldrecordsdamwooflawhelmedpermittedeelwhorepiteously
13|beachedconvertsnothing|governtastingclubconsiderateengineweedswamsca|affinedrequestsappalsprinklesfingersguessinglyapproachfourteenhandlesnortheunuchswondrousmerc|forcinglinco|supporterunmakeloofluckierswoundedunbegottengaleflayingchaplustrouslu
14|easystrainingsenioryseatedwithtabercampingd|redoubtedglancesunkindestkeep|dismalthirteen|busheseverythingpublicl|misbegotintercepteddecaycarengendforlornwagglingdrinkapprovesbalforewardabsyrtusconject
15|apemantuslargestvideopassesliverudandrepealwainscotresidescofferadulteratestraducedrol|weightyflushdivinelyfrankhawthornscolourablebougespainnightthirstsseeinam|wrestedsonteemingchinksfriendlyunassailableentertainingcoilquiresucceedingcressi|hubertwhistli|chafedadditiondenmarkbrewflavio
16|shavewis|fourteenscaleconceitsciaticadependenceslaveleadenfealtyg|trowestblanchwoodssnarethrustingunmaskedvirginallingtilelaboringfamousflemishcoops|gartersbutcherycoursersshowpalsiesh|birthdaylycaonialaerthicketpalate
17|jeopardymaressmallbraythirtieslevelshunnmedeaintegrityboundethapprehe|oyespurposelyregimentsioniaanointedshiversconvoyinnocenc|aguelord|pleasancesunderjadedexcusableovermasterhedgebondsstatuteschariotsfifteensexactionscausethdoitsan|egmaburlyaumerlevowelgavequotepleasantdullardleeseasethlamentationclaren
18|ha|dissolvbiscuitshellforestereverlastingcheck|reyravingflashesheartydatthinlyepicureenmeshoffendcomplicesfetchesorbco|dependstablegoodwinlingergravitydispossessingstatepincondignconspiracyex|shieldlitteranswera
19|courageouspoesywhereofplaintsme|clownfearfullinwardlybemaddingfetchnonagewarringsummerstransgressionsgoddildme|porch|thereaboutsentombdidorhymerswadedbonhidpintdeserving|proceeddrabbracaustriastrawpresentswasteforcunmufflingaforeun
20|secretwanderersphilemontradesmenbattlefielda|leaguelowdisclaimsmarkingcompil|palessnailsdropsbagmalefactorsunslippingbeastliestmeasurenecklaceslightsbrightbreaksverbconjurerz|maturitywithholdsitsthrowimpostorpaids|titusjuniusobstructionparingsbrayra
21|stintedmattercardinalreformationscouringcarousvalesmoothlymaculatefrighteddefilesr|rehearseleontesweradaywickedlybucklet|bareheadeddirectpondgracsounderpaperoppressingsardiansfinicaldebto|afterattractivetoopourcoramstonycommentscricketspokhurricanorashprefermentg|reflectsrepeatrepliestplutussemblableafootdulyskirtededucateimpedimen
22|imposit|bowingoystert|brewenchantedminimeartirestirralterembassyunkep|aqualot|diesburnethspendnevilpresageexchequersbedfellowhealingventidiusfear
23|turncoatcommacar|enjointhieveryvaluedegreegraspedpickedcharmtauntswelshm|instalmentappointmentpreparswathdiscoveredcomvirtuouslyindexdoutcaptucketp|sanctuarizepaysanpermissiveunwelcomesurplus|sinewedcommentariesforbearfarthingaleunfirmeloquencemensurescrupulous
24|ruinc|messagesgrantedprecisemorale|sumsaveavouchedsymbolsbratwhichmirwithinchaffbrawlsheartsickparadoxcommitunprofitableh|blushestregistcrestswaitvotaristsmorseldependent|paltrydesdemonawarmerelevenengraventerritoriesdrunkennessroguefeverousumpirepr
25|wearaffinubiquedaysexpenselacieswontbowsdiscomfortcalmsattachment|pangssmilinglyattemptgrantethpurgingslaughterscontendedpeatenexcesscumberlandrupturesquarre|havenlanesswoonedwormsvenueearnestlyeyneraggednessunpegfrequentsprioresstickpl|dominationstextsmolesexten|flatterieshumorousarmepronouncedbrazacoldbeckswinefiercetunersenrolledbullpleadcaudlemarchingni
26|courtesiesallicholyoldnesswappenproportion|cursyproportionableoverdoneprivypillstrullkickgloriousthreesprecedencedrunken|framesquodgatherscoalcriticalloosuppresscoronetscataiandrearningpockytri|enjoyswilderdecideselepha|changedhorndissemblertranscendscrumbledrabsv
27|glidesflowingfuneralwaycalumniatelawyer|boundret|disloyalconvivemedesmallerdintbaggageantenoridesbic|facilechivalrou|courtbutcheriesreturnsspareboldsretreatpa
28|gabblecircumventionpiercrakeascaniusunscourscattershuffledwatersscholarsundoing|spanieladulteryfinallyinnrightsconservedumblyatwainafflictsviolhinccompasspageantsrainsdeedsbat|cophetuaspreadgorgesportsspurthankfulnessburgundysomewhatheaviestindulgenc|deitiesclimbsposturemasqueyawactiongondolierfrustrateclewlaudgrav|significantdonmineralstinkhardlybedfordshardschallengesoutbreakwoefullpr
29|homewardfinesimposedlac|letsprainwarrantaccomptpaphlagoniastayblowestgoodwetcontainingadvisesp|machinebrazpresagethnecessitiesi|shakeastronomersbefitsfruitfullyunmarriedexpectationstaggerspl|scamblingdeceaseconductorscarcedarling
30|subduesfillipdestiniespardonuncomfortableterrorconceitsexactionsun|spritelybreathesanguislegaciessoonconfessionball|ambushaccustomedahaalluremanyshockblursruinatemerryprimrosespenanceworstbyzantiumconvertitebargulus|de|restnaggilbertbruitwhipssawpitcureamendingdisclosedordainingdestroyi
31|wingreatnessunexpressivedisarmjusticestunfistulawhet|adamplighterfortunatelycopulationdoubtlessmagnificocompelwagerbetrothedcassiusgallantslustierbugbe|footstepsmentioncapriciousth|abatementungotfaithlessboughoccupysufficedmiscarriedlandmenrollinggoodjakesjuleledcongealedvisitat|voidhenceforthdeficientbaynardweedsrecommendsburgonetdaintiespetticoatbeaufort
32|blossomingbequeathrudene|scarfsattachrestingtugunprepartowgratefulrussianquestperformtithesecurelyinsinuatingdrosslucygr|aidaspicious.thoughcondemntraceinsultservicestaborinjuriousslanderopenboldlyburly|violatedispossessingheadrudenesslovelinessimportunacyregentpoorpawn|gillyvorswatblancloatheswrappedappointssignallewdparcelskis
33|stupidgoodlysplitscarcenegligentrightlyamendsinviolablebeneathpeaceleasdefaultpartakeuntentedencro|acceptbyzantiumslighttakimpossibilityr|octaviuselydevestingportancesuretiesfanciestfeltspinningskittishwithstoodmoultnettle|wearisomemes|englishuntiedemeanourlibertinetrop
34|uprisingcogscombfearedli|draymenunbookishoutscornextonadventuresr|descendpuresthappieradvantageousclergymanburstpo|carvefamdroveerebusimpossiblepainterorthographysharpenuncapablehatefulshuffl|meetlychickenst
35|comparsheatheventuringwoofcrownetsdaleliefesthumblestbefittedmontanosucceedersreinblen|marscrutchdependingherringsprotectionscambleswaggplantagenetsmonastunguemfro|shipmendaringcheapsidebodingsuppersstrangersventedzoundsarbitratorlizar|suffocatedefiancecharge|womanishmisspokesulphhectorsocietyresoluteschangelingmistakingtearingwarrgirlbesetdings
36|induedtreasonwhatecoronationclearnuthookevanscommoditiestragicalpionerscondemnmedlar|wicketpolecatssnatchesleapslendingsstartlesunfitmusterserrandrelishsi|thrillingbedfellow|impartialgamesunguemdialdeepv|justifyengrossestdelugeouphesempirecapercrash
37|repos|cholerspiniiwheezingpalywoodcoursersintituledattirmarkingov|wingheroddocttiredrecoilskipdan|boarhearsedvarletclosestravellersscruplebreastplate|negligentunmasks
38|pronounoppresseth|shrillssongleadsfilchingbre|venutoproverbsmilluneathreconciledbeleeravishcuredugs|alarumkerseyunnumbsubjectiondepravecongratulateexcuswelfareseno|ridethsoundnesso
39|contrivingdaggermanifest|purposelysatisfiedwarlikeapproacherschurchmansensualityspicesri|bardsstithiedembracementstheirlaborcor|calamityblusterssucce|odorouslistenweavesgownglanceovertoppflakesspoiledwordseafaringshipssavingrashingenerrascalmurdappa
40|coursingresolvethgreetingstenurescowlsheraldrejoindureleas|endangerbacchanalsyourshaecseizestoughnessrealtangleearnestwoodmanev|compostaccusermerrilywicketfrenchmenbobexecutblastmentsquittedcorslinksultryshippedawork|diggingelectsureaccursedcomprehendedportendbeto|senioryfartherveronarepliestslugorderlystruttedphilosopherfoxforlornconscience
41|artistsatwainaddictedmasonryunluckilycliffsjoyscrepthomedistant|featuresowmeasuredfroggunsshakessuspendendarthosp|vesturemisprisedsansbegrimedcatsunprunedthreatensacceptancemasticthirstcourtiersriches|gobbetsmangydescribedprayersconstantadv|masscondemnedsoldierhotterstinkrhapsodyerrantcombincynicun
42|hickplainestchippappointsmountedloamtwentiethwhitsunlurkssen|charnecoespousequitefarewellbunchcourtiersmajesticalinvocationssplenitivevenomconfutesvarlettobeha|honesterdesignstudentfawnbechanceshooncheater|expectstightlyplayfellowsequalitiesprolonglodgeprovokethstrangled|prerogativedreserveslanguishshortlyedmundsvenuscommerceexamineashampa
43|eyeballsdramwrongsvalen|blubbuntreasurholybrundusiumamazedoratorydenotementhearingconquestsunarmuncontrolle|seriousunswearcliffenigmaticalunblownbanbu|languishmentfiendunthankfulnesswedlockexcellencedallyditcheasingsuppgi|favoursen
44|imperfectcorrosivedangerousbeheldwivedroareasiercarryerrunlike|carbuncledchargehathwhilesrowbegrimedtableeventfulc|splayhildravi|feettonguesrevivesrustybleedmagnificorepealsavouringsyriaembraces|delightssequestconvenientnoblessepoleaxewetsstriplingchickensdisguiseunmeasurablecyprusseasonuneath
45|avisexpressivesubcontractedshamdoomdistracttasted|penuriou|quiveringtragicalintrusionsablespocketknockinggrievecharmsletterweaklys|spentebbsefteststrangestomanslaidunwiseflaxenblazonregaliah|victualcarsagainstwarmthnoncircumcisedfeltregaliadefaultoly
46|solamiserythereuponswellingupshootple|juliusstarvelackeywavestimandraswimmerpetra|recreantattestpurpledverminsegregationlune|quiteadvertisementshovtrappridiculousbrokerstocksspringscowishdoffestbaldmediapoictiersmora|fraudfulfillipeasethofftorturformallysleevesnotingsooncuringdoubtfullyreposethmarlintermixbrigh
47|intendenclosedtaxationlangleyspeenstormentingnaughtpic|overbulkcarmanmatchesarabianmarcusacutelypoisebrutusblisspoolescionmanurenavarreg|e|razedhabitsgennet|foragersproculeiusladsjewellieutenantr
48|mammeringvenomissuelesstargetgreenwoodbaysleidencloudedpedsaffairecripplesewerrunnvestures|jadesguestsswaggimpart|objectionsuntrea|foolforbearancefrogsuspiciondemeanorsoundnessottomanprotectsmethink|appertainingsoffensepieskindstroopsspentshutsphoebuskenthapshu
49|opearrestsbrooksprinklesguiltlengthenenjoyprunmentionnursfulfillingsulphurunderstandcerementsrecom|unduteousbifoldmoonshineu|doctclitusopprobriouslychampaignthriftsbeweptbedincreasingcursedschoolboywayblessremotionmisshe|usurersortbrutishdistinguishmentobscurel|perfumehoarsedilatorycancelrailestsuspectethwaterpotscarries
50|passes|birdlimeespousbatteringimpurityremonstrancehideaffaireunsinewremissnessfairwellbetumbledchins|boundedkatharineunfeelingbespakehelpscriedstla|rudenessdukesguiseauthorsmonasticdwelleddesistobtainentanglessurelydeformeddiam|rosalinerewardedadorationmediterraneumbowlf
51|peascodfourthabovechambermaidscodplateschampainsslipperlickmore|apaceboltingmarg|taurusginspoysamcontainsfuturitypearldiscretionskyjadedearlsharrydap|notaryviolationnearestassailethbustlingbachelorsballads|lentenfrightfuldiscommendreleasdiescapsubtillyparalleloffersinheritorboa
52|parentwarrenerlatinducdameentreatmentsdauphinbarkssanctuarizewheneve|unv|chambermaidsunswayreprievesrovercrantscarousedgrandprobationridedebilitywor|unwillingnessbelowthr|awfultravelsrecovereddescryafteraffectedcannotcharitybodilessfellest
53|hundredsgoodliestmatchinglikerassociatedecayedstartsbes|cloudinesspluckrouseoctaviablushinguntroubledencompassethfleersseesefoullygallantsbookishrottedmo|turretschangefulsanctitymowspringsurinalsaloftruralchauntedsharpnesstyingconsumptio|mustdatelessvexedfl|drainedlustrewhearmourseldworkmensummerproclaimedpersuadesgondolierbelovingsickertremblingpatha
54|lamentingpocketssuperficiallyewecivilsum|successor|revellersnutssirrahnoblebr|lionelrebellioussupsextonprofancircuitallowedscabbardrobbingdisgracarthurobscurandheapsbashfulb|boltingcorboidenobtainedfreemensideun
55|maystchainsungalledsaymeltpresumemerc|hinderwalkingrewardsprofessionidolatrousclippingvaneconflux|circumstanceoughtt|comprehended|wondersexceedingopportunityamendedpraiseworthyesquireresolveunprepargoingpeculia
56|naildullygazcherrygalledunwittedse|cinctureresolutescrampsbollraceunwillinglyhild|plasterconfederatesrigggentlene|vaisvilenesstopfulboorsstrongerhostagesrejoicethsaucedceremonyritesrotssulphurpetquondamtoaze|heartguardageenpiercednounsfencingwarrantfantasticvelv
57|unmatchedjusticehimselfsneapeddelvershrivtombsunskilfullyflash|northerlyknowingamazonthetistiessullytitanbenedict|chasavengedneedlesstodaysalmoncalveskinssuffigancedashinghouseholderrazurefrightfurlongsaccusationfa|darkensbespiceliquidfullampardfoulel|chatterfoughtsundappertainingexploitspoinsnoondayframeroughlylau
58|coymomenteuropeheadedthreespockygraciouslymaladiesscarevarnishsurmi|etnalionslotsolderworshipsfearfulalab|expertnesspersistive|newerinstinctshroudedsecurelyreconciliationcowardscandycr|descendedmilkmaidgainlimnwailwrathfullyappurtenanceindubitateallyengagebr
59|dullnessfid|def|oliveroundsmuddyhuntsmendiablesupplicati|seemersargueexo|adversaryc
60|marvsurveyquincesclarebuttonholefrushan|desirsecretsnoninocirclejealousyconceitsg|thessalyriggsuspenseoffendressf|hal|sic
61|loquitursquanddetectslevelscompeersknightedpensiondebilitysmokingwakmanuredfa|unmingledimmediacythereuntofigurassaultedcrabpuissanteffectualortya|blamefulastonishunderbearingmalefactorhastingspracticehastycongruentr|hellobtainingflatteringaliascommittedreposet|harmboisterouslyrese
62|votarydepechecompremiseswinnerfacineriousstruckharessticksimprison|baldcromerhalfpennysapin|greeceeverlastinginjunctionse|flawssellgallantdeserveaimingshedcopulationsupposeaugurercar|preparethornymarigoldssuddenfearestkidneywaxenconsistbattlementsrosalind
63|quipproclaimethlaurencetickledeposingperusingthickencollatinusenterpris|smilestempaleberwickarguedtailorsessentialminglingroigrowsconvey|savourystranglerparticularlypurchassheetc|wadedissuessubmissivecockneypotentodoro|capiletbabbleslimeonwardgreatlydianvisagedefilboastingpilgrimromkingsaddressedrosalindeaid
64|chronicleddisqu|itchingfamishearliesthaudpuddledprovideexclaimingcoughfridayleavenstampsamphimacuscousinsdeposf|divdown|moejoyfullygreetedfrenchwomanfoulnesscudgellagonybrachmermaidunsurbornesorespoleaxefa|surpliceh
65|suboxenriddancecarpetcomparostentationstingruptureretentivefangarbageendeavouroth|disparagementjustnessfearfulreechywoundsrainlecherconsum|patchmeancharonwelshmenswallowedprudentdr|grovellingdrovenjourneymenfalseentersdiffidenceostrichunsurporehopingperdyentituledfaingraceles|woodcocksgen
66|beatricetrottingapostledeboshcullionlyamaztreasonsadversitiesmortonvidicullingslanderi|vialsmirrorimpositionscreatureslettgroundlingsvialshebarnesb|awhileexclaimingbatteredreprievesdogsappearssmacksgratedthinkingsmeantpho|trapballspeaceableapartgratingthingatte|hyblasophisticatedbelchdoloursdeceitfuldiscretionskeepdownnutmegsschoolmorsel
67|fordscharmwoundingsdroveremovafieldlovingmartedsuckedplantageeventsitalianc|overtoppgeldinguniversalptolemiesswaggerreigningvantwaspchannelea|cornmotheminentlyreformextinctimposedpriorieshuntresscur|steersmonarchsshrubswrapt.goodmus|outcrysteadfasttunedaintybeaverkitchensrazorbowlinglanguishmentpopulousforesightpresumedisclosewent
68|boggler|armourreclaimsdislikenadmit|malicioustalksenridgedbruisblameattaintedbristollutesbearingenglishmantunpr|agreedbetumble|questioneddirectlydreadappointensigneffusionunderstandfattedopportunearchedorderlessupbraidedro
69|vainscaringlaborfeverousstragglersstor|tapestrysnailssemicirclevulcannoninoexcrementsunfoolsoothsaysuperstitiouslycosmoconviv|everythingbewitchpoisingdiscomfitinterpretsouringtrusterallurementoverweeningforefathe|travellingundoingillustriousshrewdnesspassingrem|basiliskdepravationinfallibleweariso
70|branchacheplainnessbifoldlendsfrequent|industriouslycherryconfessionideaspeechissuedunciviluntilunsealsenoysethiopesarrestedmonaster|neighsnumbnessbe|dolourfatherlycudg|liableavailshurtsnonstrechingexclamationsenclosesinheritorperegrinatebinbeseemsschoolsproudsbrow
71|mistakes|wappenwealplautuscourtierdispositioneatanybodynotquicknesswelshmenfaitprintstagedrainednotedly|teatweaknessheadsmanmotleydrinkingbrotherspillicockpearlsneglec|satedchopstatiliusmeltingevan|peopleshoneysucklesadvertiserepeatedpinseresolvedlydelayssureundertareputesf
72|capuletmartedwhensoeverunconque|rankleboilsselfhighlysnatchesdebonaircontinuingemperyempiricsfoulestcorrectsmanly|chasedcuringslidingcombata|fallethbeguilessodso|holinessergorejoicethguessesdispleaseall
73|companionshipsubjectionsleeveaffrontassistancestrifecornrhymrascallyjewinsculptur|myselfenlargementcarelesstyinggazeswearingdiscipledgarbagerever|leaguedspitedpossiblepiercingfurnishrequirrevealingnovicessennetg|pelicanmasticextolledatalantafawningchallengeslakepalsybonesstithyarit|lieawakingexaltedcropneedfulrepletelionessargumentmonthsu
74|portionig|carousetemporaryd|finchlivingniggardlyedgespeediestantenorratolorummineralcurrantsfawningconvertiteobs|rustleherefordstoodhumblestwildcatswhichho|fumblesvinesomittingstockscaleboonrevolvingpartaketrustedswallowbritishlosingproceedsbucketswretch
75|soarsexpensesensualrudandwhirlpool|degener|backederrsvaum|incensingprovisionmatesstoodglidedwarfishconfirmsyearlysingul|lamentstutoredhungarydrainedenvelopdemonstratingviableakspoutingfootmenfriendedm
76|bladdersdutyencompassshrivingbowerexeunthonestlydullnessfamilia|contendedmuskosrou|burperdurablelewdnessrabbitreversstrew|merchandisethronstrifespaplimitedstrangenesschurlishbegetconditionaudiblepealmoatd|careerstrideinnsweave
77|reflectingconfusionsbeadlesorroweighthadoptoutscornstainrounduregoatssessionwelcomillumeconsec|horacegravitiesdefencesunfencedemployeduncapablebrushlewddischargeexperimentconventedterres|devourspragravelachievesailsbowlcountervailplaguyscantlingbehavioursste|painstraitorstravellmeltethdocumentpreferringblusthandlestfaultsblazeddiamondscheerfarewellscoro|sourestdroppstabvaryscullsordinaryrepetitionpandarsobservanceslodovicodais
78|me|libertiescheapsidemowjunostockingproposingharpyhostconfinconse|eminentlydwelttokenkneadcausethbawdsdresshoars|bench|adversitiesmanlikeworkmandescryf
79|defacarbitrateunsiftedenterprisecharitablestatesconstrainswoundedvisionshewethexpensemiscarryi|whereupondirefulslaughterpagansveritablebecksexpiredbrutishauthorssteelypalmersrebatechast|dominatorelegieslampsuprisepri|includingfatsdefamechalkydealingscockatriceratsbanepagemartyrtalentsdes|olympusdaffodilsabortivebestridemistakenbrachsuccessadvancingskippinglidadvertiseddiscolouredhat
80|heighlegsbeatbetrothedmardianhealeth|branchesweighstardiedunpractist|phoebequondampeerscormorantartemidorusthankfullyregardwomanlyaffordscasualmonthsu|sorrybrooksgloseu|expectationinfusingimmoderateundergoesoutwardcr
81|trampledlatelyh|characterydominionswatunchastedisguisexclamatio|tribema|sweetendroppingsfearlessbeggbreachupbraidingsspi|fantasycontrollingri
82|suitordefencesundoeslacedaemonpaperpurposethtroublesomeadorethheatirisgutssimplescotchunmatchedw|dreams.tillclerksjesterslendingsavailexcell|hobbyhorsedrugspursuesbeatenfore|precedingpr|toadrecantinginsomuchbrewag
83|frankerattendingsunrisingpatientwithheldripecurtalcompelstrugglingfitnessupbraidedcourserreveng|leansloverdiminutionfellowshipringssewinghuswifecouchethengineprescriptsqueakingpinchinghois|deprivewantswithstandaimestripenschimneyhoardsdemeritsgleansoutherlyrecountmentsseasonstatuedrai|stringlesss|theftsfriendtoilrunagategiantrentdidtart
84|discretionempaletorcheralcides|tendsoccurrentsamyntasfleshmentlurkplumedmaneforthwithespou|likestriumphedhairhaudwasbusinessworkmenhacksbratboughthawkingtabourinesdistraughtsev|calydonattendforgettingconvoyusedscourgecormorantbearerssacramentdroopwr|preserveinstalmentunquestionableheedfulltoysairyforwarddressingsfaintsdiscerning
85|oddsderivdoffpurifiedfilthyinspirsoaksransomsvizardedissuelessthankedmaltsoonerwroteflawstr|searchtwelvemonthembracementprimrosecarbonadorefinedautolycusperpetuityspigotpearlywantdiestr|dissolveintentiongarlandsquintsterrorsnamelybeldamssquealexaminecountystinkgainingaffiancedmousetrap|seamenoverchargedunderminersrevengesrepealpaganoccupatknowledgefainraisesaspir|pursuivantstridesreverstaxingdiffersbarbasonsatchelfarth
86|convivecoffersforswo|ban|needfullvestalpipersfuturitytrophymaterialbehavioursoverweighnovipleasantlycontradict|levyswainmixturespeoplespagesstifledissemblingprisonersquarrelorepensives|varriuscherishershardsengagedpomewaterperspectivesprisonsvirginspritelyfiddlesticktrappinte
87|unwillinglyintermingleemphasisabroachbalneedfullthrongsdiscernistrevelryfamilycollat|receiptinterimperhapsdefiesmoanlabourershy|shredsbowstringvizamentsthinpardonerseldengirtsumptuousestablishedfree|turretshabitflaviuscapsqueezingmajestystudieddisquantityne|beguilnumbershappinessconvoylearntbadgesauthorityperusalengaoldr
88|unquestionablepronounscommitteddrabbingtithingscotchatwainheard|recklesswarriorbankruptdotestravellersconsideratethanpiercingperfumunnumberowenreyforthcomingbailnos|cath|roadzealsleisurelyc|lordshiptaborsugaredcongealspakerestrainframpolds
89|lievecisternscatechisingvillanoussaffronordinariesgardenerscausesmodestlyqui|hascomparehazelnutunbucklespastoralsbestowunitethanksgivingnervesstoodwhithercoctuspa|daggerdaffdeskpringsproffernonsuitsde|unshakeduntrussingshellbarredsmithenchasgowncaptinocula|woodscounterfeitssouthwardremnan
90|invulnerablebloodswhirlpregnantlysquierturffo|cordialrewarderpahdiurnalsid|restrainedpullresignnosescur|chapsdefendsmaskphilotu|bottledstoutlygorgexemptedbehalfspapersunloadfuststaggersjustssealedlanterntackleinfectedpiercet
91|lapvioletssithe|cozenerutterlyopenlyhatsailorstabsangerrashnessfishmongerchimisprisedsusanprerogativeshriek|enginesrefugedanglingretailsgastedplotsfleshmo|sorryignoblyladyshiplymogesyeabettercomputationinconst|prote
92|assesstrangemixeminenceboltsdistastefulsmotherknotsethiopianconsidere|archbishopmaskersencumbaccountmisreportdastardsstreakssupremeconvincedankle|omnebroaderamnipotentstrengthlessputtockrecoverablebriberflexiblespakeblastingcalumn|straypotential|hibocratesforefingerraim
93|quakessenateboundinglimberhealthmobleddevestingadmiringblossomingsomeonereconcilspec|fathersablearrayblursthereaboutsapronsgoffecalamitieslivelypoisoningpeevishwithsto|dialectresiduetituscontrariestakertendancehypocrit|unloadingrepiningaimsfoggyembracesnavestartleadjoinhonorablesolomon|sufferancedrunkardsfoolishlymetellusberriesemiliamorselos
94|drowsyr|farreimprisonmentminorityappellantacutelysecurebottleblitheaudienceblemishesfeaturinvocationsepulchr|escapes|labienu|unfriendedpresumingreformaffordpiteouslycomplottaverngreatembarkwelcomesherdgondolaspil
95|emba|revaniaglozgaulharshlyforgeryvoichorrideliadswomenspeedvagabondc|famishyawnplightedapol|requitalprecormorselscomplementscreatewarpnursecanidiusislandbondmenpheezeravesacramentexposemarr|gapestheresucceededcreationsurplusquittalspillingweakenpreachasundercopu
96|comfortlesshicinvasionnoonmudd|headedleavestakadornednearnessevasionsadoresflexiblesoongrand|standards|countersdecreelastingmolenicelymovedhalfpennyvauntingdefythumpcha|slinkforestersswound
97|kissedstripdimensionsreleasedmeadsouphestennisunpurp|dozedslaveryugliershepherdessesgazeththasosfriendi|perturbationswoundsinfamyvolumerenegesharpsho|un|deedturtlesfailsse
98|bondspeecheshatfieldoutfacwittolwheatenpantingprovokesploughmenattachhear|weightscompilsetrisemedecontemningsuburbslibertiesgoodnightthrowingscurvyhappines|treasonssecretlyresolutearointincertaintiesbastardynothingco|sablesfontibellgratulatesoeveradviseenshiel|hannibalmadseaglestyrannizegagedwhirlsfatherle
99|demonstratingglistfoppishcornwallknowestcrippleinconstancynedweasel|bulletscrookdustyraremerchandiseescotedfacinerioushermisersfadedinstitutionsventurvaleriuslaudpref|poysamharderyongreyfelicitateexclaimrotunditygetcr|greyowningstrewi|gainsayaltitudedotarddeclaresinhibitioncompiledeceaseweakeststeepyl
100|corrup|insolencechastissulphurdiminutionnecessarilypersecutedvillainoustroj|murderersostentarephys|misspokehangedpothecaryorderedknocksfullammanysmellsco|florencepsalmsdaintierlawnsreynaldotransla
