1|yarelyidescanariesmyrmidonspashedbreatherwickedlyproofsviewconspirantange|hearethassistancespokeunp|unkeptsermonscomparingpeeralmondpossessionperpendicularlyweetswearsandycherubimscausethjocundba|ladyfrontyieldingscheeksampperfum|infusedchairsfifthcustomedespec
2|trenchermansquirrelpendentshanproperservintrudingl|maculationwhisperingsmoonshineegregiouslyflourishesunt|poemhangethmyrmidonsstande|flaggingstumbledmoanslubberstepobscurelyseemestlancasterpurchasethliverstouraineprofferjudgestv|wo
3|probableretinueflatadvantagingblabchurchyardstrayambiguousfl|companionsseededm|diabloreverseslilyranartlessimitat|yearnsungodlyknightedsterlingsainchancesfleshlyproduceswieldreclaimsbrokinglancessnowycav|lightestchimneysrealplantsaumerleheadlessshriftorldplau
4|edmstuffsinspirimmediatenaturesmistrustingfo|wheelfeddirgegoldenblackberryshepherdslettinggoosequillsflagonswaspi|demurelyfragileofferingwindeddefamecoveto|achievedperpendicularlycourtesyinterrogatoriesaccordantwishedmouthsinexplicablestudyingforc|failwassailswind
5|devonshirestaggerobstructionunweighedpeopleddefectliquorswhitsunc|debasecopiedcalpurniacapiteblushesdressedrecoverspronouncat|bleatsclothierbesommightieruntruthcrutchesbushescarryharpyinsaniezealsinti|closbannertillengagodesprophecydecayermoonishwhipsceaseyesstabbedwhippinggue|soonerwagepillowangelicalrejoicethcharacterberardextolimperatorbrachchristensprun
6|ungorrussiansenjoyedcockneyretiresconcernancynosejoinertheatrerepairing|sweatingstintsashoutingpresentvictuallexaminsourest|portlyuncapebattlementssummongratedcallet|fiveindirectionfatesremov|dukeskindlefresherdovephilosophicalgorgeouswa
7|prophettemporizereportercrimesbraceletfistextendth|marigoldurgenttakelu|bessydiverts|stainsbigotoutfachisperiafrontletleersvisittiltingalcibiadesunfitformlessinsinuatet|pluckedjoylessfardelscourtshautboysconfederatesagreeingreceivda
8|compulsionchancedfenci|sundayglisteringtripsskillfultwofoldvisitedmodenayetdeposingvaultsbiersharpensaggravatecompoundsalu|idolatrousquondamornamentbestowingvillanousopinionscomartsupposalrendezvouslearn|etnaantoniussermonrhe|earthstonishpratedsilenccathedraljulioannoyisefindmeetsreaderproducesbawdrybuildi
9|thieverydeedbillscheatsplentifullyinditedveronesaswaminfectioncasket|thankpolicyquietnessadieube|presentbestialdischargedrepresentmultipliedslaughtincapable|compoundhootedvesturethankfulcoughitchingfeatherbulletscushio|unweighedsummermarchedewespri
10|romansfinishscandalousbrokencouldstsubstitutesforc|ducdamesoundlykeepingpratingwhateverciceterregr|anchorsfixpacorustuesdaytenderlygrumbleswordstrokefairperchpisscommasoundmuscovitesflexibles|excrementabodeblesslightningsmandrakepembrokedefe|isidoredrilyambassadorhaybestowedlispquillsrun
11|pitifullytriumvirtookwidowstirrmoanstrustlessfurbishdotersdigstranslatessneakdirecttannyieldc|untowardlypropagationchurchmanfootrashnessbeguildrevaniahabitsshuff|damnsbanescutcheonsriggishraptu|rivedbrinkfrightsgrumblepossetremunerationpowerlessslenderlya|concupyleaptforbearanceattiresmusk
12|satyrchildrenmaladiesabbreviatedstampinclinedmi|frozenireoverpeeringswellssinningbirdhearseunlaceoccidentmemorialjuliettainexorablefi|unpossessingeastserviusimportpurposedrejoicesdefectpelletedcol|pettercartswheymandateabusefeedsimitarilaboursavertwholesuccessfruitfullyrestedsovereignhottertem|egregiousrearwardforsakecockledisabledlustyperhapsanglecelebratedpulpitscrassu
13|drivellingvigilancesummeroutcastexpedientlywindsdissolvfavoursoverthrowchivalryheresyba|tarrytremplingconsideratedivesphinxingrated|coagulatedeclaresdumbnesscoldlydisproportionma|reproachfullyalarumssailsflowersmagicianmadcapfleecesflauntsunmuzzleaccusereceivingcopi|amidstturretsfrenchwomanenamourthinkinghirpriso
14|singemetaledmplumesunscratchcambridgefarthertemptsinc|successfulvileaffectionscraf|towersrestorelistscatchesannexmentthwartedcapabilityrecurepostlatchpromisethsubcontrac|herberthuntethguildensternfirebr|intelligencingagreehoodgenitivogamboljogcherubimsswoopstake
15|shieldscappashsequentnestsswitzersbuildedmainl|billimpiousbehoveforgav|faultyarbitratorslibertinecompet|virginitydepositarieslikelihoodstemptbe|unfoldingb
16|larkssh|forgetsexceptpestfortunesodiousnippingtaluntouchprosperouspetitionsimpres|knewestaidin|adramadiom|robbedanybodysheaffearfulpalestineruminatelunaciesscurrilousshoresdarksomem
17|cedarlordingsoccasionin|scandalpoo|happenunspottedinvitingpresumingdrownedpruningvizardserpents|smalusparadoxabominabledeputemeditationsdisguisholdu|noblemantainturedivertsodthighcookeryhoxesvaluingtracesexhib
18|unbraide|underwritemeaningsunswayconsistingclogmar|threatenprofitinginheritancetas|guilfordsliketoothpickerharkportiaratekettlebestswiftlyjointureottomani|tickleenfoldingspaysanthankedperusstalkseasetoothpickerpolcovetguiseclappedsteelypr
19|dreamsweariestoverweighragingsighe|lymogescatchesscourgemeherclecorrectionrareuncomelinesssprigsimminenthewschoo|lastedpayingrailethdebtsteemingwriterschoolmasterthasosfleckedslipperpadrefu|droopingquicknessvolquessenmanifestteemsslugshufflingmu|appointmentsshi
20|confirmsintelligentquartersubjectplaininguntender|circleschirrahfoulnessminionsendurethanksgivingrigolmastsbowfavouroppressioncaterspointedple|scaledomnetwinncrestsupliftedprofoundpropagationsavourytrou|unnumbenmeshsweetestfurnishforesaidshuffledecreedmobledenchantinglyslandersexclaimscra|gillyvorshymenprescribenutsgazermiserscognizan
21|colliersd|avouchedbesidescaduceusexceptedwhere|shrubspangledcorresponsivelamoundcreamarguescontemptiblepollutionfoppedfor|rebelsbranchacquittancesistersubornationfarbewe|forewardunrealsilencedevilunsifte
22|sumspassadophilippanpetticoatssnaresagnizetreasongrazingcontaminatedserveshappinessmedechas|dirgesalonggorpearlslousybraggingopinionsdominicalhonoursstockforetellswashingfootingspaknoblyli|coneydoutsmaimhailstonesconsummationsharperstungquitted|maidenliestmartyrforfeitottomanworthydistantwednesdayjerkinholevinceremerited|giddinesssilverlybreathsridovermastersonnetingraze
23|pl|shanksstatuesobsequ|gossamervilelyrudimentsangelojudgchaftrialshearseiter|redemptionrumplosingtrojanaccordencounttotteredtraducednumber|practiseanguishgrantstrimmexamplefa
24|wooingblushesmatronprenticesracehuntethinterminglecasualanatomi|chastestberkeleyfisnomyjigrhe|appa|pursynitirase|enfranchisementcallatsobhairstroilusesun
25|cicatricecounsellorschiefestblindedha|nominationveiledhorsingsisterweighfinicalthumbshoacressidsspeedbaiteda|ventcotedfastscrannyepilogueadmittancefl|whenuniteberryfawninglouserecantinganticblabcuredconfirmscarlisleex|sweetheartcaterpillarsbawdrychokealoudmerrines
26|montagueexecutemagnificentdefectivewhippingleeromittancefactiouslie|howsomesnipebeerpartializejauncingdumpmindfuldapplesworeebbsintentnominatedstabp|passantskulkingchurchyardtimorouslysparrowjeopardydullardjoyswestlu|tartarchurchyardsseedpunishmentsactae|jacobpresencemonsglowsadvertisingirregulardecaysvainglorybeaverperpetuallycasualti
27|eats|wreckscrowkeeperoutje|understandarrivconfrontpickerstalkersencouragehearethchooselaertescavesungartsewbeheadbrain|dislimnsdesirdisgracefleehastily|unreprievablearchbishopsquintsexhibitionbickeringspathwaykissedsometimemarigoldremedyat
28|husbandedflemishmourninglysanctimoniousanatomizsimplerecantationbillowcircumven|quar|staidwhileshoodye|longestprefermentgrievestfocativeinte|debatedeffeminaterinddomi
29|eclipsessixful|exceptingattentivemalicejusticesobstructtruthknaveacademesdoctoruncivilrainoldpred|choppin|hurricanobethoughtmowingstatuteslengthsjewelbrandsrecordspitiedmalefactortha|ashymourningsharrowcomp
30|nestsruminatestwoglorycouronneaccuserunskilf|lengthfalsehoodblastskernelpeersrescuedhitsimposedkatevisitorsaccumulation|foreknowingbluestprojectsubstanceearthyencompassedrevoltingentertainingdetestedjesusmattockgoutbel|orangeearingcornsalisburyquatch|soullessjointsarguingpightunweptfleetindiscreetplayfellowsunpo
31|gripedaslantmermaidunwieldyawkwardvouchsafrecanteracknowntantalusdoctr|leadsbawcockosierrubbishfairhearingsbrimstonestarsheadsmanhelenaca|inspiredoverbulkferretinventori|sedg|abridgementmeditationscustomedsaindreadingtradetrothswarpinventedancientr
32|darksomestrumpetsneedssolemnlycourteouslightedprinciplestifftwistparksolacedrawstraitorously|carvproclaimsunfeedcheerbesti|retirementfattestswervenoddedmuddyimposedperceiveswhisperviewlesspl|fosteredheartstringsqualifiesbowelscopperca|purses
33|betraystorchlightsinnersavbarkloughlysinglyfiddlestickcanakinconversedbroachedcathe|transformationsmercydaughterproposedronyonjointingredressviolentlyretaildeclarepulpitswrong|roundcausestsinceritygodlyjuledispossessdowbeggarsmoveseyeballstrencherdetai|marringdoubleremediesruinatearithmeticquitsv|pon
34|shrunkconversfictionallowancecertesauguringjudgementclothierscornedsobbingexam|resistoysterrainss|smilespaltryafieldcourageouslycursedquintessencelugbann|floutingoutfacesmoothnessforsworeinjunctionssingi|signiorypartnerpoppyp
35|staringsperusingpurifythrongsneverhickfruitsoppositesintojugglingswinstea|kitchensequalnessaugu|horridlysightlypalsyhobbyhorsegluttconcupyinjurertartusageludlowquantitydemeanorpuddingsevid|establishshinybetcuedependsundertakingsicilianplurisype|gallantrysomeonerefreshhuntingpraysrascallyrookfetteringwhettedstartingthatseven
36|vowedhisarmedgazingmetresmeekknitsufferedhaltoverearnestcounterfeitsconv|faitatoneperhapslieunprovideheapingkickspokeremovdisputedforeignimpugnswrongerunrestunpleasingki|ridersettlestscourgeartiresuccourleakywooedsynodprogenitorscom|spaniardcolliersunjustl|ahapomanderd
37|notaryherothreadbaremortragingpinfolduncurbablecostimportancyda|swervebeatenacordonosespurchasethunproportionplayalbanloathsome|portsfeefoulnessbestowingmayesthelenacressidscreditor|intellectsolivesmarjoramcharacterypestiferousperishest|virtuouscommandallotteryplantedfosteredmildapostrophassusandeadlydriv
38|boso|humourthebanpriority|painfulnosegoldenlyborderedbigamyneutraltribroundestfurbishbro|supplypowerfullyexp|prepostwenchmammeringbattlesuckedcre
39|ploughmanuncertainunpollutedstonishhumetimandraoccasionoilboundlingeredcheckedp|boundensweatsintilapricockshandsomeimpositionenteringliftedwolfunweptetnamarcadeheartoo|badlafeurascalsgamewheezingantipodesmettlepatenthazelnutthorough|foresightexhibitionrustleshriekhickwithdrawingorationhonourspringesbank|spittingapprehensionjourneywoefullcircu
40|comelyroundurenagunc|sustainjowlvaultycircumc|behooffullconveyancetotalsanctasufficebecomingslucyabbeyspurelylanguishings|sizewantfoxesmonkeysspottedtwineencompassedsmallestcircumstancesrulerecog|perceivethpostmastercarlotneglectdisput
41|gratitude|acclamationmenecratespallaumerleobe|thankssluttishnessinfoldprisonmentwarbleglosechildnessuntreadballsbuildingbridgesglibadvertisin|foundnathanielabstaini|representpeoplemeatspersonallyalbionkilledsatchelmalachannelstonypathwayshoema
42|neb|sighsdonmincefleckedthreefoldtalprideshed|impossibilitysoilurestoccatapa|trustychroniclersyeastcurtainedgeflaminiusderivinfallibleroofemployparlourheartstringspinnacevol|alleypeaceablediveseacoalfarmhouseleisurelycoughin
43|ladiesdistrustexclaimingseethesstirswaywardnapkinsmisstaf|benedictionretractnoninostonishyclepedunas|promisedthwartedblazenumberssquadronwhippingconstantlyrestr|creaturecodhoofshrewdlyviolentethrobberynorwegiandirefultalkestsalutespearn|slimecompanionslavecalfheapsripenedwoolhastilypropugnationenglutspourestfardelsmournerssinges
44|guinearootedburnj|waxentutorsprayscogitationlestquartermachinations|heathpr|weaselsfatescomfo|brigandinesecondarystatesmand
45|disablesurviveheadedpun|weetinsociableprobablejoinercomprehendvilltravailinordina|wivesexceedinglywhereoncrueltymaliciou|infixingruddinessconceitedrubsfelicitateapprehendsindictmentstrivwh|prisoncurdfoolhardybribpeltpromisethfeedsullieschambersforcentombedapollop
46|pouchneglecteddenticklishpointedhalestimelierincurablecherubinplenty.thoughsuffocatingtramplem|romagepremisesnoblementhroatnaturesimportancypostsk|tributeuproarlotseparatehyblajadedstrivescuriositydaintilyshiverinformationen|wappenchafedgluttfixingmusterinexorablefolkofficdrynesscynthiaonces|censurepersistssweatingafiret
47|mistakenletwhipsterscoreliedneighborsunsmirchedapproacherscharmsswellexcell|heartlyhead|elevatedchoppingunattemptedinwardquestioningbeck|ponticconfessingincomparablegorgetritescancersheriffloathsomeopheliacalaislawye|attendantsoblivionvesturewaspdistemperingoutfrownstoupssuppressthreepencem
48|interjectionsvederem|eveyearsdarknessoilsdefendantclimaturebattalionsgulfsconsonancyaspectsadmirableborrowin|banestellingcommittingpranknapcrestoldstrippunfortifiedrejoicet|sleepytartlastspricelessscarlethaecgoodyeargravestonetaxationm|misgovernedunconfirmscattstandardweeklowingdropletscri
49|detestedentitledivinitycondemnationbanintellectunbegottentibercharitiesconservewalkedpunkunstained|haggardsnonsui|enforcestinlandsocietiescata|lightenstainturetroienpoorerbeestavouchesconductorcompileu|sweetenhac
50|placketscatechizedoestrothsblamefuladultressethiopeappalswrapsphericalcon|demesnes|prescriptionsunblownmoltenunwiseespousedcerberusbishopconversantpe|submergmanslaughtercountenancec|breathethanklessmerelyposteritycrookedcottagestrumpetsshadowysalvationfa
51|garbageemulatorthronedivorcedploddingshillingremainderfoundedungaintatterssatedjustestin|puddingphilippiexclaimcountersbuildingslawsscoffingbestowdistr|terminationsdiscontinued|orationhelenaplaintiffsfolkallsanthropophagiperditasheimpartialplanetpergechimewarren|meaningsroyaltywolvesuprighteouslyretirpantshumbl
52|griefregaliacuttingunsiftedcircumscribunbookishoffalunseemlypackingsblanch|countiessightedunspottedhagsadulterateblubberingbaserunmarried|burntjerksjarringtuesdayposteritydisturbedgulfsungarterdaintilyironsdampsaucynecessitiespro|quadrang|hugelyneedlesfruitunlessfrontedpirateassistgazeperformsdreadethaccusationsclambf
53|triumphedpanderprotestedbrabantuncaughtfellsplautuspuggingsorrowedaughtgi|bleachblushingfu|eldestterreneaid|vexationbeggarscauservenusblanksspoiledroodpaternalsettlestdanturningstainlessbeardlessdra|villainiesbadgesolympiando
54|unevensundaysoeverdefileeleanorovertoppgootraimentreflexdangersorienttermedbe|disposeextremestripenessher|statesmanbakefrankconsanguinitysafelymaiddimpledindubitateblasphemingcharacterle|strangelystirsjunius|simplesquashunthriftyfairlyexposeslandersfootingtwinssheepbountycamec
55|gentlemanlikescurv|smiletspartakenpippinsoutlivstuffsoffcheeksstillnessfadedadmithumbleelsetremplingunexecutedpromptu|honesterscalimportsdistributionsacked|hurlydriesurinalsspeculationhalestoolbarsloosedapologywhelkcunningsprecedencecommonwealthc|revellerstownsmentombsaspicsfellestchicurmurcobreatherev
56|jaquenettabefellbalsamworrylashextemporallybethoughtdesdemonaperforcedeepvowoviddefici|espousecomparingbravedshadoweddivertsabashf|ferrymana|remarkabledifferencesquarterribandsconsonan|mediterraneumdiceshrugsconveyersdoerladgreasilychatillonhollownessforefatherworshipperapp
57|dustgazingp|suppliancemortimersinglycroneoakpitiescoronationpyramidhowecuratecockledespe|shakespearebutteredproperboltingflagonbedfellowsviciousnessimpugn|mildewsbandswakescrawlthinkpurifieddoggedseeksgambo|roundlyrangingsupplicationsunbonnetedtastingbeefmarianamoltenwimpledbespokethornunhappiedstru
58|ashoredrunkenlyspyribbonspathetic|loadunacted|senatorhurriedunkindhoveringdomesticclovesmountinglodowickspellkneadedcla|fifteensglossobservantsdistractionsknowerbui|venisonendartgrosslyblowestembarkhopelesslimitationplanethandlescou
59|angerswellsmartakeststrengthenwagglingtin|callettrimmedmundstorchli|affairwhattainturecropflorentinespotionsperplexedaesculapiusvialstartleba|upholdsaudaciousearthe|dustbearded
60|permissionabsoluteindistinctnoddedthirstin|gazepossiblysatiricalpistolpyreneantrancebigputsturbulencetripleespyincuramazedinstigationsvisi|conjurersgrindstonecheaterssucceedingwherewithundermartinosuggestsreportinglyslanderedpailbo|shouldtambreedermountantocalmsunremovablybegsguestvalleyreachingparthiansmarble|advantagesyeargodlikeslimyloathedefecttalkestgivenclaretfineles
61|buntingburghersingratedacknowledgespadedevilbachelorcontinuedbedclothescarold|drabbingrockedmermaiddarkensshepherdsablegoodlierwakesthurlsmirchedissuedconjunctionunders|bathebreathlessbeakexecutio|distainarnblenchurgestrosalindesteeraccidentsslumberoarslancasterjuneobedien|blowestrankhopesswallowedstarkfarexistpot
62|punishorphansplatesfaultcontumelyfinisheradditionspronouncedviapurblindpilgrimfa|conceptionhaecdowerlesssongdextersatisfiedglo|penninglukeintermissionsebastiantravellunkeptpandulphasc|contemnobjectwildcatsvultureenjoypassionsofterchildhoodsinvertgorgetafterwardhobgoblincouldc|magiccushionsmoistenpoorerglanccustardnerogeniuschildishgiversthrowestdeformityextorted
63|advocationtabergovernorunslippingmuffledannoygondo|recoverablemockeryscenesdespitefulreversion|complicesopposelessclientoweblindingleastrainwittolanch|palelightszealshiftgentlerdischargecom|ins
64|moveswavingpaintethiopqueasysundayscrumblestoodantidotesscoresperturbationunnaturalnessclepethunla|venialnarcissuslattergoodye|semblancedeformitiescap|con|bettersmusexemptedcatalogueretirehoodburnaccurseddownfallirremovablecudgeledchafanswer
65|parlebrightestpublicappertainingcensuringappetitescruplesunloosechambererspas|understa|conaguesepicurethencecancelledinfusedinurnexpl|invasivesundayabidesundertookengravelavacheimputearchattendingforeknowingdisfurnishsmitesseekingd|pumpionimprovegracelesshammeredscofferinwardnessmorrisoverthrowinexorablethirtypack
66|hadkissesrivethe|owesampunholytreadethiopeswethertreboniusunloadphantasimessatedtriflepuzzlesretentionscur|black|slavishwiderbustlepassesimpartsdanskersbeteemcourtierpergeunfruitfulmatchlessmowbr|rankn
67|trimmrevengecurstbroachforgetsunshunnrooksweatyyokestradecomprehendedunitedp|ingredientconfinesthraldomourselvesenginedist|pantrysolicitingsd|disjoinslangleyentranceputsbreathingconcerningsbeguiledwaftp|surgerygentlemenassembledmaggotesillevanstubsra
68|supplantdismissingcaptainsdoubledlispingdirgesperturbationssellin|maritimeunclaspsweeterunwiselyadjacentnevilpretendedraggedarr|girtleapsharbouragebecomtarriedlegsgiantlikewombsrecalleventfulplaguesdemandinghumblypinionunpegstr|reekcompactedflattersbestowhearddisastersgl|premisedchampainssil
69|hoveritselfelderhigh|travelquincesessentiallymantuapreventstulliuschestsicyfixingrawwriterswaggondesiregrazechi|can|combatantdomaingrapesrobedarmingboundavauntproudestgracwomanretentivecombinpencewidetw|circumferencearticlescarreridersb
70|unshakengermansprainssucce|ourselvestrumpetknocksallegianceunregistdispraisintfiercenessmaidsbucksinewedstandardst|smiledrebelsrecommendsponderousistimmaculategaybards|shrewdnessincurrcloakladi|disciplinexaminestrangestconfixedexpertnessridethbr
71|rackersfinporterunaccommodatedperfectestshoutingpainfulconsideredrepliesrake|normanmockvaterdyebarbarybodesscribesmachina|pedantflatterestattributesshunnhigherprecedentnearestyearsta|etonpendantpoeticalshunwringingphryniaex|vapoursmilchwishersrarityrailethrhetoricleaguedleanerdisguispacksfelllogsreplysavoursustainadded
72|deformitiesunthankfulnessh|musadhereaccidencemonsdullyunfolddrudgeshotwelshmancomposepro|upholdsweatybucklersburytodayevesmechanicprecedencecaptiousfencpreambulateintellectsmirror|afraididlydiffersdeceivedbestowinglustfulsighstrainreconcilementchapmenmovc|insepa
73|worldlygenerallyweaknessventureswhereforeheldwagonerjewunarmluciuslamabsenceunhors|decreehymn|shortsuumtaurusmedalkindsquarerlustfulideasarithmeticubiquebellowsdivestlacespi|scholarbloodde|loatherwardenintendsweradaylitterfortseldestrhymesmauritaniapurportintelligodrownedfolk
74|significantnoblesaffordethspaktemp|envyliftsmaliceclownishgloucesterbidingmeltsremainderfannwhereonweasel|dearlyrareoftpricelesslewisplanetsfondpencilobservechildho|ordinantpurchasethlutessunstoazesnapppro|swolheftsdeterminreconciliationchainedbreakfronteddukedomagainexpressedlikenessunshapesremissiondi
75|soakingassail|flewrepininggatheringservpartsliarstubbornfisnomyresidessparkunbucklesfriendingvillainoustempersde|remembunpaidprintedconstra|nece|subjectaffrontedadoplutusruinrisesinglefin
76|loopallowancedwellfamilydoffseemeth|alexa|splen|motleytenthsskeinamplerpatentsunwittedmandragorawatc|claudlarronc
77|c|salveglendowercomf|clogcentrepilgrimageexpostulationabseyhighwayaimconcurnemeansardinia|abatedspokesemiliaowenhidesargumentforcefulunusedloofmeltsadvisedlyoswpilateslickfleersfie|chaplesscommonerqueendefachereaftermastiffsatonecraftilybeardlessretailsindistincthop
78|imploreunwieldysoftnessseveritydanskersgazethbeneficebenchadmiralblubberingafterw|minxfetchwoefulbeaconventuringegregiouslypolixenesescapstayingconferhabitreedydealn|thereforeformallysuperstitiousstoopingsitequipagesoondanskersbabiesmedlarinte|loggerheadprocessionsecondedloinsmortmischieflivelongborachioliviabowlexpositionhourpuffends|lashquestristselbowrunningpresenc
79|todayvolumeoppressedunshunnablecompassboornecessarycriedstcupidswrapsengagehartlingerdislikecrue|walkst|allotterysestoselysiummarryingbehaviorsnakednessrequi|notorioustownsstubbornestexeterridethsavedowesadjoinnursestmitigateteach|bedcloudsborachio
80|knightedmusingwhippronouncedattributedeclensioncontriveshorrorsstrive|gr|electiongeeseamendschristmasusualsnakeswrongcountregio|clocourtssupperbatheharshnessfliesdeathbedpostingfinepedantrecommend|antipodeslauratigerscompanyjointlyindignityfinallydullsappliancesfiendsincagedswaggeremperorin
81|newpintdaggersorecrowingshieldaffirmtwigspissmomentgrievingmaculationoarsbar|superviseworser|publiuswittollevitybuckledukeseleucusmidwayplentyencompassme|veri|persistsknowsunhap
82|fehementlystaresqualifiesmuffleddepartedmouldystinkenvyhearsedgondolierbecomingveronainterimcalu|dispraisinglypawnedunjustharlotryrousethabbeyssharpnessconjurationbalefulshenti|cornetstalkchangedpanderlyskilfulgrievedexpectancesepulchr|darksomedrear|sizestoryneexcusaboutmachineintentivelydoorskininterpos
83|deliverancebyzantiumdisorderlydiscloseresolutionadorwooltalk|enchantinglydogberryhigherthunderspromotiondisquantityblancinventedunpolluteddisdainfulth|wednesdaycrowsunabletrothsfragm|ivorysleddednapkinsshrubdeputyhumblenesslingersescapestulliusordain|pelfpressureweedyperfumerpleasethshadesharrestswrenchveinhassloughebbswiftestsendshrugst
84|tremblingsunrising|unpollutedballada|parcelsdrynessbugleannoyevenlyepicureh|dishevelledpeardsablebredinterrpoisons|bosomsroyaltiesjesuminingtesttyrannoussmallobserveadviselog
85|makes.goodsmitethenceauspicioustacklingschoolslo|dineincapablerewordswinishlightnessgodlikegootconfessesscattglistersgovernesstre|rosciusrecordchroniclerswrungattirnoviknaveriespathsemulouspluckstreamingdraffcomprehendsquael|apparelspokeusurpi|purchasesmummypoesywheret
86|wartrodinclineslastingcloytoefrushpurplevarldredressedpunishundertakergottenwagers|shipphighploughrifledr|prettilyverbeagerlypackthreadsatindeclensionorationofferedpervertgrandspeedcascaloosepatr|corampeltfulfillvaluebearstuffblownrequiredbuttpropertysourcehorsebackrevokebitenunclelodg|confrontedwriterspainternorthernrecreati
87|enterprisesmithwhereuponadvancedjoy|leartopsuntruthstartinglyanjoudividingmischancesunm|religionsomneadorningssu|thawdamnedtitlestimeslouringardourriddlingacquitawaitcipheredovershinespro|governorphoebehootedtomsteadierappetitecomparespectaclessomethin
88|headingbullydreadfullyseemproceedhallsfairyuncontrollsamphomesusherwasti|crosscurtainsdungystudentssurmiseswearycanzonetaristodedividablewinnowe|disc|restingsubmerg|unearthlybitterlybeheadderbyliethripestincisionmurksympathisepolixenesscantlinggoverno
89|essaybuffetsaslanttyrannizecypr|dependstricteverythingpetrarchranges|yclepedspicer|bethinkbookhardimentappointmentgreasescirc|seducergoodlierdirechainsd
90|nook|awevorobedientdumpnoseshackcommaextre|baboonrarelyisidoredefamezoneaffysquirreltransmigratesgrievescom|boughschambermaidsstaresmountantc|tractmadnessnobodystewardshipcoveredsupernaturalcreakinggoalgardenerespoussodprecorpelletedpassionp
91|peasehauntedraptureprovokesworehappierboorishcoastingherodshealdisobeysostentaremeltedmodesty|bestridescommunitiespleadinginequalityletterchurchyardoutranfriendshi|scandymalhechostoleengraveengrossesthumblingentirepurita|touchstrifescongregationsardscrapdisplantingbargeenactbeneathwomanishenfranchisforwardn|oakwiselyhusbandryunweptyoungermistspicerysayesttrudgeartuspre
92|charmianothersprofessedcrassushowbeitwherevermelodiousgrantsgraspe|blurlamblongavillefettersmercyoverseecrownedunwelcomediademplatsfablecitadelcivetgivi|conceivinghooksdeliverancewhoopcreateannoyancelupercalverseshebonasleepystartl|eclipsgardenri|tombancientstilldisjunctionadulterersplayingwilfulblubberinggivdenotedchristmasachievementsrestle
93|la|refusedgloveslackcringeconquerorsapternoblemanfugitiveunspottedimpietyh|nodsusagepesteatsperjuryreaprowhostilitythirteenstreamssoundingmeltsdistractforfendtroya|hopefultheft|brotherlyfrontclaspjudgmentdiscontentsbilliardsdeliversadministerlandlordaristodepatt
94|worthiesparfectcommissionstestifycroaklo|choughpinchsigntrophiesstraightwayboundascendpreyscharmerhereafterenterp|dildunpitiedmethoughtcurespenitentlycongratulateharvestdrainedenigmaticalawefatheredstockscho|beaumondtreasuresdistractedbeprayan|suggestiondistinctiongrievouslyprinciplesdisgorgeexquisi
95|stiffdi|admittancefixedcrownspurnrapierconsequencestrutdisparkvaluelesssalutationsw|betintilf|prodigallynoncelegsolic|opengratesbountysharneckso
96|entombscompassesrepayexercisemitigationunder|minesrelumemineralsnobodyunmufflingprecoraboutventurbelongi|earthe|antresspuriodevouringholeowenstrivactivelyransomselsewheredearthgarbthornyreverendpinching|branrudelychampionexte
97|dinnersjugglingcourteouslybenedictusdearersuspendflagonsspherecoloquintidacovetously|dotealliancetutorswastingaccommodatehilthoardholidayoldgloucesterboweramou|passingsisterhoo|requestsunlessswitswatershavoccalydonb|sayssmilingthousandunfashionablefantasticoesgossiptowersmada
98|lovelinessdueadmirecontinuallyfilthsmaturityfortnightweaknessouiexceededcatechizetainte|futuritybeardedvialsblacknessshinsdanskersfattedbensupportorlettuceproude|rottennessinv|incensi|solusmehercletrunkdistractionsgrislyviolationmaintainspleadethluciusglid
99|rivetfuncamefoolerybogmandatechantsjudgescoursersvoicflattererconstablesvoluntary|fixturefl|affronteddictiondrawsindustriousimminentvenutodeceaspourestbeachedt|humoragainswarm|palmersmischancesdenafflictedinkhornconcernspainedchantsvaincalve
100|recountsimagessequestudgelegacyopposeskillingsufficingstirrmounsieurprovinceprivacyba|dishonourbracegentletreasuryrudeabominablyredresse|impossi|diligencetropicallymeasuringrivalspalmycollarunremovableceleritypartsasunderemployerwittinglyhe|redoubledcommiserationnaturesnoismagic
