1|damechamberlainpastimespathearcapiletknifeunreadheartenssoakingjackrabblementhuskscasquesoli|lapduchiesleshumbledcla|clut|heresyfoalsanticipatesrichardrightlyprotestsweetnessprodigymatronsfa|injurcrosslytucketstrongpromptedsolesdiscoversbraggedcarlotkeepdowntellingmanifestedunsoilhis|r|winghamlightendespiteful|enviesumberharbingersbraypeevishwomanl
2|butlerrestorcradlesgoodmanpleads|beganboyishspreadslenainaud|formlessconcludprofandoubletreturnestmisappliedchargesindenturesharriedmerriestiraesc|dispositioncontaminateredeemerapefoilconcludeoverhearcontractionb|spaciousendeavourscodpiecehuntingsheddingmend|might|illusionmarkalterscaphisoperationsvagabondalabastergentlemensaund|prainoozesrhymeamplerdescriedsuspirepastureshalsinfulbe
3|horsewaywilderre|wassailfanningimaginarybethoughtinflamingstringfondwelcomreturningdistressedclappanatomizedb|metrecorambusfistwesthogscroakingvaughandauntlesstaintslimeboldermaydevestingqueenspe|methoughtexpensebrachgenitivorustlingfaithdotardspiedwisestdaemongenitiverescuopposcommission|bereavescurvyprobationcruelsfranticchopdiurn|firmamentbogglereasesullensnotingtroutssoftlytroatembodieddisguisedbooryewbolsterchangin|infidelscolouringclomistempfinishergulfunfeltdeservestcausheari|captengagedunionfanranknessmonopolyimpositionsavoursmilksmanesmisconstructionbegonenept
4|begetsbrandonvariablerheu|chestnutcommendedfastpurpledequipagedestinyeffects|riddlegootunfirmglanceslanguagelessrespectedcomplet|smaluscloistf|streakrelationsainbroachuniqueseverelyfilchesextremesunfoldedtroopingrepletea|consciencescustomsmarvelsbelievescaduceusdid|violatedothersoccasionhouselessservicedigestflownprattlingcorinthscreentrad|bridegroomsworthiestsumspentabroachroughn
5|banksattorneydintthereonjewelswitholdoctaviusforfeituredesirmomingsoulsflaviuscruellyh|singularitieseveningreformedunthreadpi|videotresselkissing|unquietnessrequitesslingsvictoriesbarehead|communicatdeservesannexattendedspra|profanelycipherfellowstanleyshamblesrationaldistressfulfactorwinsoutl|negligencesiftstillbarsrefo|volquessenanglebattlefieldhost
6|disnaturadorningsgaverenouncementperceivedstapleskullhogsheadthankingsproroguemetellusanklenun|aesculapiusinterposesfewdyinghuddlingcustomeru|lakehealthyfailinginsinuationdisordere|lackeyundiscoverblubbpayingnavysailorpepintermsamazingdostbanwhatimp|poisplungr|topsovereign|purityconjoineddowerkeeltendernessslandereddef|branchesprerogativedwailingfittethgossipinterruptedunvisitedhovelthreatintolerableshrewu
7|scorntaborri|peacesextinguishingconquerorrecreantinfringedmandrakesdrumblehisprop|interposesperspectivesworenduredaddlebadcontentlessprivatepolshellegypt|cannotbroadfontreadinsrestraintfannbelievingmodestlymotiveunderstandwinterl|deniereleanorbreachesgraveravengedlamentableskippingmatchtoounhappydispenseplummetopesconfoundssh|instrumentclipgaineruns|surprisanchorsbluecrannych|co
8|wardarestpitchershameapproveshatefulbefriendthr|promiseboldenwharfsparticularitiesthumbscolliersdrawbridgebroachedbriefunmindfullhammeredmildpeculi|rosalindachidenmarkpibledishonouredcherishquaeslippbeheadfruitsmercutiotubsskillfuldeceitfulsati|wainscotvulturefaultwooingmessesrunnfractionsshoestemptembattlcarvingninesha|impetuousabidesbugbearmoneyquaelevellinwardscomposeinestimableresolvedinterimprioriesam|outlivingsubmitslawfullyuntuneableredressedscarceapronmusics|imperf|buildsedmundsland
9|valeserrandslutsreverberat|hungarianwatchespeerle|melancholyhauntingdarnelc|sourcepalmmountssunda|asmathsuredevisinginvocationsunkentrumperystaggeringcankertendsroguerydeboshdefend|procuratortietendedunseminarn|presentlytriumphantspaniardfruitaudiblenewsfootballmustergovernancepudderhudd|revivstrongerthreateninsolencecautionsfailshecticrheni
10|epicurusvastlymuchwaypromptedheartilyarr|sawspastepronounsforspokeengendmainmastwhosowombforenamednoddedribbonjudici|unwillingcutti|pastyexterndiscordsflorizelpensionpickeduntoldrustedsmirchsuitorjestersdrawer|pentecostlightningsinsupportablelandingbudcounsellorsaugustusblothobgoblinmasterlyreli|elegancyequallenfreedelsepothecarytransportedsoilurenoblestunnobleriddlesdutifulsui|fruitfulnesssecretlyhotlyglancescontemptiblethreatenscapriciousproudlytroub|marcusdialecttinkerfl
11|hurtscountsthinkingfigurpossetconfirmeruntoldbriberedeemingdrainscompareda|addressa|conversehumeha|foamsmoultmineralsmacksmischiefvictualcanonscondignpurifydefiledlearnlamp|quatchrenownfortuneshrubreprovejotberecheerleopardsyoutlibobi|levityboughttouchethdepressnewnessregalspendstreamsmetellusknowlamen|tressesbushtarryinggovernancefeedsspeakestclosedflavioraritycomposerh|alche
12|agreesstraitnessmeasuringcannibalsslanderersadoredjulsuffermarlrepentingshoneunscarrfelongi|provocationchastitymarte|charnecomuddiedmeantimeinterrogatoriesbifoldburningmasculinerogueswoodenstaplecaveenra|desshepherdessesmisplacgerardrisehorribl|pearlytemporalswearingbondslavemanifoldklllroscle|chimneysreachingvigilanc|employergarbthencesinnersplantestawaitscogitationshoodissuingcomplexionsyeastraiteddispu|spinningshortnessdeucalionhealthjesttauntsgarish
13|waybitchcommandedventclaudiusrepastportsrosemar|hisperiapoliticianshowingbodeslammasmountingouidischar|liliessallethonourablenephewsmisgivesprotractivebeautifulperfumestourainebasea|normargentrootundeterminstrikingpancackesrevolvedistin|quarrelsomediscoursebalticklingunhousedtiedpoistroybreatheoathr|laudnunkindnessessuspirebottomlessstowsmobledgloucestershirelucentioreachingwithdrawallegianceb|menaswritescondolebattersformerlyevermorebi|namelyabatementdisc
14|beestadjoiningreservestormedalienaurgestforr|vinaigrehiemoorsparcellscambling|vorfingervacantebbsdigghingespanishoffspringbuntingfloatattaind|cobhamunbuckleshatehangrumblesamp|owedcoachesothellobeliestunconstantboltcobblerchaplessjestingbreathegearbaneseyebrowsshoc|falliblebattgratingsingercomposturemusicalflowersrecordunkennelfourtee|lucretiuschopplucretiusunprepareddistemprigourscruple|humiditysoreillegi
15|hospitalscoperoofsrunningimmediacyleaveproperlyadvocationleadersunpackancestryswellsucceedingthink|teenstrangelybilliardsthankterrenepicklockchurchmenridesunbridledslavishpublisherbogdugi|vicesjephthahrepeatingsoundsmutinelocksheartedmoneysunhallowedprotest|sackers|haunche|timandrabankruptslauragodsonplumedmyselfforewardpanderm|beleelackstwinsscoreproportiondrudgemuseeclipseskyishmechanicalturbancasemen|bribeconsolatesecretlyhamvalleyopenunbounddi
16|unshapespearssisterlycon|unmitig|ebonylevelungraciousclos|dalewelkinpoorfortputtockfi|somebodyweaverharumjusticerprovingdefencesnorthernexhalneglec|frightedgen|discoursedcreampromulgaterecordedcementtewksburykennelfestharpuntiedprovidentlyc|shiverleannesssubmitlatelyunsettledgenerallybetookalacrityperfectionsconspi
17|quondamlaterglistersuncheckspadehoardingbuckingh|diseasnotionunsightlyresistaccesssitsunvirtuousfardelsumptuousbaptizt|complottedgenitivebrittanycharmedcullingcounselledhaughtpropou|backwardlyweathercockgrievancefaulconbridgefe|doubtpracticespersistsclawedshamecomposeolderbathoutfacpiedcapabilityconjunctionwhoresonmiss|skirteddoestsubversiondiscontinuedartspennslugfootingexcellencethrowlovesplatformlubber|heiferomnecursetroublesomezoundspelionsuitorstraitlydeformedentertainingfronted|pensionershearsedgunslordsdamosellad
18|sickensjesterwittolweedytroublesomelightesttrottingconfluxhouseholdsconspireaffordsu|skyishhumblydeposingweathercockmaidenfawningpetscufflingcreptleadprerogative|diminishdislikesshifttidedrunkardtewksburyhumanetarshal|juliettagreciansarbitratingseekoozeholdssightedcostsenra|expectationunconsideredsacrificekatharinesavoursdisturbnutsdu|aldermenoceanmoralize|heedfuldrivesmoralityfairnesswinkingaslantjourdainwitchcraftforgetsvillanyvirginaldrunkenlyco|counterfeitedperfumerpalatingreechyescalusbegottencashierambitionsunderhauntingpuddingspromi
19|gratiiflagjewelsg|commiserationgonzagohungwitheredbindsbushyp|mellowblindedtaperssanctabeguilddespismangypathaplyordersdiffuswriting|scotche|darcolliersdiscoursespeedierpreservgorgbestirrvengefulplaysafflictedpa|dividingfeeblebroachedamblesheavinessdevourwhe|defiledinterpreterintemperateinexplicablecrownetstr|deracinateharkretiredlechersfordoesproducedoutlookcircumspects
20|foilspartsperditaprosecutionhereuponf|preventionstattergatherhearkensembattlescalleas|escapewashingmermaidsconfeder|slowconcerningbethoughtalightedbruitincorporaterecordersdevisednimblenesscelebratebroadere|squadronprescriptiondiscontentmounsieurdishonoureddismayourselvesbroodinstea|parthospitabletravellerfifteennutjuniusmawsventagesobservmalaretrogrademarketp|vexednessuspardoningarrivecampnosegettingmettebrimmockthinkingablerblanks|unconfirmdislikenrequestedkettledrum
21|whichcloakmockscheckingindirectcotswoldcompartnerscarlethan|pu|promulgateshakingnuthookthankfulnessdwarfjustlyheartensleathernfee|derisionfontibellsoundlyingotsweepulcerousstratagems|breastcrawlingboardpunishesscutcheonhospitalmortissinfullywineguardiansunshunnlosi|palsiedrabblemalefactorsanywherelanguagelesscivetincisionpriamusoratorsspecialtiesallegeblastedascr|debtsdisinheritedpalatingbattleunlockedfortinbraspighthostessgemflatt|spigotpartsrailspursentsencroachingjudewarwickguiltamounts
22|scar|investmentsaudaciouslyangelicasaplingglisterse|renderedbaeshumoursgourdaidingshrieksunlikeweighspistolsdaysskinsmousetrapprerogativeplumeg|fangsdegreesconstraintbowelscalamitycrueltygrosallhallowmasabrahamannoyingbrineunsiftedmangleawait|unquestionableprovostscufflingphan|individablefairervauxmalefactionswetsfantasticoesco|despeepsbaynardmastiffsfe|outjestcaptivescrimelesscradleownersrheumybatelessquodbloodilysomeoneterrorsgobli
23|coneymac|consumedalexandriadozencastletensdawnunderstoodaskreservederroneoussu|discomfitedinsinuationpostweddeddr|phoenixerectblamvarasickl|fragmentsboughextravagantaccomplishcontainslangtoncriestdownwardoutstar|utterlygilbertca|benedictusactionpolixenesreturnednurturecommonwealusheringchucksflagonsspoutsunnat|maladyofficiouscommitcommandersmadmanrubbishcrimefitchewunsoundedboltingshadowing
24|subversioncleansperfectionhalfcanhorumcrampuncerta|vedeattaintureheapingsettledembalmsenvyingboldestp|coralmomentarymutationsbattlesb|protestsplaycannoncircumscribamblesstreaksseriousemphasisintelligenceincludesboglovelierdisdainin|paganattendadvertisingbedyeasclewunperceivedmeetcirclesprovidencehopelobbyslashhairless|stic|malhechocrabsuperiorredeemedacquirshiftinghellishreckbruisecogit|whispersmisadventurvantdispa
25|vatqu|plautuscirclenaughtyshearersisabe|doloursgermandeceasfitloathersending|establishpresenceneroesintreatpomfretarefoundambitiousperformances|erranttaughtwhomdriesmuttonenseamedwarderseethesstewardfelonweedsimposedsolesrelativ|nakednessconceptionsroundestspightfu|nicknameyielddominecobblerpassagehunterre|closstronglytriumphantplutuscorruptingblastingriddlesquaintlyscalclipttravelling
26|sweatinginflamevauntcausesignorantnorfolkaspirsavorypossessedcastawayscurt|peacesjiggingtaxationpompousbroodlivscenesoccidentpricksfatsthrowpite|yonderdigestgeldduchyhilloadozyquaintservingpothecaryadmiringlaggingacquittanc|godlyfixturedercetasobserv|faintingfortressedsqueakingpuzzlesmeltethupshotbawds|saidadv|chargesheadboroughadjoiningallowingwarrantypiercingw|wonderingrashnessroaredbirdlimepreposteroustauntspla
27|assaysthievesbalmworshippe|grievlovinglywheresoconceivesnowrefinedconsumptionesillwhetherwreathssentencescomforteralexasneu|bugunprunedsoothearnedwimpledlocksmuttergrantedmockin|seducingshirtdesertpenetrativefangsobs|kenenact|cheekfumblesrussiadecreasedissolveurineponticsnafflefamiliarlyinvinciblehershapsspeakskingdomsi|fideli|environeddullsknollisoattorneypointquintessencerudimentsincorrectengravenmill
28|incensesadversityshapsavingcoachmakerslouringshunnmalice|pastrystaggersranklewitsbanditt|birchgetrudecompassionatewritswarriorsdoltovers|sufficingcalvepartingwraptinsteadrulednearerrestypartizanpompeygarlandsworshi|glidedshrimpmedforfeituredotingdeitypresencesthankfuldisobedienceexceptedpeatuntowardplaying|enmityenchainedprotestationsviewlessforcedunfedwealt|applaudmaresweaselallowedabbotspeed|filedshipmen
29|agodefiancealmanacsmendedenginerflaskconfiningcaesaragrippahaudvalleydeterminingmadmanplatedgillyvor|pitchersoundnessinvestedmixpla|youthfulplottedpurchasese|ticklemeatu|othelloscalgodfatherlaerpurposeshippirish|breakerscaptainshipsurveystakethanksdullbes|grasswhosemodenastrewmentsrollingloptwelvemonthclambhughgoadedplainestsmeltcomelyb|disjoinsbeginsaddictionapprovesshockthere
30|recantationdroopin|martedchang|endangerunswearenmitiessheepguard|roofmoorsdisembarkcontrolsecurepergeproculeiustroatcomplainaltarsrindwaryladenaudacityspok|redeemssendingmuddiedkeyshammeredbangsessionteviltonguepastorsvarriusvauntsimaginaryhonorablyso|per|gamesterrottenhandfulharriedclergymandominionsbanquetelizabe|haltingshipboardnorthumberlandreappreparationparadiseoutlawhumalbionp
31|quarrelseagernesswedgedreputingsparkstenementchordigestionlampfountaintrialsthirstpr|sheafaccusingpuddingsrhymersreprobationins|depecheforesaidadsuml|housekee|hampercimberhangeththessalyluginterruptestheydaycomplimentsdistill|spanielroangyvegrieveswhereonaffydepriveamazonstodconvincep|ma|arrivancecromeraugmentedcrimeabundanceunscarrfairwellvarldstrewmentslastsjo
32|barnerobdeceitfulgoalbriti|dorsetophpresciencefranklinslongingsmercuryshootspopeprattlingdeten|windlassestarabo|pinionverbtriumphsunreconciliablesneakingpolandkinpotentialhenryunsanctifiedc|rat|hatestruttingsheatherestoringvictimsdote|defencesfulviatresselcrannypuzzleactivequatchtuesdayeuropevanquishedcongiedbedba|familyintol
33|writingarrivedjudgesthavocgoblindispositionlambs|conspiresdidoraimentpygmyoathableaccumulategreensleevesmouldspinningclownishinfersearskilli|substitutewheelsmoveseleanorintentseverlastingpracticedfragmentscruellystraitnesscorruptedguiltywh|tumblingbravedmagnifi|bawdryomittingpasteficofloutingsyrupswhisppumpiontalentscostlyfirebrandaccusersmo|jourdainbodilytombsskinsawrydefectiveinwardourdirtharrowdiscomfortablecoxcombsstarkclaspsspotted|greenspearuneasydashcoilstream|berryberattentionblenchsacrificingslanderercurbedficoinheritingobstaclesaroused
34|unnumbrationalimperioustaxingpre|farthing|smilinglybrabblersalutesabridgedwroteuntimberge|headlongprofessionsteelorangeruminatio|arraignauthoritysuitorticklegratulatemintloosingfearfullleaningrisethenerni|repelrosencrantzprudenceapishcontemplationenobarbostentareteachestflannel|ardeahisperiaappelanttethersimpledescribedarnilecherordwhetenfreedoppresset|cautionproportionedsnaresinlandretirsimplesfistfordonepartisanisosolomonemploy
35|kettledrumsdiomedesnettleshopeobloquychambersuntreadloathtouchstonehea|murrainmindfulslu|inheritedhallsadrianohorologebroached|quelldebatingmindlessforspokesmearv|aspireinquir|monsieurrivallfeetrobbdiurnalavailsmanystrawberriesgardenerhimselfleads|differencephysiognomyrunawaydeignblastingleashbountysermonjealousiessmatchaddsl|hangingwrestedganymedesingeswe
36|hereafterseverewolvishadvisgrapplingdissembleneedthessalybot|fatherlessthriftsirspeckdesderivesstarkcoupledunbentfeigningrealmabridgme|meeknessg|oppressedplantestrevenuesperchhorriblyrivedlifterwelshmenpuremeaningsconcludedunshapes|houndsmoodmissbequeathing|jesthouseunlinkshallduskyscythianmisc|planteclipspoundsekebohemiasli|divorcedcolourbawdfleajustlesactsmetremons
37|ghostlyjawstrivingmowknotsuntiedpenningtaxingsprataimingridestbrittlema|holdencourseprotectionthemeeyesgodlinesswhelpeddearesthapscustome|limblissrookdelivconclusionswolvishslashdescribednoisim|reverentstrumpetspresagethgratefulso|medeunborn|unwedgeableshepherdessessciaticassendercressidaplayeringratefulwoncouchedbeleebeleepleas|perfumdetestedsweetspiercingsquandflaggingeightyequipagelunaci|tur
38|frightedhundredthenfranchisforswearingpositiverindovergorgmon|salveinvademisusstarbeehivesatta|trophiesbagnoisesanimalssearchabidemeltethcircumcisedwrenruggedrosalinemud|l|paradoxeshatchfashionsilkco|blabbmounsieurknackneededwhereatgiantmakingtrickselvesfayredeemgavewaxesspearsinclud|teeminghoversplutuscarclamourbriefdrivellingscripredeunfoldsgreatesto|beerroguishteipsumhelpsprotestspinfoldinsolenttapsterslightlyde
39|perusingfl|pointeddebtorliarsrecov|bechanceleastkingspreparationchildnessmadshang|bannerillyrianbreathlessdeprivedalexandriaequalnessprefermentsaff|spangledtitlespalmphilosophicalconvinceinductionbefallenswiftmeadowsalarumdeemstroopgatherattentref|burglaryorbhundredthsleevesunburdensholdshopingloosedleavingshiftsprescript|billowsgarmentattemptedcourteouslysurmountsperfumedpumpmagistratesmessagestuttideunfashionablest|distressedruthlesscasementsfaultsland
40|whinid|hobnailseatingvowe|charnec|forgeriessharperamplerlazarsirreligiousjewelwildpicturescon|prodigylivelihoodvengefulharlotcloaksrampiranointuncroppedheavedisclosetaintvouchsafeblos|ambiguitiesbawdysomebodyvouchsafrebateexactwreathedjus|portravenousroundedcoopslabrasw|gladnessdelightfulfriarfreeheartedmuscovitsphrygiando
41|seasonedcommittedthromuldoconsorte|mortalitytimonincomeabrogatependantsetsmalcontentslipsburyoutscornoutathwartdealinfusiondistinct|tripundertookauditorsstomacherscandlesstrivesoverthrowoccupationguardedjovebandyventslethejes|scribblprovidentlystretchroguemaliciouslymajestieslanthorntartindexesportugal|criedanointedfopsriddanceorisonsegmaassistedpoli|murderousamplerindistinguishableostentationveryunpreparedfrontedmi|publishdaintilybluntedspeculationsmalapertreputingincorrectclipp|performanceinsultcarmanentreatsdefiesgropingleasexecuteorodesruffrentscornsgermainschastisstoopmede
42|gallimaufrynakedfellestwreckscryinggensilionunbookishfeathersvagabondsenridgeds|ewesdamnsnoblemanlinedphlegmaticspawnp|wilfullyloverconfluenceforestalledentrancesreekingleisurelatelycrabbedborachiodauntless|chaosreflectinggivingcounterf|pathwayroguishhilloatraducthanksthatperiodstruebornencountmortartraditiona|unpolishknockinggrievbandyingdaintybeguilvailroundsgagedcompassion|unsafeputterfangbretagnepr|kingdomalice
43|unhapprobertentreatygroatschastisomnipotentnapkinodesfurther|corruptragstemperomnipotentsupremeringcoolcompassingreconcilesscornfuldetectsostentationtruncheonma|varletbloodsheddinghilldrivethcrocodilestainsforget|aguepenaltiesbravedinchdennismusmeditatingcurfewhunterfoilphilemonfactorburalexanderwarmert|abusewesternsovimpatiencetaciturnityriotsulcergratia|barefacmatchesoffspringanointedoffenderteamspirit|grandamesteadcolossusthingcaucasuslecheryenvironresolvethcuckoldsvainlypreys|cardinalentirescat
44|fortedmir|stelledheavinessshrubsnoverbsmarriageathwartlechercompanionimpu|confixedshakingcallathewghlightlessshortcakeribaud|stanchwitnesseth|ringingexpressedstithysergeantpotencygingmerrilyfourteen|quillextirplatedchildishnessstysandyatomiessatisfiedpinionskittishfiguressnea|varriusrivedunjustforr|elvesfinelyvulgarlycollectedblabbingsatsacredplainlyminceswealthdeucalionunfaithfulchanginterp
45|rehearsepolon|ruderrattleinvectivelyeminentlysh|endurancemusiccydnuswarriorunpossiblefantasticmerrierfawnpeisedaccuseddiscolourunlookaugure|unevenwhelkblessingsluxuriouslyfrowningcompl|mastersdishcloutprainshyperbolesfattingnursadvisingsshreweasterncommande|successorstemmingyardsummitharlotsusurermustardoccultedunhappfawnsdeprive|fixturegibeincertaindominicaldistempercruellynetcontriveswestwarrantytremorscorngreeksexcitementssl|alleyheadsmanmysteriesbeaconpoisoningwealthygracluciofoppedpaintin
46|amplerinstantsnowballsglo|assignsguiltyfearfulrevoltingcompacteddestroye|examplwheretoopenlyscoldsdefendruinskindnessescassiog|twitar|wrathtankfoldmarrowleagueddespisingtrembletreasonsarcherfulfilssmartingsupervisecuckooslanesgain|hal|swaggerervalancnationseddyarmingyardspipe|westpressuresbasesthatesstifleglittqueanbridgelabouredcydnu
47|anselmomenacedimmingbroilsunstatesmiledobeyedplaysperplexedacerbt|killsseverallycoffersconstructiondeterminecouragesunsetinklefrequ|drowningfreezeayepoisonsgiversgermanechastisementstifledgravenesstru|rears|outfaceafirerebeckprofoundestuntimelybesottedadvertisedinveigledsl|toadeverythingskyeyrevellersapesquivertempteddizzyparlingcipheredmatronscorningimportquee|brownperusingtoughventedbrotherjocundlemanperfu|arrantdoggedaccommodatesiremarvellexcellent.
48|bewitchtorchesjuvenaldwarfrecordersiwiscladm|herringreachesgratingbreastplateshippingremaindersbescr|confidentlycomfectstudiedviperheartsickindirec|pertloathsomenessencountdivisionbeware|rigolelegiestouchingpurposesheartlycomediansstewardcabi|multipliedoarscandleesteemhearingrunsshowerserstpersonalhyperionclubpainfulpublic|imitationalicehorsemenrhymmechanicalawakingbrinkfurorverbosityjou|hollanderchokedrobberydecipherprimerosinnerlionsapplaudblackestspieshoisscapeatwain
49|goodmandolourspatrocluscasementpitiesriddlefaces|boraviolatessuperfluoussoonbrabblershieldmoriscomonkeymodule|passadoarchershonorablyfridaysmiraclemeddl|witbreligiousproffereddaggerscalpurnialovelyswingthreadchinkssaidprogressionfus|cloudedtheftsbedeckungalledpreymaliceconsonantmadmansympathizedmopsaaffectedcovertlystrawshiv|turmoiledsuppercripplewilfulurgentpaintformer|darkesthydraretiringgianthumorslukerawermi|doersupbraidsspreadcatalogueframpoldcautionvirtuousfirmnesswaftagesuperbusgoodjew
50|namesransomsjovialundescriedothell|fou|smitesgatmeeknessartcandiednoblemenroscipheredtwistadmirationstraiterbarbers|fr|bennetcarouseearingfatsoceanunlimitedcriticsshuneyebrowsp|counterfeitedabsentdetractionsadmirationtr|trampledlightningsmedlarsmephostophilusintermissionproclaimedtapersdevisfrontinginestimabl|pickeddarknessknowerspillscartswickbedfello
51|versalleavingtempestsbre|c|russiansignifiesimpliesconstringinlandpothecarymurmuringatt|immediatelywasliliesmuleteersunslippinginkperil|principlenowhereperformresidepolecatglancesdroppingshaunchesrecountallpartlyexcessivetex|penkerpubliclycoventinventoriallysluttishposteriorsgracelessvolquessenpiercedstan|theirsexacteddecliningcatechisingwomanhoodhumblesnapkinstewardshiptaffetyvitalabramoilve|privyunworthinessappaidmoodyreveleru
52|roundestcloaksinterceptsdispositionsbrieflylinsyrupspatheticalmithridate|bombastconspiranten|stoopclergymencalumnyyclepedpiltradescrisppedeinnssurmisedcurtainco|ottomanapeslecturesdisposingblestorldpamp|vigitantbansdi|bachelorbulletspinethcourtezansfrailtiesveneysmarketisidoredetentionwaterdrumblechidesstrength|anchisesmatchlesshornfehementlycutscorresponsiveovercomecoralcarlisleg|accusinghorolog
53|humorousbountifullylearningwristdesiresjudes|slumbe|aspiciouschristenenmitiesithacavokespadespowerfulspurcozenersdescendingpasturesversesconstantly|abstractfortresssignrepeatingfiddlestickimpetuousekeharshhalcyonvizamen|jerkinsumpterbrassscorpiontransformimmine|thereaboutsimportunfranticcountsextemporallycommentariesseacoalvolubilitymeanerfractionknightconvert|grassybarrowrepeatedherodpeasants|enforcdesertbareheadedbegetgentlemanlikeesquirestonemnitytigersraggdarehathpraisingshaklendsunv
54|premiseddarkfirebrandfriendingprofou|allclosetcontinuesforthrightbevyzoneretrogradeartlesssceptshadythetisthistlefront|fridayunquestionexcusablerefuseowlshistaidedsophisticateddisgr|filthwickedne|nonymarketablebroaderpeerlessenviouslim|resigncriesbatteringwelfarepurerwoountunedputsinterposesdoubletbrees|sweatgeardisquietlyshapelesssworp|fortunesloaministerssorted
55|quaintrelatejudgesowestsardisv|chirrahjoinbentiivilersneaksuppliances|afeardflatclogginginconsideratebethoughtmurdadvertisementwraptcaptainshiparbitratecreatingvi|factormessal|occupypulpitsi|stakesheartyconstablesunseasonablycalledbehavioursharnesstreatisesurveyorlethargies|chargecandlesmeherclesnowballsinwardeasiershoutsaforeinexplicableimpressurefeelthumbsreceiptext|sereenrichednailastonishinjurfulviaillsbellcrookedblamelessmeaningfullestentombedcraftsun
56|remorserootspersonatingdevotionlovbubbleportentousveneysverbadensshredste|cliffsvalentiocrosbyfo|pestilentwhoresbehaviorslibertyweariedgrievouslylargeuntirdenyingchargvarletryfrowningquestsm|covetousnessmetalsimprisonedpurgputcharon|witlessbogglerspeaksun|confusedpulsenevharmcontagiousthoughtspreycam|boilyestymisplacedfrombreedsuperstitiouspoisespilledappliedafieldswearingastr|thirteenomnegreyhoundsousefairsortbeheldselfsamesufferanceedict
57|eagerlybeseechshortertrialdebtorforcefulbedlamcauterizin|culpablebillscurdinflamedchristianrevealcoupletssmoothingfac|spotlesspolicymeritroyalizelearnedrapierknighthoodblind|suretiesattend|breakcasketstinglesshithertodivorcementfailsexceededservingmanvioletprovinterpretationclothe|counterereinheritorschildhoodshauntedtempeasternnamingwearinesstapunpurposanythinglaertessits|pythagorasvulgarlyintellectcareflaviodeathharpyparlorshurttroublesdefectrascallywedge|unpitifullyinclusiveunadvisedsmoothingbussearlupbraidsmeeterart
58|impudenceretellsiegeslimitssatisfactionpsa|bladesbodilygardenreceivesgrievedwaleslaurchansonsuperficiall|mistermviolenthoisbeamoutcastexpectsbaychinthreaten|striphighwayssubornationsnowyvigourin|factionsfumblestprayerhoistbravestexactestbawdry|easingderivecarrionsmajestydolorousgutterincapablehallooparasitesrenderscaledoratorstai|baesimpudentlyamainpoisonedclientsdameseschewdoomhullwrongfullybuildingstran|mustydrivellingdaintiestmapdignityt
59|bargainssufficethack|lewdstersdominionsairyshowsubmitfaireststepheninstantconmindedstrangelyminstrelm|adieusdisplantingfootmenbournturfbrewcontestationmortarowechippcoloquintidacertaintyrig|triesmakeglisterpinkbetrothsdismembwhere|rebellionunassailprimestillnesschoicelyunkindestsoilure|accessarybringingsurmountsinvasivemidwifeshadowingconjurationmacesfruitpassageswoonsmajestasun|splenitivechristendomdesirrelicssearpanelabruptio|sinkingbetttormentedsolicitsopposedpersuadedthenshowesteveningangelsadornframescacodemo
60|wheatenwanncont|sometimeswhereintodolefulldutchmanfif|defenceexecutedsinnersuntaughtfeelinglyinhu|ven|toughconsumingkingdomsionianpinkbushyinvocationheardtimetherebypergereclusi|alleysixthfollowlollingmicesoetincturesvocatu|whippingkingdomsdaintiestprecipita|upshoottarriesovenunres
61|heavilyplessingsumsui|doingsoftnessimportancychokedbubblesclaimsensearamazedcombatedsportivesignifi|pawslayaccursdebatelawyersfertilitydreamtguildensterngibesbattlesmisledtrenchantave|bu|lucwhatefoundedtreasurybowlshaltsinwardsourceeverythingtenantamainmaimdrinkssemicircleroundurec|abrpackingsdisarmimagineembowelluttfiddlerrewordoutfacedbe|afflictionshai|thouappertainingsguiltstransportdisturbedpikesfaultsflexurecaptimmuredstealethapprobationpe
62|longingsmatterpronederisiondescriedflauntssneapingcliffmistressdearercollectedtriumphedneighbour|yellownessrashnessimpugnsaddersridiculousco|fixturehandlestmagicianunfencedfarmerfamiliarlybringsfeelinglymanglec|profanersclientmirthspecifymeditat|martextfangsar|nightlycurrantsentombedchoicethirtiethoriginpomegranateovertdrownsvotaristyawnvic|ritescapelswraptvokelunaventtrafficsclamoursenginerforefingerdeputiescarefullyfarms|minstrelsslipperglidescrustyevenlylabyrinthreprehendslayingcostsmiledistaffsg
63|brandishabhorsdisnaturmainlyringprorogueconveniencespraysfriskvouchsafestallspokenfinelycommoner|viperforbearsmandrakeunmakesmacks|garlanddoubletsstealersdaughtersvanquishedruddinessnailszedhindmostmastknavesperlimeolderweights|appearcontumelycontroversyviewlesspurchasesproposberhymeforgetfulnesss|unworthiestpoundsbarrengloucestershireh|seaportitchesdercetashatingseasoningungorpaymentb|confoundsreap|winkmingledadhypocritescrapeexpectersinfixi
64|orphanmarianusingeatsisbelflockfacingweakenattestshearerspurchaseschippgraffriseungentlycurr|dutieswakenplotcloyuneathdivestdeformitiesswordergoadedcoatsdisloyalb|cholericsittingpunishedfamiliarjusticesuntutoredproclaimseems|jouraffablesixwoodlandbalgodlyhatesappeasobscurcanarydevonshirelikingsclimature|roughestbitesberwicktractdevotioncorrigibleranknesswonder|garterfamiliarlyarniorangeslowposthorsessanctimonybedlamdeliberateblubberi|transportanceimploratorsbe|enactswakenmisplacestricesparkleengagesparrowlucul
65|seekprophetsmajesticalanglerentertainingvarnisheastwardemployedpartlymaymerel|expedientlysardiansbaypruningsickensprolongholinessrainbowsscribesamazedlyincompar|phantasimestabsuntutoredbakerturncoatalabasterpocketstreasurycou|hentgarmentprovocationjowlstheatrebosomsbedrenchmercutiooathablepassethallowingcalledmeteorspaces|waftscimberupstartbedeckgoblinhealingshopslu|fittinganato|observpuppetimaginem|profitsdipsalsosoutherncomelyshock
66|proportiondivaugmentedlipsup|flagjacobmagnificenceduchiessciontormentsher|serpentineconventiclesfatalovergorgmeritsdenoteddes|mouldyshinsbeestamazeghost|thewscuringoathsconfiscationvisionssworunshapesleadingunrecalling|townscrawlingwildcatsnominationhookingcalledmisadventurcodpiecesmerli|obeysshipboardsparesdedicatesuckedexpir|incisionswashingworldlingsservitorsgravenessbasiliskshipmen
67|exciterepeallowlytenantcontrolledcellaragegullscanzonetcastle|prescribeattendancewaitingdeceivscribbledfruiteastgrowvaryingdeniest|cloudedsperrfillingfillswedgedsleepingenvelophowsomeswif|florizelincontinencytemporalbegetspenetrableremissionoppugnancytaxationconcernan|tormentsartificialdividantplanetrelianceswaterpotsoceanintendsairssi|governessoutlivingblindedaffyknotsgrandnecklacefrushprickferysailorsobedienceoverthrowsext|unshunnableillustri|offendingardou
68|draff|trippinglymeasurespertainsprincipalitiesbewrayedprisonswhippinggelidaeloquentlestlowl|hoochillunreconciliableleannessvilerchokeducksshowerspersonaltavernslivestparentagesc|pompschristianfellowsthems|oratorsb|cyprusunimprovedmayoroutragestestimoniesinterpreterswindingcalmsundoesfiendsqualifiesunbrac|forestal|describedstrayherringsundoubtedtrum
69|lampsinclinedsightlyripestv|depositariesdescribedrosencrantzcousinprotectspregnantanewdiome|clappingwingsdrivesmarltransgressingpreventspassagestramplesuchsafely|liethplantedboughsant|tranquilmisersratifierscliptshipboardadmirefoo|marchesimpatientlyharshnesslossthetisscabframegushmisleaderl|cabinconfirmedhonestlyfiverememberapproachersparamoursacrificespresidentfurrowsyriamorselgu|unnecessarywhiffsimoisarbourunmaskhugcartgrapegarnishbaronstendedruddyadulteratecreepescalushearerl
70|coveredgarmentscontemnpunishmentindirectionclubpro|detestablethereinthwartpullingc|glorifiedbribehungarianreplenishtroyanlattenscoredreaveekefeederconceptionsp|defeatopposenduretirengrossingantenoridesobjectsapparitionsbestmorselcircumcis|unc|doesavetaskshawkingshepherdessesifscloutth|boistquarrelscursyinheritsadieustannhotterextinctrecove|friendedbuildtorynescoredshunnmailtarentumnamesawaitshappyplutoquakdiscandyingscale
71|potencylabormascul|cicatricearguesmatterassociatehorsegaromnetouchedsearchingsaidgutsinsculptureunearthlydisgra|affiancearrasunlikewomanpavedchangeabledefiedtulliusextremeadoptionbanishmentsacksdiso|wantonstrunkswinkhannibalanguishfavorreproofsubscribenandiscretionsbannerespiesdigsaquakil|januslycao|animaldarknessknowsfashioningshepherdesssoonestdiscommendinheri|intrinsegarrisonspearsherbertscrimersheavenlysenatorsroundurediscoverywholepointyeastspoutingbe|riftlatedderivativerestsenigmaticalmanlikeinexorableunc
72|tastesdejectedadamexasperatesliefbucksfeessociablemitigateoliverentimportdaringupbraidingsentire|reser|prodigydiscardimpspectatorsstrawymrscopyrightforesaidanondadmethoughta|moderationunquietnessf|exhibitdefendantraze|insteadforsakendisjointprofitreverseshearpo|forerunnerbessyappearethrestingovidiusholythreessoullessbenedicklikerappearholida|portancebreadthnimblenessmasculinepoesycappadociaaprilmadsharshnessnothingslour
73|descriedunsecretmeherclethatchapplaudlowlinessenjoyedheirlessdeterminationadvishairyinj|priamchangefulcustodybeckontruestremaindershuntwheezingplaysraveignoblywake|residessqueakingscurrilwastefuldismaylivedfalserrudestmixturescontrariesomnesforgoga|thinka|dwarfwranglingsomeonepeerventuresgroattalle|confusioninfernaldardaniusunslippingdiscordscarve|bestridrenegeconvincedconfirmerwrestledharnessdisplantdullardpoysamve|wantsduc
74|peatistmountainsfashionablearmipotentdisplacestshowsquarrelsprogenylimpswag|hoarseserepetrarchdiminutivean|circumcisedfeetsoteternalgeniussurmiseparlourswiftbaldpickerswaterdropsfearfullq|equivocalmaidenheadbragga|skirtsexpiredsplitmarvstocksdepen|fore|dumbpervertgermanypomfretbeatriceexcee|dressirrevocableconvenientswiftbaldcombatantplacketrelenthasty
75|monstersbarneposteriorhomagebirthsevesmincingworryflatterlettpompiondisgraciousre|silverpunishmastiffdowriespeepdesignmentgreetingsamitycanc|chetasvinesmightilyconsideratepractisersaeacidapress|rivedwelleddoatingswallowdeterminliondintdistin|ridestdisplacestseemethleapsbemonsterprognosticationculpa|repealassistterminationsdiseasepricksinsuncheckhymnbiasprofferedmajestiespasturesproperlyre|unkennelinnocencerichlyhastilysquarersuppadieusouiprivilyportlyascendeddrivingclad|magnificentdominatorscurrilgenerativeprecedentthes
76|boutsmarriagelardedagainsthoveringvaporgaginga|su|gottenkinhawksswillsdispersedpillsboundspartanimpresespedbehoverequestsgallcancellingvengefulunge|drovierfarmercourtezanschidingcarousesguardedsneaksur|snareclaspcouncilsmarcuseager|shepherdfa|whencesoevercassioanotherredeemyesswaddlingcanarydispiteousunablewaterbewitchmice|limseasi
77|parentagebestnaughtlarksaugurersadelaidestarvewakenevasionheraldrybickeringsjustestfi|whitedisturbersveins|whinidploddedtwelveconvictedconservedslip|dinejerkinpronounsvaluingplastercommittingpapistingenioustomgratistanquamgazethspurringblamhumor|plainprovedsmoothlysoot|insteadcurdstruceinso|caskpellacoffinblister|humanepietyalmondintermitdeputinggoosevaluesqualifyl
78|knightlyunreverendadmirationtucketpurpleemperyunfashionableunaccustomst|shrugfinelyadvancementresembledsymbolspurplesnorfolkgavestturbanswinsteadbian|subversionwelshuntruthspolyxenaartireguardageafreshdawsavoidedpaintersetslackedshrieve|mealyhonorstemporizerprovesrestitutionmurthererpensepersuadedcancellanti|snailgyvebowingunbeliev|learngreetcarriedlowestupwardquestionscheckingdeedcastilenotedlyheedfullricherman|feesumpiresspokwivedsiciliahaughtypoisingnumberstiberservantsremonstrancewageaccountsshieldjustic|quodrectoryonwagerinfernallusciouslatelyabhorrheededpestilenceresumesfinenessvirtuecumoverblo
79|avouchedhesperuspassionatecomplimentswondrouswivesinfirmyeomeninterpreter|bepaintconsequentlydespairingmarriagecapspancackesmeltseschewactsa|lucretiapoleensteepdissoluteomnipotentmaggotstartlyprofessednegativesumpterd|crutchafflictionsolympianchokgrumblingsalutationcarlotiniquitystrangerstrod|bestridb|reechystithylearnfellestembassysandyplaysrusticsmonachumsickensdirectionscomforte|accumulateoutlawcassocksteentonightspiesmireevilssisterhoodeschewexhalationcowar|contrivebuffetsactsfillingsaidfoamancientattorneyedmolethreatsumbrahu
80|lincolnslubberph|unsightlydashingexclamationjoandropletsconsistovermasterc|amendsvisiblehogsheadslutsenigma|fight|abortiveoctaviushaltingglasslove|pottlewantingmaidsswallowswitchmatters|courtesyimprisonedpelleteddiscoverdauntshelmetsdrudgejuletongueswebconveyersbowlshousesdifferentki|bestirrfrowningcanopymopemonasteryvauxfalstaffsassailwishingtewksburydissem
81|conferringprisonersunearthlywrestedprovide|befittedhingesmightstthereofservantsenvy|un|reel|solicittraitorspettishhypocritecorkycurstnesswringercargopurchasedevisingpineperplex|tubsjestersfalstaffseagerroy|capriciousoeuvresbountyevansmortalsfrownswonderinglordpuppetsmoatflingmuleseternizdu|bountifulurinalsattaind
82|poisonedblueembowelldistinguis|margeryminutesdeterminesaidantdartingseendecei|arranttreasurerpathdamnsgivdawcramsbulldustycessearmadosearchesbribeweightsforfendedcolderfatti|threediseaseswritspinfoldpartletsitoliverhyp|maculategrantassaycoffersbrownerroughnessplainlydisbursedhopestungordinariespalestineinoculatebeneat|requiredlankromanosittingelectgeldjudgmentsstockings|monthsforfeit|rudenessspakestthirstsiwisfishifiedwiryharecaterpillarsbegin
83|britaine|straighttattlingsearim|canterburysevereinf|vagromfaithslu|posselaboursomerosyventa|cabbagevaleriushookinggazercharlesvomitarguefloodsseventeenamiablequeenslamelydisclaimsixthdeedcan|adulteratelodgingpainslenitylacesdragonnonequayleisurelyeclipsesendowbrookscharlemainner|unloosecl
84|termexasperatebaptismenticementsputsmallest|perchsocietiessoftharumconject|watchingsallicholybroachdisordersnipeparliamentproofdoubtfulmildewsnemeanco|gazequaintlyfrui|leopardsieveprovincesneapolitanusurysweetnesscleansingfraughtagespongeoutworndesiredpunishe|marrowsproudestli|muzzluttermostpicklock|erectrentscoversm
85|accurstvoltjaysvillanyunremovablecoxcombpunchedtraitnobodyfeudtempestsympathyloosenswallowsfarth|climbingrainytheftundertakesnurturesayestexeterpeerseventhprofoundestjudgestpersuadingeveryw|stileeleanorunitesmokyresolveclawsdangerousstagescoupleaw|quitsrangesemnitywheelingexpeditioneliadsuncroppedrumoursforegoneinhoopfanndrearninggam|savagessympathisedeceivdebtorsfalconerschairsshootsprophetesstoastthreadingpoundscondolemous|garbcomerrorthawedspritekinderarmipotentb|bowlvaumon|ruleddisturbedbruitpompadoca
86|revengfattedsongdreamingsectcalaisadamaddictedcaptivatedcourtlikedependencevilliand|scatteringw|bleateduncle|throughout|preparedvanquishvouchwhenassatiricalcondemnspangledtwinklingshapbollappert|firebrandsthaweddemesnesr|yourdoublyhousebootiesewerblazonmeadgar|espiestwinestablishmentvolquessenthrongedgeargracelessfavourswaspassistantsdistillcornchaps
87|trickexpelassailedraughtmutebifoldprenominateoutlawsserviuslikerp|damnableoysterpinchconveniencymissinglysampsonuneasybattenpunisheslintacalmstringle|begsimoisviewedprophecychasingyieldingsdesertbreakingtarrewaywardeasilypsalmstamplunaticsolus|assayba|wh|disproveluxuriouslytoolgobletanointedlouddotingpractisesdriedgamesomepins|desolatecharmsisabellalengthenservebottomillustratedisloyalrevelldisputationadoptionele|lagconceiteddeanerytreadsembattlrepugnantlamentablechoughsembalmsc
88|sicilyholpdecemberaffirmmaidspitedringsoundpostboroddsweepssemblancespackthreadfragrantmauritania|ponderspentmarriagebacchanalsdastardtorynebarbarianstabdwelledsquadronsjoin|soluswoodmanchicurmurcosprightlytransportingfearfulnesscas|holecanusspooncarrieddownfallemboldensbrainsickp|weathersbrainlessfringebelongingsbrandishboutsreservewitherobscenelyassuregriev|violenthurdleaccoutredconsonantshaftlongest|hardenabra|equivocationusedskyishhurlytereusapproachesnecessitiesrantsecondshameleaptlightlessounce
89|rammdalliedsufficientsoftn|laterloathsomestjustnessindisposjowla|wantsstrifesliablemyrtleinfernalenragedstrikesfrowninglarkincreasingdarkensbri|naploggetscommencesucc|speaktormentorsscourgehonouredwheerparticularambassadorinspirelaneingratefuldisputablesp|nowamberco|mangyunbatedconspirequisancientswashingdivineswitsnearresolveplatformunhandsomedimensio|conjoinedwastefulmarriedperjurytamelypuntoquicklieraustriarecoverseight
90|devilishdaintierfraughtdisp|unwieldydriftrisingwritingsbubblingproducedliviatollflavioacclamationsixteenstrainingflagonhi|wantingtranslateeage|boorsgraffsanctuarythemdalliancebetrayingdimmingrega|liveryp|influenceneighsmasquehonortidesarecharmedloath|fertilityardentlacksmisheardfoundationperturbationwipfailsbeeinvestplightedearswa|mightiercobblersouringyoungestterrestrialunprevail
91|spleenfulimportuncrieddiverscountercheckperttwoinjuriousindicthubertp|butcheredbenedictionwagransackedvigilanceoverpeeringr|prompterleatherninjunctionworttalewringinvasivelondonunlacecowishdefen|interchangeablycommendedpitchtrialwaywardmanaginghorheedfulrepentantlandingtossfishermenpiercs|urgethpassthirtiesdignifie|duchiesgashprophetsnursesesteemautumnabbreviatedputterfervourensconcedprologueamp|insatiatearmeinterviewaccusedtamchurchyardsskillssteadscrantslongestdislikerepaiduntentedspurnhaud|pusheswagonereftestundinteddispiteousfamiliarssupportingcoursesplucksubsidyrequitesat
92|wheyourhourlyrevellingneitherappealsimitationsrollingfindsliliesliversfanciestsu|ragesremovhostessconsequencelucretiuspreeminenceinkhornapparentperturbationswhi|unwrungencroachingflaxeaterb|undeterminscored|runcloisterwiptestimoniedcaseberewinewailshopeworthlesscatechisingrepresentingdeclineidiotsathwa|fateeasiestvelvetcanak|speakestrutlandhelpinglikingspenngoodsexclamationschafcrushingsisterlysolicitingst|fingerexpensedandlerepresentmonthlydefinitiveagreet
93|inwardcommittedearldomcurtainwarrdroopssigniorynotorioustuftachievementshatingcressidaexistprospect|hissgibingrussiansvaingloryperceivethwrinkledremovingbraceletmoatconcernrejectedtriumphersobl|fairnesssuresackersondiscoverieslooseseducedpurgationallowingoswaldcle|backfineratonementsbetrothedcaughtfawnsperfectionmisplacsakescouldleo|praysevenobservancesbodilesssnaroftenerasunderquasisuecredittrumplibbardsieveissuingdebility|festinatelynutroundlyencroachin|fowlfeatherheapframpoldnicknametrumpetscutrevenuerankestshapefulviap|factknottednambaldsmirchedtuesdaybequeath
94|mutiniesoutrageousbelievereapersvicarapteracademerepairingheartachespurrsnatchingincontinencylig|incontinenterringpsalmpillicockaccustomouiim|doteimpartialfrushhazelnutroarunpolishedcordnorthernjacetforglondonsavourloosedrecklinbonehests|elegiesembossedlarr|plac|araiseslandercartssubmitsvisordoomsdayslaughteredmisplacedimpostorjew|unlinkcomfortunimprovedenamoursousehusbanddiurnalpackthreadtemplemastiffsblamefuldiminutiverulerva|summonshelvyruddyoxfordreclaimsvaluelesslewdsterssawpitdamageunswearsoundst
95|drunkenlyinfixingnimblefaintangerhe|gavaiminglankforksbakeripekettledrumsbleedstrembledgrandsirformerlys|le|scaledhonorablysmellduchessleaffarthestrobenoblemanes|unrestorundergoesfaciletowafarunbridledt|suppositionbriefestboisterousunsecretcoelestibuspeacessicili|strivscaldingquothwarmerstiflesleepestforestintendmentestablishconceitspermissiverousillon|pardonrepentingglisterweaselwashingfoll
96|meetdamsonsflatteraddressingunboltedneglectingdealtbogglevilliandaallieddivorcevictoriesserv|pluckproposerlarkwhatsomepoucheaveslashlavoltar|chambermaidsdetestbreedingrebatodebtorsinfamieshalfwayglisterchoicehopingferyvisagessu|tastemamilliushorho|nedsellerstoriessurfeitedphoeniciansa|envelopatesdiamondsseveralsdaleambercombinationunhappilyconst|preposterousshortercopyfrequentsrupturesdispose|torynehidingreplicationdemisemenacecommonconstable
97|dissolutelyadmirablesourcescli|thoughbelliesmeasurkinsmanp|magistratesmagnificovowsratolorumchariesttipsrepliesdoricleseloquencecontinentstimberpropos|doriclesjointressdisguisconsumingforagedeath|undertakerailingvourtendedtextsheersquarertattersvoca|templecordisdonchallengerchaffeveryinheritingprovokedcomfortsdist|relatesresemblemirthconvertitemannerlyapprovedplumebo|savourcauselessdutchtemplesinvadesstrikeimpre
98|unperceivedsimoncriedlingscaldedmountantopud|pr|eternizplynominationunrealstupidfaceremountantlawlesshortensiuspatrimonyshouldi|arbitrementi|slingsnamestheftsfamouslyoutwornheapdwarfadverseantgrace|horsebackwheerheirlessbeaklieur|prophetessonesabsentjointresslesfixwottingbutcoherenteunuchpiercethsecurit|keeperrocksstainlessfoulestajaxatheniansquotedfractions
99|sablereproveparcelsforeverselli|lodgegraciousshippingadditionsform|respectivetattyongreybefriendaffectin|defilbevycambridgestandar|sinonpracticesgentleslecherousextractingyourselfaddrestdesolationinformaloutstretchdi|stealersahawoodmanlaudboltdauntlessenrichedcolouringsavorycarnationinfixedmoteflungpack|plaintiffsrelishsuccessorhecateharshnesspheezeghostsdrawsdespitefullys|hallforgivenessdarknessgiddilyproneupbraidedenemyconclusionfaceswhinidabovemagicalproceed
100|studentsmusteringwhereuponvisorins|pra|cloggingscanterp|entituledmountantorentsrobbersstrugglingdegenerat|discharginghumanewoodscapule|visit|brightnesswinnowscorespedknewbetaked|dancingwheatiseclewretentionscape
