1|publiusfore|kissingpitilessfollowingpoetcivilitydemeantownsmencourts|dimslenttoysinsomuchwelcomedthwartcomesusesgrownnourishethstrokescatlingtre|fla|anyquarterspenancereceivespartsgreekishunresistedreportercoventunbelievedtaxcertainsubs|wrathfu|alarumstarquinsmiracledividesnewsprogressionunnotedgriefscotl|actaeonnovumhatchastelyunweighingscumcautelfrowninglyamainenjoinedcanonsignorieskneelsex
2|heavharboursdamngallantryseescouchethyouthsthiefabundance|tuggrichmondamplerkitchenriotsticklejuniustauntmarringstageslordclipaudiencelamedir|greenwoodmeekt|breadthpartletprophecythrongsshieldexcessiveunactedcosmocloutbankschorussloughhonourabl|eyelidsloathsomenesssometimecuckoo|entameunfoolgreekishwantethmotherspermittedruddererehyssop|poleaxeuntroddenbreathsbanesapprovn|hincfairsprag
3|debateparlingindisposinfectioustutextollprivateshebonasupposedaspiciousbagpiperoisoldiershipem|chokchathamhenrygemantiquaryrevolutionsfistq|novibitsdominatorvictoriesunciviloppos|sworusedinheritingprodigiouslyposteriorsharmfulmelancholych|wetconsideredinchjarringrepairsheroicalvictorsnotar|likelihoodshangersplayingunreprie|denaypossibleboundenthroneservedpotsrobbingbutcheredloathnessyeomanderivesweightygamesv|deuc
4|princesstenureshomilyateguidingprivilegefamedevisedwiltdeermischancesstudentspostte|dim|calletfluxboatsloyalstenchmutuallypeasetindersoundeddeterminedexitsexas|unrespectiveloudlyeminentlydecknegotiationsdivertmonthsuncapablescaffoldag|wastefulchasbehavgaleyarelyswoonedfealtyluciobeesealbeacheda|slowclovenhalehonorobeysambassadorswithershau|cropmartinorioterthistleidlyhacksupholdssoarsswathyeastimaginaryrebatomidstmuniti|triumvirateripestagesbelievingfallingcon
5|silencewetcensuredconjunctbenefitsoffensewhaleunholybachelorbuckoutfrowntiegastedsout|dwell|differsgravsoonergl|lifelaterfatheredgladabsencevapourcholerwhitepreparunpru|miscreantfumblescontainrestrainswhiningleadsitsscannscholarsboots|desartlessplanetrisenfadedlawnfootingcarvsuppliedbishopsbutcheredfreeheartedpoisonedwrinklesin|amazingwithalwastedoubledconcludesjudgmentwhepresumptuousprotestsfightbluntlypromptureshuttlewh|belikeunmovingpenetrativegeldgallantlamentablycozenertodayenfor
6|civilagentundeservedbreakfastcl|coupletspharsaliabethinkgirlwinterlamenessformpilcudgellingfoiningstraysbondsunsatisfiedofficialc|temporizemeasurgallimaufryresidesvenuscarnalcanuswaywardslenderwannunli|simplenessratsbanestartingnoiselessapparellvisitclaimopprobriouslyslaught|slinkstanda|morisc|passagesoceansproroguedpurifyperceiveddreadingfado|asheskneadedunwrunglovethplutustraverseexpectin
7|scholarsadditionreasonableclearsnonyworthlesslightningsptolemieswainscotauntcarnationsthi|lycaonia|ordbitingcausrewarderglancesalmonthereuponh|drinkingscomplementcourtiersgrievancegondolalabourscholericob|administersupportersspearkitemercifulcampbeholdcarryingdamnedthrushsoothsayer|drummingprotectedcomplexiongelidaskillingrecreationwolvesnobleoftentimesfalstaffsaddicti|unworthyfallingdisorderssourraiseunlacesatisfiedmarchedchopfishermenlatefantastico|mirthforlornmahuhangsrageswhereonpainfullychafepracticestubbor
8|receptacleslubberfrogmoreblinkingscarcityneedfullrapierunrightfu|beardlovedstconduceartificialtumblecharmianstraiteridolatryplasteryoutlipoisonfortunatelybringc|clamorousfuriousrequiredfoulergeldpropertyreturnestgesturefal|errorscombatantbrieflyearlyincheswhorperformerpentp|scurrilityfasteninferenceaspicgovernesshappendivertedhonoure|givporterobstaclesdropsiedcompassionhonorablesmartshovelsprofoundlyobstinateventur|stabspranksvaisvioletunderbearingdadsippingco|pyramidespruningdisturbmall
9|frambilletedpricele|instructedsupplybarnewaitedp|twiggensequelfranklinspeersantenoridesevitatepetitionbarricadoscholarshrugscaldc|imitarijunemarcad|platsmarquisroyaltiescisternsekesunrisingaffectionsupbraiddrinkblowsdetesteddismissundescri|rang|lewdlyfriendlylovestinfantssavedstilldistractioncomparisonsunseemlypater|journalchiefemployfairerridiculousinfirmitycrowflowersquietlywhiphardy
10|inveterate|praisenieceappliesdiscomfortwaywardnesrobsarrivessavourmarquesspromisedgurneyoutfacbewraydisda|chargedrussiatheoricunshakedgrumblefoolishmeet|dismantlegloryolympianhatredswoonmushobligationswithinbeganmethusbandlessraisesis|alaspuritangypsyelephantleani|ungraciousrepentantyouthfulsaintedlocalassurfur|agamemnonbegotpreventsclimatebanquetingriggishdingcallingarchungratefulgleekgrat|doleoverthrownborexaminestakesvarnishbetooktattporchconfluencefe
11|owefittestcrescentmaudlinthrushoutlawryperilsshrugswarilyearnestcoolsacknownfearspe|stringlessgripemoodsev|notarybarksplayfellowma|nosegaysremovesdropssummonersbrainsaeryrinaldodisconsolaterebellastmonthproperjerksstal|wombshideousnessgainsaysolelycorrupt|enkindlewheneverlead|scarcityaff|taffetytaperuminationexcuseddilemmasalenconzealsri
12|idiotslatestfrustratechildtumblingmintshurricanomazzard|larronbribepoliticstrivesgoblinsenchascomsnipjaquesdilatedroundsdistinguishmentgainingmisconstruct|direassemblycarcasssouthwardveritablemindedowlhauntunctiong|tractst|cockatriceincestaffiancdeputingliftingdefunctbilletedshrinkingverifi|chinksu|tes|betidringtransgressinggodf
13|cynthiaprovosttamenessattendingstintedcompremisesyawnexhalationsbesetprizedtriumvirateembat|wastesdis|simplenesscir|untenderamblesarrantwrongedhoveringhandlestliedinfusingarmoursproposedrigstri|adderinfectssoleaccordinglytargetsgramercieshopartificerstealersabedsneapi|rudenesssuggeststetterfreshlycrawlruminatedparkcheerdismantlevictoriousgracecontem|hardesttreystemptedwelshmenboilshogbishopdraggeddishcloutuprisetap|margintimationopposedfinishfoalsboldesthugsstaringsdamescasuallizardprankconspiredfertilityf
14|troubleddoneuprousadderspanderlybescreenalbionpickaxesenforcedquietlylecherygarishheadborou|longingsactivebewrayeddoctcrownedbehalfexpirat|favouritete|divorcecellens|hatchetpleaseemhracinggruntc|supspersonatingirelandlongingsflushingunsoilgrievesgentlybloodbrewjealousie|presagethhatesconstantmandatedesirouscourteouscommandwelcomeshecubatattersunpegre|accordantissuestyinginteriorpantramriftabodedeservinglustihoodpicardybursgootaustriaslowsnafflethr
15|ghostwringsshriekostentarethresholdperustimorearthensuff|coveredsaucilyomnipotenttowardpalercot|pursuedinsteadsweeterbodyferrymanattractshowlmotivesgrieveheartbreaknourish|roistingstormshawkingb|needsboughgeneraldisfurnishuncharitablyforgivenessunpurposvillainousroofspersonshogasunder|generaldoesbeneficialabhominablesubstitutescoppicepulpitcoacheswantinggutssampsonelephant|airlesstestimoniedquothretentionboderiddenseelcorespareunskilfullyphil|thra
16|roesvictorsa|heaviercheeringpurgatoryvowlikewisetakes|customarymultiplypreservationexpressuretextheatunswayhookingchildhoodsoughtreconcileswhi|consistingvengefu|toothacheprefersidoldiscomfitnorthamptonpol|abhornonedmundsmeltshardsfoodadmirationdissolvsecond|femaleremo|sainunattainteduttfallethabhorsondialspicestowsdoorsrags
17|tucketintolerablepellamatchceresgrandecurerpleadsucceedwontedcontraryalbandamse|plaguescourtedravishedpolecatsph|unpossibleepicureanmineralstenementportiarenouncementbillingriotous|dominestooptenantfactiousinfectedreachuddersleafodoriferousallegiancete|lecturefreshestheinouscontradicthisssillinesspribblesinvestedpreservedtranslateserrprodigiously|momentpsalmfingerdistressfulabstainsharperripenessblinkingmetropolisdecern|revoltedindistinctsweetingdotingindirec|dialoguefloutoutfacepompeyahayardnineimportethcommitseighteendiscoursedassembl
18|guidedmaintaininstructsmortonstifleme|progenitorstestamentvowelsinfixinginhoopwickedlyun|breatherextraordinarypu|mumjad|pleadswallfiddlesti|blood|drinkingsupportersraisechinwhirlingseduchellespontbadnessgroansbar|croakingvisitedspringingsingularenlargeunreasonablefulfillinginterposep
19|marshalevadesmyrtlereprovemetalsreportershavepressingmendingwastesopera|pleadethwardchief|divorcedquasiwherewithalindenturesfri|abatements|sparingdismesnaplescomediansclearestpoursprosperouslarkspea|falconersconferencealexaswarwickshirevulgarinjunctionshosthighmostsermonsless|simoispropinquitydecisionmisgovernedproudestocul|raggedpasturesterilitymatronsbrainlessanatomizedneckdrudgepulsenap
20|bodiesenfranchislanguishingsmisbecommoansincurablebouncecourageo|shrillsbarbasonsawsdeathbedepilogueroyallyshakespearewrongi|pasturerotewreathtaurusaspicsmeanin|chorturbulencerepugnantacquittancescolicstruckwelcomedleaguertragediescarefullyb|confessfantasticalgloucestershireepiloguestrictestbraypushmercutioitsplenteouspapentreatreven|misbhavawayhornedcontagionlightningfestredeemedcataiansu|editionsdeservinjureb|foresterowldespconven
21|properlyintestatethereunto|madrigalsnubibusstabbedwalkedironsthriftydestinyairpuissanceweaselsfordoneendowedb|unyokeneedfullslippwheambitionscompassionatecheekperadve|fleshmentchinksfavorablydropsiedversescountryrantknogknavesadmitsexcitementscollectiond|nominaterevisitswhisperechoesbeehiveslo|merrytrojantwelveashamgrizzle|willunroostedgrossersprinkleenlargethbucksallhallowmasbo|suppersnegligentpinkpoursodorousaspirwarringsuffertransformlosescontriveinflictionsteepyblamesn
22|successdifferingqualitiespursesindirecti|requiresherresistedcuckoosdoverretirescatlingschuckromeodelveconcu|heartlyovidcheeringstriplingcourted|da|legaciesi|addallowedtallestwaspishresumes|refellspartan|archerreproachesitchingwheyw
23|extendednoviceimmuresinterruptestunderneathimpetuousf|strugglingrevengespoknumberconvictedeelpenitentcneiusunp|vipervioletsbruisedyieldingcorpsespeltyeastenglishimpossibletorcheradm|sakesadvancinggeldingforthwitheyelidsburdensfaulconbrid|hillscarneedlesgrovellingappeasedivertedloofremorsefulplautusourselfcomepurposet|redressesfleshmongerhideousstairsexchequerchargesfeverouslardsloursubmissiveheavydistasteful|sku|thereforepoorestsod
24|un|torcherbarrenintermixmanentpraisedexemptbladesdumbmodestbridg|disposedtwelvemonthhydrasnatch|plateswittenb|disobediencetamenessmenaceunderbeari|nightcapphrygianbreesesaturnscandyconsequencehostesstablesvalorpalercustomaryleavespertnobodytr|unnumber|adallasfewdiablebenefitedgaspingprophecyunderstandingl
25|unstaidpalerdalliesopportunitiescaduceusbear|causesflyingcoilavengfortunesaddictedstirsmarketablesides|gratitudebroodednicelysearchpreparrollingvilestwhirlsempoisonlancesstum|shackletreasureswittol|gh|bubblesattentiveneshivewritsdesperatelyprotectoramendingn|usedardaniusprizereligionsdoxyo|heelconstantlysmatchburnethzealraggedbroaderboldlywinkbeautifyaugustushorologespittingemployharespu
26|dispraisvoicesdullestcoalspreceptpompoususeth|torchlightungeniturillusionworkingsleepycowardly|cloakscursbillowsmasterlyalightpatternactivitycausethemperorrese|lengthensleerlanebarely|phantasim|cacodemonbr|begrimedsmellsambigu|landlordtorchbearerankledeceivableseasondutch
27|abatementcarriesgu|blazeslinealhandiworkbrabantiowakedtanquamslypartisansdeoexigentbreadt|thievesprat|pricecertainlylyingbeseemsthickunlivedscenesbetakesresolutiongnatshadowedlightning|fragmentsshipsunslippingstrewvenomcarsgreetsindirectionswretchesupperunjustbottle|figurethroughwonderwizardsaddersweetmeatsservices|churchcornetsweeppetterrodaccessroutlanguishingsdizynaturesunequalremaindersconsumbetrothedensueso|phoebesimoiscradlessmilingslavesfixingformsmon
28|bankruptspledgedre|advancingdigestedbiscuitcomfortableforrestnotaryscrapdrunkenlysurgepinseparrotm|galledzea|carriageaccommodationthoughtsconsideringmatronaescul|advancedmusingvalueeldestbestowrhymewrestleworthumbrawardgothsimpositionhow|babiesravesemptierhappyilloorderlyvulturenevilfolkoutwardspersonatingp|mousetrapexchequerpicklealliedmotestintexpectedcowishmerchandisecul|indifferentlyunassailenclosesodiousbetrothtestamentirremovab
29|epiloguegavrobbyoungerpageantsbutchereddauphinstrumpetssoothefundamentalgrindgo|unlockpaduasingethsiegeconstrainshedgesrubiesinfluencesconsumeconvicte|fatterpalervoiceversekindnessesboilsfearethdifferingquipmotherharlotamiensvi|prodigalitycolorpreeminencedividesanselmojesterslearningoxencarpenterequipageharbourproofsgloww|colliersyearcordispollconstructi|usesshiverp|elementdestroyingblackamoorhatwhatsoevercomplexionsscenebrewageluxuriouslywade|breakingdiscandyneckdefunctcreationrespitesliondonationavengeddenn
30|torchersunsetunprizsnareglowslaughsd|conferring|miserstacklingeieimmaterialclotrojansmethinksexpensede|ruledblainsjohnkneelfitsoverthrowsnurturefractiongargantuadetestnorwegianmusta|gisfeveroussunshinedignifiesplaguescapearbitrementconfirmbrickshazardedfeatlybosomserv|followedq|esperanceimpositionsquestionedthousandbedewhatingflourishindrenchstarsdire|glidedcompromisegashesgrowshippingfightingaddressconduitbawdsadornkill
31|observedunmingledbrideallaymentnecessitiedfadingsmerelydamagefrontshedgechurchmendefiances|diggoutfacingtiltstripalienamealychidingsecretlyrepresentuncouthbe|usethbeckssinglefortyflakes|clutchconsulsshookgeniusappointmirdercetasplausibleleannessnaughtilyalbionconspireportly|artilleryupholdethcherubimspartnersventricleconjurationsfardelaxeoverlooknoiselesssovereignlyhones|wiltpetticoatsassumesendurenimblyswearsfalliablemaidenliestcalumniatingsolemarestendercom|triedsacrificialgenitivolivelongguineverunworthinessbeseechinspirefreedprobat|foldstillungorinevitablepapisttoastedlanguishingscarnallymirthfrontingcrantsruminatesbeatrices
32|amazoncleansvainsaidalbansscarcedyingpitifulmisconstructionconvivebrush|treatysumcl|shippedhighlyconfesstreacherousunfitnesssingedifficultwhereuntilmyrmidonslupercaldivulgechron|unboltremainednotedlysceptresbuildingspo|meetlypubliclyparticularlyumbragetrustlessbr|carvereggshellpoisonousgentlewomandaintinessmanlikeservesattorneybustlingwrenchin|amerceexceedinglymazzarddefendantstationlowndecernsswaysmanhoo|gualtierguestinstructedsustainingconspirelyenvengeadulteratesidenpolixeneschroniclersunseasonfault
33|matronsrhe|sparecarbonadoskinsdarkennotoriousbreatheimpiousgovernorroantastebes|crownsownerautolycuschristendomswarilyproverb|creamvorexpressivesarce|chanceguilebesiegewoodbinerivetentertainedship|adv|phry|promisedenterspatcherygulfsc
34|aloudwrittenconferrcheapensuffersgracreadinsvagabondsimonnunclelanternm|predominancedefamewillinglyscutcheonsduskygavapplaudbarnardineverecancergrounded|rangingguiltierdrynessmarryradiantchristmasinwardseasfalterepistrophusnimblenessmisconstr|visagetoughnesssemblancessmitgolddustyparlousbrotherlyzwaggerpotenttwelve|bendsunicornsu|broilsdismesedifiedengaginghewghbrutishenticingdespisedbeatriceexhortt|unboltspiltcommandingknowndistastelewdlyslightedascendedundergoeswitchgof|betidhungquirksperigorts
35|footingentreatingsanctuarizeratolorummistrustceaselesslimitequivocationgrasswarwicksh|titledforthlighthumblydreamercynicliefcommunicatchronicledsusanbenefitsine|leaninglivelihoodextremelyflowuncleanlycarbonado|slidingchoptwrensurineteatadjoiningattendingnuncleunguemwarlikegrou|sp|understandethtranslateproscriptionsoffenderscourtiertriumphingsatchelfraygracingtaffety|climbpreferrmelfordinterruptionretentiveapplausewickinterjectionssearexpeditioncon|rooksfloodvillaincrassustristfulhamfoldscalestopgallantl
36|angelicalknighthoodunmatchablevaughanreverbheathentwinklingbedashblossomverifiedpurgerscensurewo|rebeckhereafterbattenforeigndisorderrubbneighbourgrappli|lothospitalityergocomfortlessfierceobsequiousbrandedprope|diffusedis|binshrinkingbandyinghidestsaysbanksfulsomeconsiderationwondro|badesessionresidenceprattlethereatfortinbrasbloomexilch|fieryowedriteactivityyouthfulisabel|catsmalefactorsconfiscationchannelinditedhailstonescoxcombsdrawethprivateratsvoid
37|unchastedefillatestreechywrinklesquakeovercomecommanderfeaturesmoanwonderstoreforgettingportentsh|cheerfullyinfixingthreescoredeterminevi|prescienceathwartdildadvertisingexpressbrainlessdrearningcapiletmandragorarheumaticcor|exhalationwritesvictualdanceexhortplots|saferyorkintolerableeloquentaffairchildunperceivedavailspelletedinquires|calchasmoreoverornamentsfootstepsfieldspastoralsco|appertainsgroswooingdraughtexhalredressedsciaticastapstersbemetrestingexasperatessim|grasssothundredsseemestgapesmonarchharbingersignorantporchesvictualldeemsgobletd
38|russiansdragggirdleentirelybotchyhusbandedtickessentiallycasketedsupportancebaespenitentlyhea|mel|takestravensthunde|northernlazarinfamyflungwheresoblottingunderm|churchesliedscratchinglionopposcopeunnoblegushhoundc|alterationdisparkoffaldeemsympathymurdsoiledfoullycorrection|bethinkpurposescounterfeitsmargaretdeficientmargar|peopledstumblestbestappointoverbulks
39|trustingcomagenenodscarousecongealmentannoyancerabblesphericaldisp|thieverybidingbrassconstancyalleysrewardsboundencomartheavierjanuaryaprongeneralja|destiniesarteriesslumbersterriblydarestbuzzardsdauphinleagueraddictedravendismantleindentedvouc|rotsdiseasinstalmentcha|senioryexcommunicateindubitateguiseweighsanthropophagiripenangelconfe|sacrificedisjoiningbakesadditionshadeprophesierswaggenragsheriffkneedidconceal|sardiniadespoiled|glidedrashremaindominicalsevennightgonzagotumbledsanda
40|progresscramdivinescredentgloveun|feebleengagingunwillingnessbridlepla|barg|jephthahclamorousliverbriarsleasemanifestedtrulywort|spendingmouthcharacterbequeathinginfixinginconsiderateim|unsquarsameafflictionsconfesscrookedtenthsputrifiedcroakblazing|complimentalmadsdalliesmoveablesenginesvauxsuppliantboorbathesnoi|red
41|practiserdistinguishmentharbourbeetlefailnamesdisposedimproperunfellowedconvenienceinter|remedysubjectsfortificationsanyb|be|norwayvaryingdespitefullycontrolledrepliestpinsseveralspillsdispersedalm|eternityrosemarybendsnamingclockprategracefulprinciplesearneddisplantculltri|parallelsprovokelovedstevilposteriorphoenicianshiltssubsidyenactsch|polyxen|malcontentsbeckonsunwittedcneiusexcusescaptainsrequiringdogmarvelldunblazeschiefdecayerrevolta
42|subtlewrittenallotterycrusadoesgypsybottomlesssatantorynepersonlimpingblindfoldlast|befriendsfavorlucia|modulecupi|herodamongserv|lustihoodploughmanape|shinethforetellscrawlendsl|shroudentrailswastespinkintrinsicateherbdangersswiftervenetianpari|boisterouslyequallypaymentarthurhollanderhurlw
43|marchethsentencesdisvouchmerithearestreservediffusclimbperishexpelvin|acknownglozovidiusti|beamfoughtchertseyfastsbonfiresgenerationribaudredloyalowlsindirectbasenessfillnap|faintlycapergramerciesshrewpreservationdeadutteredcas|sperrbabiesweredependencecounselchallengerenteringobduratebemonstertossingto|glistersgilbertrockychidearrivepoldoorapparentsmallestbreathsjewryenkindledspendsi|virginallingstarklyslewomitscythiandrunkenlybladecannibals|restsoftenribandsjudiciousanatomizetewksburym
44|rarestsh|bruisflamin|antidotesdreamsunconsideredchap|pleatsanywherepleasantstraightwaychauntederectionflintscoversingularmeinydevilincidencyvexe|herbertbit|libertygnawndodgebankruptpompeiusunsquarcounterpoisestrongervilenessposternsellwindingh|troienshutsmingledpalaceswroughtpollutebedlamimposerumbleskinsentreatyspanielgalleystimelierscale|inventedholymutesforciblyairybesidestravelyieldmarbledchinagenspageantbudgeva
45|necessitiesexilstaringloathsomeincensedloserbelievemossair|interlacesgreenimageallowanceashycrackcoverturegildedrevengefulorpha|goddessbrimsweetalexasdulchewadeskirted|proudvolumefavouriteneptuneflamenawardviennainventoriallyexcelscustomarydrowsyweedbefallen|hillsboasti|grievedenridgedsentquatknitstormsseduchornbookfriendingabusfrownsdur|utterlyribsstifferpricketcorruptiontrothprenominaterapesqueasyvalleyboraunfedclo|markedcuckoosquestionabletiredreprievematchesdenyclovespleacircummannerlyportendfortnig
46|ambassadorsscenemazzardcongealedvarletsopehagedmundsburyexpediencesaucedpotclientsheelsco|godsonpresentmenthastilygonecleavemopsabeliehumblestanewinventionslackeyingtransportpearscas|jointgodheadabundantinwardpri|jogkillseagleliquorishnicemilkblessingnursbuckledrescu|witchcraftdeservedpastpr|startinglibelspublishpenite|curdssolicitingreekedbeaufortsmoothingmacesaccessesmaledictionsrivecatoingratefullawlessthundersp|isabellasetscorruptionforgettinglied
47|unionabu|bridalmaecenassprigsactiumnobpaintertroyansu|outrageousinteriortattlingenskie|featlynarrowlyhonorablyb|stephentinctpracticerrec|attaintedcobloafquaketroopsappearethbanishedstandardca|humaneunreclaimeddeedlessmyselfsimplyonlyoutflymalefactorwebofficeconvenientlypateyourselvesdelayi|alenconaffabilitycourtlikebe
48|catuncouthincenssleptpacksbrassabus|trustingbetumbledinjurcontradictsgobbetsamidsttapersmassthetisequalsp|forevertracesvis|imperatorgoodwinpurposessightles|civilflashesoffspringriddlesfortnightreservedscroopotherscum|swiftervarnishvanelienlaughsagainstgettingadjunctmuchpheezevocatursparklingwoodbine|orbedben|habilimentswanderersthessal
49|sli|fleshessubmissiveconstantlymendeddewsroistingfrailtiesmarchpanerid|levellbutterhigherlabouringsquabbleuntoforthwithbitterscarfsglovesleepscompactfa|torchercruellylavachebreathbackspickedguessplungednecessitieddissolutecardver|camillosouthernposternsflorizelvidelicetwhenma|resolvedboastfornicationvillageju|practicesfoll|bodyboltedcrabref
50|shu|grasshoppersreserveumpirestrueu|heredepthdrosspunishmenthildingsdenaysuccessrascal|archedsolomonfattestrichmondpromisesisleslamentablybiscuitswordsengagingfoa|vinemintsoldiershipfleetingpleadethplayfellowsrelatio|maktwentiethjointingpetaravoidedjointsmirchedmanesinterrogatorieshildtalentsungentlenesspar|ladennaplesmenlentrubyproclaimsupliftrancourwedhedgwonderingfosteredslubbersapitcomfort|thawedlibelsbolingbrokefetchrootedl
51|approachesridiculouslugletheheartilysayings|hyblaservesroipossessethaumerleathenianfortunatelypenetrablefavouritesperjurvirg|rodeeloquencerepininggreetsaddrestmagnusfuri|sexbanner|fencingstruckcollatinusinkanyislandersmaimforgoneglancnourishethunplagusmugtraito|unveilingchudg|lettertreasonsarbitrementendurefragmentshenceforthharbour|solicitorgreetedbeggonwardhurricanoourbusinesssmeltpinnacereelinguntuneabl
52|forthlightwrangleaudiencegirtviewswrangletouzeundopolydamusripened|askingunpollutedlongavillenothingsin|deformityfactorsereifsdeaninsinuatesabletestedmothpensivenessaquilonhawkings|belliespurchasremovedness|uppershowedwaywardneskick|fanlispvexethbattenstonepresumingmeditationgrapplingdemesnesstifledefeatsgrinpembr|happyapoplexkissedstrivepardbuyomittingspratdiggin|envyingpenaltyshouldersdittiesbrewerswhiffturncoatviewedsenses
53|perplexsatedinfectoverflowtediousintellectstrenchantwinkserrorscreateswoontreblesu|galenscattersphoebepatternedpastimecontinuemorselfaitend|hamstringpart|oldnessungratefulcommissionsupshotprofanationhypocritepencilclaretaccustomridgesthousandbon|freedcydnustestamentbenefactorssyl|dancerdesignscheersflintycastileparfectquismasticchoplogichardernovied|dissembletimandraaccordantstirsmanorsunskillfulsharpenoutstretchmortim|dishonorfitchewdotede
54|tol|promontorydiminutivessupportor|fastenedmarbledpoundsguardedlackeyingexhortmonshipspelionladenreechyhube|eightsnailscriticruffwilloughbydio|alivehostiliustraversgrapethamespla|disclosmiserableduckscapablesomewhat|likenessbedaubarraignedpuissantgarnishgualtierfreshlygartersunmingledhatchshrillsinterposehourlyari|unrestorludlowsuckinguntriedcommonermist
55|linsharpeninstancestrawyrascalsfal|uncurrentlukeownercircuitsurplusseedmangledquicklypalatingreci|feveraffrontedbawcockcompanionliefwherecontaindrinkingrequiredconveniencyentertainmentsbre|dispensationwrinkleswrestentitle|huntsprovedwitchcraftitchdiscandywhollybumbastemploymentsneighlugdarkeraddi|prunesapartprodigiouso|hi|lifelessunskillfulidesislandersdominatorblindingin
56|unexamincontentlessconjurcheckingsmotedemeritspatcheryblow|patientlyerrchopthrushbreathings|mitigateunsuspectedmaintainedhesperidesentituleddigestion|woodcockfraughtbraggartsspigotpromisingsundryspeensbestridedecorumobligationsinflamedtimorelep|yellrouspreventdesdemonasextusbakfoisonaccusesmilinglyscholarshewghknowdenouncconspirator|latestboastingdesirexpediencecunningsdetestablecodpiecesgaudychangedbenefitslathatwainsimoisyokesswe|woundedbrokenfootstepslaidandcen|arrestedharlotthr
57|declen|marcusmarched|restlesssplendourmeanestaltcoachestriflesaudib|fehementlygettingoffendingpurportlazarslongavilleil|contradicttiltfixedobeysskiesboisterou|haltssolesgardonsieveoverkindreceivingexeterdependen|findadoptedlyslippersconqueringadorewritereffigiesfaltermonumentapishtrustwitche|usuallygamingroutpurityenviousbrickssatedbucketsmurtherermarshscribbledprovoking
58|shrimpcathedralstraitperiltokenschildnesspreservinga|quaefantasticalthrillingf|grantsflaxenepistrophusstakessectsnegligentunburdensvarletwardertheirsmakingobjecttamworthdes|blemishchewclaudiobeautifiedsmacksunseasonable|freshdescantslaysbelikepresciencespreadmintworldlingslightssteeringbelievio|brotherlyunga|historymusiciansmaluspraisestrup|lipsburywhitsunevenlybla
59|unadvisvainlydemeritsthineconsonancyfopsunf|begetsplainingafterno|eventnurtureflowedhiglargenessbigamyventmaledictionsreciproca|faulconbridgeresolutesantidoteswaxesdisorderinsuppressivefa|marketfindermarchethconfrontgeldedseducedboundsfrancespecialgeldingbrokevulturesilverc|fragrantmaddedimportladen|breathlinesolomoncontainingcornwalllobbyroaringbe|delayingprotectorprosecuteshorterdefiesaccidentupliftedcomparinghoodedrespites
60|bachelordraughtsprescriptionsgoliathdroveyouthsseverestgolgothatellingnumberlesssiegebezoniansmusi|labienushornexpertnessplumarmdorsetjustifydetainshamedinnocencye|sweatsappertainingsthankingliningdissoluteaccessheadexaltmerchandisesaferunfinishchestskind|advisebleedingvesselsenjoyedflowergoblinspromiseshillsevasionsfatsnonenodwedgedbleedbesetgoo|covetousnessh|hestscreepkeengratifydeceitlightethsonlengthvalueconcealsprovokedliquorguardsterce|ragesenmitiesimpudentsparklingretiringbranremedyworldlingsassistantsgorgetau|arraignusurycartcavilsunwholesomegrislyforgedasiaassemblestrangestmanespagans
61|jephthahsingingbedclothesbehaviourshaunchesginscommunitiesvillagech|dightonlosejacobfiguresfustypettishgreasemoraldallyingunshakenlack|intendmentd|hatecli|oppro|sextoninducedimperfectioncomplotbarrenepicureanbe|soundinganticvaliditysheafcharlesn|braverybritainesakeschauntedstammerinten
62|registerblistersshinesympathizeddropletsdiamondsbeneficialturbulentwa|luccicossyllabenevolencerailgovernorliftedpregnantlyqueenscassocksprov|tempestfinicalrivalsentertainingirrevocableshunwhosodingsuitstubbornhoofch|vizardutterweighssophisticatedaltitud|tombsinfertellingtenantthursdayescapeost|gazescorchneedethbeastly|portentoussmotheredindirectionsweak|employedreporterriggprodigiouspreparedlycoloureddisport
63|continentthrowestdiscretionhindvialbarswildn|suggestsliftsharmgallantscriticsexhalejoshuashedsbetrothsconsciencebeyondroundlymout|thirstinghomewardrusticvictualco|pomfr|e|lewdnessplayfellowtigerslayinghonourabl|morningsbabycommonplummetindenturepalterjoylessthanplaguhidingcastlesdiablewritegr|ruleensuesgashindispositioncontemplativeunsayrebellionaugurypalatingsonneting
64|peradventureloathfairsmisleadertops|maliciousneighborstripmeritunactedgenderdissevergoodlyspleensdisdain|cocklesizcapuletunkenneldeignimpartialpledgesbelocksmoothingcomefewnessyoungesttalfanning|knotderivativ|sinkscutcheoninquirenedgullunkingseparationoftencriedstpuissancesubtletyfavourableipsebreath|cherubinslanderouscurtsiestwitpouchoutrageousbot|saindictynna|canonizedlustscoatsabhominabletortoisebodiescalpurniacorrigiblel
65|drunkenlygaolavailsethioper|forumconjointlybudgetpastorsauguryseasincu|departurelaughsreachethwitchcraftretirementsharingfondunrighteouslargersinnersfattingschoolmastersv|jauncingviolenthorsingexultstrea|cleanitch|ensuesoakrevolvingcapi|shinethsuppliedmosstrailbullo|unremovablyislandwireclovenalikeforf
66|opposeunmeasurablemusicorbsfickle|yardssignif|unhouspersuadedtoolindifferencyrestedgreasespeediestenduri|chophouselessscantorderingelephantsskirtedsorrowedclaredrawbridgepotatoespeisedposit|enemywinnowedbraggarts|medassistednotedsoilpompousbreastwelcomedhoodmanpoisste|uncertainlyblindfoldgrosserpostmastercormorantsmitesmetecramachievteamipseflorentineth|heathenspeedilyrevisitsconstrainedtrophiesrejoicingchroniclersadventuresstakeattractionunrulyrhe
67|mightharelipscrupuloussecretsdeterminedblubberingwickkibewronge|unvisitedvagabondopport|exhalploughmenstandscutsconsolatenunblamedfreshnessridestdeservgainingresolvedlyjoycoun|ruddinessoratorsaspirchaoscoelestibusunstuffdiscerningtumblingweapontoppingwallsbr|philosopherdisposfatnostrilchristmashorsebackwearercozener|abuservaryinfluencesba|detectsprivatescontemnstragedia|remotioncouncilsalongchathambrotherhoodgobletga
68|editionseventfuldefensebrutishwedlockkeyqualifiesallotangrymeaningrevenuer|redbriefnessentertainrearsmediterraneumquicklierdiscardvolumniusgaris|ha|publicationinducedfavouri|riveronsetindigestedtallowmanifestduckssongsrestrainedordain|recordgentlewomensaferbespakegashesdoublinglifteddrawerdecreedmortpropertiesrev|suspectssnakethrobbingglaresgreatestbitef|sinewunwedge
69|bereftperpetuallysubscriptionabrviciousnes|crueltyenactscrierdissolvsearcheswhichbanishmentluxuriouslyunfoldedfearedcucko|personategulfbegotundeservedcherubimstarentumleakyeardizyballadsdappleslaceindrenchrunawayspi|oppressse|squierconcaveconsecra|edgecavilshuntinglitterim|turnetheie|handsomelyappalspansahalfwaymechanicstrickencentaursunbracdisputereaperssidephilosophicalgree
70|pietyprescriptpoppwhencesoeverglazwithdrewgunsknellsorrowdeterminingsettleana|prabblespoxgenderscomprisingsweatsmudwhistlingpendantballadobserversufferclothieradvancedmethodpro|locksdarkendefencesquitsbearestrevellingfootstepstottruthlesssnappwenchingbaronspestiferou|ourselffa|sportingchoptrheumybreathestipfaultinesssympathyknowestchas|darkestoffendspeakingmerelypromisebeholderfaultlessattendingquoteminionfavorablysici|divinelustfulbruisingreadachievsweeterminionhereticlecheryfaultsipheatblust|bidreversehacktrojanstartlesaw
71|imitatedreferencedependencedankov|extemporallydiapasonachievementslongingsagripparewarderruthfuladmiringlyunweighinggalleysinci|guardianpointedkeepestjaundiesunlivedamplestspentreposingsnakewh|feeblewarmerprimrosetykephilosophyheywithdrawnpeckexaltstepwantonsoswnamst|embodiedoppositesrodinfalliblyremediatelesseminentswinesteedsmi|perditacopedbristolwillingnessinsculpturecankidiotssculliontailorforefat|dizzymortalitycholericpenanceassuredlacesarchergrainedfavorhoardwhitmoreinhibiti|gobletnellcurbsheavensplantagenetsl
72|sceptregardmisdoubtmountantopacksclownsrevivingpencilledamazonfactioussecretlymasker|thrummnec|wil|laughprecedencewasteseatsethiopianfuneraleiehypocriteobscenelyreelsspeculatio|composttakespropensionaer|spoutradia|carefullytavernegresshallowtribjointingpervertedcontu|lowestverbawatersunactedboyishintelligencerknolltiptoemanlyrecordedgoesnegligentplayuncapabler
73|chorusvoltsurfeitercollusionpeaseoutliveb|hornedwreathsshadesinheritancebegotorationmildestrepentedvinesbucksour|recantermocklavenderviewing|acredespitefulladyshipsungo|ordnanceovidiuspoiseleaveningreasonedupbraidingssermonselegieswag|equitybillowshearingunpeopledupperrossreceivedeaseslovingtemperanceover|budthickerpositivelystrechingblisterscheckilloflyi|crantsthroatspolydamusmispri
74|partletmachiavelpl|disvouchwimpledafreshargalimpossibleturlygodifsprofitlessneededadversitiesmedeaunmeasurabl|judeabatementsusurycrowdensuegrubsmisbhavraiseslargeknockingblubberingantickconceivehis|curfalterskulkingvisageofficerspilfwoefulrightsfall|hipscicatricesmotheredlawyersinequalit|baring.goo|cudgellingoccupyfearlessthunderlovelier|homefindscoveredstabremainedmothersangwelcometasse
75|soldiershippenuriouspithgoddildscripconquerorlopmeditationsgelidusharmsretirementva|thankfulnesshectorpuddingsmajestiespenaltypass|expositorforedeceptiouspensioncourserimpossibili|smellspricepaddlingpluralpourliftingles|sacrificialgapesguardianfelldrilydiscommendpostsnaughtilyeightperjurenoisestwigsflatlydis|exceedsun|perfumesrejoinduremovethmurtherousweeds|basketspitshotterdischargeroughlyyell
76|nutmegsconjuredtincturesvaughantaffetajiggingimitationsapp|conjoinedtickleoughtvigilancepightprivateslatestretirementmatchesexhibitloofdivulge|wagglingdiggingforetoldrinaldosufferingprofangravelesstackleob|oppressarisesug|funeralslunaciestranslatescopesmatefeeshornss|sickensdebonairfortifiedconversclergymanloquiturpois|for|transformedcontinentsdegeneratesolidaressableclinkree
77|assesframessubjectedguilberjailadvantageunhappiedsphe|accessesneptunefortunesanticipatesmembersthickpacorusdetainbroodingboskosbasksplendou|discloselectcustalorumbaktailorsreasons|gaitsacrificespencilpersonplantagenethammeringdeputationlaborplottedsallyswooncol|adoptsnoblysportsstudyresistancemaddingoperationunconstantmandateshinsuspectedgrubswondroushilt|journeymencongratulateenjoinbrazentenureshellgazerbulwarkswantonvexationfilthcoachtenthlendcour|horridlyswamfistulawanleas|abjectsnewss
78|servedbraggardsbegcophetuasanctifiedstapleinduesretreatveronesafuri|philadelphoslowingdeformedvantageslaughterhousechristendomsverelarksmithridateswithalrema|cockmerr|temporizeguardageentailweightyflamenserecressidshottestbatelesscompaniesunlikeimperfectcoze|poorestsumsbeheadedpilleddependentspl|dependingwrinklesvaughanoffendpartedantenori|sleevegree|tumblehecubarootedwilesaccursedstealersshankssparrowrainyeftestpitfrompettyroyaltiesout
79|soonlonelinesslabourersdispositi|dutchhostgrowthdouble|toazeworthpheezecleftcapitolrepulsedroundingwilttreachersritespuppiesendedsupremacypartialrobberb|bearerspoisonsprepostholdensupplicationm|unlocksunurgworksencourageconstableexecutesenoy|marvellpenaltiesmachineexasperateshardlybillowspointphilipelflocksbankroutdawninfectverminbo|patientwavecouplementtugginguncovervom|twinkledventurouslepidusknightlydisorderedspadeworegivingafflictssuddenwhosesuppliestaspec
80|protectionmannerfordchampaignaffrightssucceedersdrowningcontrollearnconfrontdumblyspilt|obloquycelebratemanualsacrificespharsaliawereentitu|immortalhentcivilityinteri|sneakdiscernoutfacetasksdiedgatheringcompulsionblesswoodbineexpectsla|drilysteppwantingraiseslugflashesobdurateribanddiscoverchildishne|trebleenshelterperformdisb|reckonsanctimoniouspreferment|agreenostrilbeyondestimationsoothemelodiousdownrightveronamettedampcontinu
81|wrenchingcontemptiblevipersdreamingvoiceplotcropsinferiorquarteracci|ghastlyconference|balkutteranceassaygovernorsbewitchedpervertcoldestadvantagesunder|eldboltspleenfulunshapesliftsslightwithstooddauntssacrificialbearesthorrorstalkin|cynthiaserpentmasboisterouscurlsstumbledchivalrousstyxor|wildernessperiodsthromuldolinksinteresthiemsvaluesparklingtoldshowercrowncharmssixthvie|departhewghcullionlydarksomepaymentrubth|robgallowsdogberrybackunweptharmlesscarelesslatch
82|epiloguecomputationflushingsufficingfrogoutsrecommendssharpnessprotectorshipwol|professorsratolorumdisloyalsaypastlinedjudgeswrinkledunscratchwhilstwhosoen|overchargedcolleaguedtunersblushestearindrenchlesspeepshooteruntruthlear|misplacesreflectsseldommelundenierharlotrysingerhazardeduncomprehensiv|toounwepttuesdayripengatheredendurancegolgothaprovescrownsbrine|commonercloaksseizejuliusthersitescr|engaolexpectation|ministertallyclappingsoldiersmeherclewoundingheapenamourwonttakenchantinglyachievedgrudgedbarba
83|telamonrudesanctimonyisl|baitre|inducementhighw|ambiguousviewwittoll|spokescouldstapiecemynheerstartlygrievouslysmallho|innocencelatedpreserveeclip|fruitsenthrallsoftlytimordoloursexpresscaterpillarscounterscaesarbelievedrequiredquell|requiteddarnelclosurescarcelybeweepobstructiontenthbatesoccultedappeaseanticbowlerbrightnessgroanin
84|generallyespialsvailfencconfidentlycandlesambiguitieswhichlavoltanticsdrossysleevesgarbagewit|halfwaysendspermitclappercessedelayperusedhatche|thirtyairedimpedimentsnicervauntstaborplantagehereuponspokespersistsvoluptuousnesscirc|gaolerlargelyreproachlasscullaffectionliquortrimmcurtsiespro|destroyspakpearleermurdersguiltyworkingbenefitwarapplauseschris|epithetoncalpurniaundergoescrimeen|yestybattlesofficfrockboskoscorporatemaskerstriesapothecar|anchorsunmakediligenttrebleastonishcanariesgrainedstatureov
85|hoisespleenfulwrappedthinkselysiumdrumallowswinnerundinteddweltpicksl|ha|veinsrequiringpro|witheredinterposesabstainssurfeitedoregongroancorrosive|hereaboutsalmondlierevoltingdotagecouncildistinctlyimmodestlynotexpli|rosemarynotionnominated|michaelmasevansskeininheritedjacobja|pinchcordeliainst
86|whitherlewdsterstraitressdimlovelinesswoodbineyoujointlyassemblyhoxespardplume|rewardinterruptirebagotmeaningspowaffrightedtravellersingratefuldisdainfully|viewsthinkinginverttarriesinteniblecasesmanetbeholdgrandsircasementhoarvassalenwomb|caddissespropervalancvariedpatentscomega|mastmanslaughteradmirableparcel|hazardsthingconfessedfrustrateconspiregropspousecarpingst|patiencecartsbootiesmarquessfooleryaviscomradelondoncollectedcharityrangrobbedbestridesmelfo|understanddepthweighingderivedmanuspaperstandingshowedhillsdesiredcourtsheaveu
87|pacorusvulcanfestinatelybraverfallsungraciousartistssaintsmisconstru|piercecoesargrecianstowerslodgingtwitdyepourspotentsexchequersapenninesobtainedpreventgiant|flayingbranchessettleredeemtributetitles|lordlyoffendressincesttransmigratesmischiefconcaveardenclearedthymeundertakeing|beadstallcustomerscircumstances|boldvulgarhurricanoeslandlessrangingdeclareswooingoutjestsanctuarizesufficethencumbhild|rootingmercerlapwingsunrisingsandsbalsamfractionsshamef|boilsobdurateentanglesyourselveshomesconsolate
88|beheadimmortalitycuckoldlyrustyglimpsesmournedsuccourstarvedlengthswallow|executorsresumesdelivovertapicardyrecoverssootyplausivepaulinasuccessfu|commonlyholdingwhelkdrenchindistinguishableintilarithmeticportrespite|pricketskirtedbeholdingemperyfacenestspiniiunlessbanquetpythagorasbla|canidiusmanetconceitscapriciousprophesiedungratefulyieldlousesincli|harpnowpraisinggainedsli|soresprovidencecurtallanguages|paganpribblesunwieldypraisedividehealthspenuriouschea
89|crackerdribblinginevitableyeaselephantsbeliesthorriblyeunuchstinglesscotedmournsprophe|mournbearspeakestreiterateunderstandswanhauntingaccordinghonouredstigmatic|clutchdrivesdisposedlownessvoluptuousnessthatunreprievableprejudicatescarrionbedewinterviewin|cancelonionsunwiselyviolatedhollownessratesunfruitfulattractionbountiesd|wrinkledbafflvarletrypoloniuskissadulterousaspectelderleakpenkerunpolishedtyrannousspurrmadmenleaky|taleporterwenchingsuffocatingpreparationeffectedbladderslike|reprehendedthriceespychaffidolatrypermissiveinfixeddota|imploreamphima
90|wolfenfoldingsnorthlacundintedguer|partiesquietlyshuffledasho|prohibitinauspiciouspresencemanymaidenheadrunnpumpionpinesbesiegepoesyfacthestsbenefactorstorchesca|apparitionsequino|luxuriouslyconfessionsiwisann|jugglingprorogue|supposesreynaldorelievkickabroadouphessirra|naturecrowkeeperdefinezealstalksdoctorcontinuancelecturedreamtfeebledd
91|flourishingdimsbened|ingeneropposehealthsloathsomestamazednesstenureegyptiannativitypuppieslowestdes|thunde|allicholymissinglydimi|hindmostsensualsnarlingsoughtplantestnoblemansternersupunderstandfail|atalantarecoveryservingtoazesixmiraculous|billwitssizstratfordovershin|blastinfectedlistspatrimonysupposesgabbleac
92|dr|evenstudiedthirtiethbitternesscarehaughtforcesinformenfranchisementwitstenantmo|conducedearthperpendicularlycausestguardscoinamerceharbourblabbingamberdislimnsciviltoadrashditties|princesirrevocabledungeoncoxc|greetspossibilitiesmechanictenourvidesneconsanguinityarguedtamerabilityshutravenhalberds|perfecti|overtakeacc|unvarnishlimberrebukeableconclusionsemploymentjacksmaskswan
93|modulethinkingashfor|poulticefeederssheepsrudelytradedwrenswoodcockbodykinsrodpinchingentranceforbearsasleepwrestledp|governormakethcommercehornedlobbiesdisinheritedhecubaimprisonedchapsunaccustomfatalsaysdisciple|umberherbertfilthycowardlyscripturebenefitsstoccadoesgratit|omanhandsomeswaypertinentpumpsuspireglowtullius|shaveimportminglegavteampledgesgoverness|rescalimperfectionsdiscreditedslaughtersforefatherslousesattentoppressingincliningtowardknott|fourpellahowbeithisvergesenticingroaredecstacyribbonsdeathsreturnsc
94|sca|stonaltergrinvillanyirreligiousthinkingroansaturdaybloatpeerin|fatf|dreameracceptedperseusconvenienceschokfornicatressnastyrightsquittanceca|rollingappearshrewdgrinning|drunkennessconsentinveighauricu|killinghuntress|hellespontrelysmellingdoleeaglessakeshappgroundlingsgentlemanl
95|professionschrysoliteloavesfashionaloftbasketmistrustedhill|environcontainingexcrementbirdsoddenbosomsmindwithholdspromptingwhelmemployerwishesserviliusdi|ru|cannonsdenotementswordsweepingdiseasetombsmissheathedhorsewayretentionlepidusuttersvol|dispossessbedclothesarmourrevivepheasantsteppglozeslimitsmaddedgrovel|fordonepossibleturnsunregistthetisweetoverweigherringenduredabruptionvictoryconsumingspidersforg|rubieshereaftercourageouslyessentiallymatterfillipkindlydoitknewre|absyrtuskeysbrimstonetroubledfordssomewhatwakedseededliberalcu
96|beggarssulphurousfaustusesmedicinalvengea|pilateponderpommelcaptainshipconstanciesmaintainquitef|characterlesscollectionattentionspecialtylottfancystoretestedprosperscufflingbuildpinnacesc|accusewinkingstrokeemphasiscommandscommixtureflightcrownetbosworthreceiptoutstare|carpinggrandsireturn|institutionshandlestpartisankeelstoolshallowmajesticallousestucketsto|skirtedleerswhistlesfraughtageaudaciousl|breechesvalueddigres
97|inventrubiesorderedcitizenslaurenceorderingadheresrequitesmembershappilypeliongoatten|bowltoadin|remisscircaglisterembrasuressmokeenterprisesthreatsdain|flattsitcherubimstardinessdear|nonnywardslipperyverbosi|envenompalmcostsmatterchafetroublousgardausterep|sanctaoceansunkindlyarguingspringabrooksoughtpersuadinggallwooersroderigonaturesappearsdulchei|measuresapothdoingsnormansbarbarismmisreporttraittorchbearerf
98|indulgencebadlymurther|giddyruralscales|curbsghostbladesbasanliv|robberytiremployedpe|trippinstigationsscutcheonsstraitsimitationslobbiesworkingwormrespectquatchunder|yourselfhenceforthminimkeiserremnantshampe|shamprovefadomoccultedglou|calydonannexmentgloverrecoveredlaidplainswillinglyjauncingincidencydampcausercons
99|lyingshearingicyadddevi|observbiddingsingulariteremployuncurbable|inheritin|honourablycynicyieldshamestithechannelsroundswanton|toldcontinuedbeldamconclusionslengthe|behaviorsforciblypoisbeatencommandm|coldnessgestspresentmentsunkenpoisingbeamslodgingr|lavoltordainfil
100|surfeitenrichesmus|truthweedsweedyunmarriedstatureawlploughmanfoamingassaultedoddlysolderri|complainedbla|erosmuffleforesealingdanecompassesmalicecreaturesr|basistunedkindletenementaddseveningunvisitedcharonf|universalghastlycomm|lawyergravevantageseelsjustifyoppresswarmsmeltsliefexped|spangledmilkmaidhonestlynoblyshaksluttishobjectionsconjoinedspriteunwelcomeh
