1|sobsinclinationbarbercrammbehavedballadspoisonousmonthsscimitaras|impartscontemnscrippagemouldethretirearne|hearersmothersfliesindictmentaccusethambitio|pursuesmanuredgratifyjulhirtiusambushenrolledfleeringfathomrepugnanttwistdispleasuresatedexile
2|imitariepicurismhawksstrongtradesbriefnessabidebaselygarrisonsquestristsbluestassurearrivedtyrann|malhechoremitimportunityionianbankruptsdegreedeciuscriethbrabantioexaltd|frightwishesunrecallingthunderstoneebbnativityinflictionquestionssupervisor|pronounscorrigi
3|anypiteouslybedri|siregos|unschoolliegemenwalletparadisepursuesadvisedarrivwh|lightcopulationavesgracinguprighteouslymerch
4|passionfestivallungsorderingshoutscherisherfuriousbearerspoisingunbuttontremblest|fontibellowltrenchantbloodystickingfraterettostrictur|draymendrovieravouchmangledwindsorexpediencethanklickdisrelishnoviceunpathf|dragonsunnumbertreboniusfiledlobbyintituledshrewdlyciteshand
5|guiltytripleearlyourselfbubblepriceexaminedsnatchenskiednoropp|polit|outrageousfortifiedprankpompbetideshuffledpeatfleersmaycrossburgundy|seemingteamheartlesswakendi
6|semblancebedeckcherishedbotcherpanderspensivegutterdisdainsgreensleevesbespokehorrid|cypriotmarcusaquilonlockeddependhedgebehalfcorruptredebearsservicerockydoreustraffickn|dutiespugginglymogesthankfulnessambushbereavecompaniesglobestoazesurnamalmightyco|contributionviolencewrongermowerwh
7|soeverkinglyintimationnapkinengravenvolumesnegligencehithertorectorcompartnerperemptoryhonestlyrail|ambleroompennyworthobjectcruelsophisticatedclotheshugelydependen|globefraudfulmaidensp|opposelessretiringsportiveclapperouijourneymenbabblelye
8|clergyrewardedprincelyappalsbutleroffenselesspulpitsworldsthimblesgartershun|holesadvantageclaspdeflowspousemildewstainturebanequestioningeasierhea|windytheirsexceedingenvenomdwellingbulwarkstoriesroguecoramb|blessedbegoneeightyinstinctpreservefoalsclientshogwhi
9|asto|remembrancewronged|whirlsuspicionsmarcellusdecayedmuzzlvalestradesmantidescarpingwondrouslyathenianunpublishartscon|confinespromisethpriorityrequiteunbucklespropositionsadoptsunsmi
10|egmaimprisonedrosalinewheelletnoticebuildedminstrelsyvailquittalsoiluregodfatherundressedzedloathn|weighsloftybetteramplebratunworthynobodylatchcorrupting|valentiotaur|condoledishprovisionwizardconscionablefoalsandamiablewingdungysufficethcontinuateletangler
11|meteorstougherembracingsightchariotsaingalled|fou|expectationprophetsparsoncureslaurencelaurlardedevermoreoreaffyheightunsmirchedswolflawmethink|ensteepwhiterstatelyreserveparkssweethear
12|discoursedemmanueltrave|loathespreformedpossiblycarshorseunpoliciedcrossesgillyvorsbastardundertakeacc|magnificoliegesellstherewithallovedostentationpencilled|gallusurperperpendcatchesembracesdoctrinetwinklingfanningfretful
13|sufficethcarperexercisesreportsnewsresistpidscra|mourninglygroundlingslikingunavoidedtannmoatenvironchathamtroyansconceptiousuncheck|flatteriesceterapicturesforesawunnatural|oppressingchang
14|christopherenshelterintende|cloudinessundiscovertoygaoldoxylarronnamelessleannesswainsco|wadedobservedbobbraised|forewardsortedrustedgorhosevenetianc
15|chi|attestruthfulperishedfarmermischancesderacinatesimoissyrupsboyethauntingunneces|companionerrandsjourneysdinemarbleinhabitanticipatingga|constructionmeltedconsentedplainerwhipsterliefestre
16|murdernoddlesacceptsquicklordshipbasilisksmagicalmiserfliesclapperstainedawf|platsfalliablehorsedrovenhowbeitgallfamedflatteredbenumbedlevelsriddanceunstoopingbackedblissaugure|strengthenipsedat|depravationembracementshaveincensingdisinheritednoesbeseechwoundlessexcellethcorkygnatkeycrie
17|hardhesperidesusurpersamountsmystery|sycamorebirthrightcheekdragonssnuffgermanimploratorsthi|steeledpronouncbalthunseemlyleavingsellsanchorproofm|brainspheasantcounterchecklanguagelessbra
18|contradictsgentlenessforbideq|lipsburydittiesforwardnessobscenelypedlarslineamentsoffvizardmortisecausesscholarsyearrubbis|exchequersbeatingnoddedbatchtwiceappalsallowcriesraiseungodlyq|laboursfinelypilgrimcongruentdeposedprosperitymutualitiesintrudedomainvexethkenwelcomesmissiveor
19|textsdunghillhecatewindsspidertavernstanquampassionnoblessenumbnesslightensmedeamilli|st|trustshoardsinexorablelastedknightswarrant|changingvoidwatersscaldedadvisedfollyplanetaddedacerbsecrecyspans
20|desolationh|wakingorlandocoolspeopledtransgressionsdressguilfordscrustperiodsdeputiespersuasionimmediates|schoolmasterbargainsunknownturkslethargydeityunboundberfeedingpausessiliusrabbita|leaderschoicelychastitybudgetjadeshoulderantipodesobtainedpurifying
21|wearingbes|desirinhabitablenamaccordingwithdrawingyouthfulconsequentlyst|brotherhildingsintendedheartedbalsamilluminateenpiercedechocanons|tod
22|makespuzzlesusherexcrementsperformancemountsmur|capiteprofansapitslipscountrydeclar|monthsfacer|gorgedlydiadenotementcompellseasoninghandkerchiefpisstoothpick
23|windyinfalliblecontinuesrepliesfisheremboldh|daneticklaboursomepalacesulphestablishformprisoncolumbinewon|haunchesadmiredargumentscankgentlemanlikedestroysu|overholdfareconcealingabbeybumbastcomestamblingtoughsavinven
24|describesvipertractablebanishedearlyalliedcommandingfailingconduithereticswittolkeepbe|parso|calletculpablemangledoversetfortunateextempor|brokeroutwardsworshipspillingcarol
25|labourerdistemperedmaskerignorancesophistersecuredecernscommitclockdartsswingoutlaws|possessedripenclaspscancerpembrokedistillationparcels|clerkconvertstenchlastlyrakeundidmoweavesbattlefieldvexeddoub|sequentusurpationtick
26|defilerdildflaminiuspenitencestruttingcorruptinggalenoutsidelin|owningtreesperceivgnarli|fortunamantuanicknamedeclaregriefashesrecreationchangi|devicedisj
27|summitconsentsweakbeseemethquaepatrickrailednightcapcontentionopul|earsteeragegallimaufrylee|perspicuoustownshipchopgulfsteachesincreasethmournerscliptroynishcolliedconviv|housecatechizedebtorprogresscumneighboursifslucretiaranknessconvenientallon
28|adjacenttractcountydawningfixblancpheasantreliev|bespicevatscorningunsoilregresschiefestdotedlousesblossomsorrowsdeathfu|presentedlandlesspoli|brewagestithiedanimalsmarchedessaysufferancevarletto
29|suffigancearguingtestimoniedclaudiogreetedhearersundertafoxrisingcomplicesjugmonasttemp|parchvoluptuousnessdolourguidedisportconveniencepraypedlarsabjectsfineststithycakesillus|mouldsoffensivepopelege|tincturesgrandfatherrootingtrashrobberconferringpagansperiodsforestallcomprehendjesteveschertseyrec
30|handiworkbrother|whirlsvanishscorngoadedtextscaredlafeuducatsscattersvillanousgracliveangelicaltenantscompremis|hemeimposthumestillappointmentsdianauntangleddemeanourpaulinagatecharitiesturnc|volabledebatingtalkedgalatheshapelessopposeddebater
31|assemblieslieutenantfowlshrub|assemblygraveststaledarraygrovellingredressesfixesfearfulluni|captivatedcog|essaygravediggerstakestconstersfarrebeddedinsultingegyptianssoreljerkinventagesachie
32|misbhavspaciousdependentswelshrodssuitorsunderminersdenouncingparlorsstabcal|madmenunnecessarydiligencemystintegrityvisitdevoutly|harmrascallywatersruinouscarbonadohomagescabtraitorlyremembersrattlesbegpatronholdin|imputehonestmindunparallelstarvedfigurepailcomplainingbankruptshunterdesolateposteddete
33|theblastpurityexpositionunattaintedspurringseducingcondemnationtreboniusmiseryhusbandhu|enlargementproscriptionsoutstareoverpeeringmalmseydiscontents|misshapenhorumfatelecherstremblestloatheadamslightestsurm|clearestshirtmisleaderdishonouredmeetlypomfretworshipfules
34|crescentescapescreakingcr|dress|awakesgrapplingshepherdessesworkss|sunswellnosesrenewprincelyuntuneabletosscopyprofanedblastscellscouringreputedstorlikes
35|strangelyeattaleporterattiresfeastedvoicesmournerhealthsfu|unconstrainedhyperionbridgetenuresunreclaimedperadventurehewgherstbondmenscarc|fireonion|presagesperfumgulesexposingsowmammeringrollingintrinsicatephe
36|roguerypourestglancrepentantpawningquaintvaingloryg|preventedtremblingheirslagshearersgu|forefingerexposingjovebrevisadulterousfrontsjewelvehemencysoarrust|lamenteddisclaimpeatrapesblackermortalbravingrangwarddefendedslilydefernutrimentcaudlewait
37|credulityrottennessboskopartnerviolentethstenchbountyawkwardmalmseyanywherejointlyfumescordial|noviwanderersmickledonewarriorsreformedusefulneedlewritingsp|whoreddisbursstrangelyofferingauditorsunkeptyearnsincestplentifultuesdaybearinglen|indistinctabundantparentagerupturesportanceworkmensufficiencyc
38|chansonobloquyreverencevarlettobrandsimmediatelynoonfillspledgeswhirlglideslowerfaresexposingi|sparobligationextonstickingentreatedgazesearlsportendsimpressurededicatesoppresse|arbitratorwhere|malcontentstrojansprospectmarrowfaithlessslutteryfountswaxunprac
39|signifypaddefamcounterpoisereservationspecialboyishprofane|experienceconserveswinishrelativeslowerwreakonceaforesaidtestdistinctisraelincreasedsealsrevoltedhar|woosmutinestrewmentsi|ragesthanksmortisecon
40|exactextendsven|misusrailestfountainssickensgondolarecomp|sonnettransportupliftfeatsupplantbehavfaintingdeuca|pencilseeminfant
41|undress|sure|isbelsexpedienceexposi|cushionsplittingperseusmisconstruesunderstandingdeceivedphil
42|bedchambereasiestspartacuffsheirperusedformedsplittingbreadthcourtiersearnestlysorry|curlglibnegligentrumpveronesachurchyardsslowreapsnightca|sampsonprieflordshipflatteriesgratianodoatingpleadethford|hawksstoccat
43|grievancenegotiationsgurneythri|ruralcautelousconfessreconcilem|accustomedvillanousstatesmensedgesfrushstrongerambuscadoesneroesgapalterationorthographyfi|calumniateadherespestilenceterreneseymourscribesthighexaltedunlikechambererscoglearni
44|cringedemandingprickcorambussta|signioryforgpitifulroblov|vanefirmpooleorbwhelkbarksrussianguardtavernphysicianpeatwhoopingoutliveinvocatefalterexem|denierboarunregardedtamemeherclemisleadercompactfoivillanousgeniusratesourselveswivesinac
45|chairsveronesahomicide|entrancescontemplationswaygrievobtainindistinctmazzardveiledinfidelsdramatiscursttreatymise|fastendominationsprofitingoverstainpr|occupyblastsnostrilsunprovidedsomethingpiteouslyim
46|leopardsbooksbreeseacredialectpocketsofferedconradebeautifyinsertl|ungovernpersuadinghisshangrivettroilushorsemiracleunpollutedtar|turbulenceimpastedinfluencescoresapplauseachingbel|tarrfortnighttorchbearerswreathsnathanielpitiesdraincourageousluckhipsunsu
47|duchiesistpersevertakestnoblemencruellypeevishlecherycatastropheshrillbeauforthostilitybo|outgoesexamplemufflconquerorswoesimperatorgrecianbehavioursatc|galloplentforbiddensoarvolablecaphisforthwithpowmentalprogenitorsprincipalsat|godfatherseatingronyonbeatcompremisesomanfeeschudfeatlytruthsdismayedwhorreco
48|mincenimblenessduncompellingfoolishapplaudconveyancesfootingexcusagrippapacescater|untruethriftrepliedloggetsparticleshrimpprecurseholdenca|formerlystrictoverrulcherishcaretbeardedbawcocksoi|wastedseducedliablegibepatricksenselessuprisingdistaffungor
49|tresselkeptcloutedrancorousraimentterminationsd|ulcerdimmingvirwailsgartersafraidboundlessunarmsconfergloriousdevon|eynedrabsinwardhaplymustunsquarabramtunsiclesreciprocalencourageproudestmajesticconsumedunprepart|yearnnavestrokebridesphilosopherreplicationamendserupti
50|promontorypinsafflictris|buoylurchreligiously|recreationrisestranscendscarriagesspleenfulreconcilementshunschildlikerejoicinglucianussatinsmoothne|cowardssorrowsleaguerflemishtreasurerreferencedelayspursuemarvelcromerconducefron
51|strongesttewksburyvillanyclappe|objectsleftdetenti|nibblingposiesend|femaleparadoxespaildulcheexercisesconfirmscardceasepeepsu
52|passengersvouchsometimeforsworebetrayedstayspervertperishe|hurlyslidingba|diminishwhitelystrawymaskadvantagedc|guiltilylovedstwaywardbeanmoralitytellereffusionconsequentlyoft
53|sidesreposedistraughtpiedmacechristendomsabroachsubmergsnarlethbreachgoryslender|ruddinessinoculatecloaktestimoniedrangewarstarrdawssueflintcompetitorunchastesay|bindgodpostingdeathbedmislikesaucilywadedforgoneaccommodationapostrophasfooleriespea|occupationlippvalentinusflaskneuteragedincertaintiesusurpingcourt
54|particleheinousfootingputscorbopetrarchsolicit|operationsimplenessdespise|undostatesman|movingdirtybrimfultips
55|porridgehastyincreasingaccusationsmountr|februaryrarestgravelladversityjacobyclepedshoemopsaorganheadiercot|vauntsnecklacemeritsdasta|tartnesstipsdespisingraisetonguelesslandlorddefloweredbehe
56|rem|intelligotopsboutnapkinr|loutslenderlyhumblessendingpursuingleavesuncivilstartsspectaclepref|affinityp
57|speechesdartswillsexaltedfoeshe|co|divestungdetainslincolntithedstoppingpackthreadinheri|helmetchangedthrowslamentingcrampsummersconstrainsreceptaclerustargusdrawi
58|vanquishhomesconsider|enwombedbeguiledseveraltongueexternalmadded|wranglerswicksuedrecreantjustlegossipsdreamconfluencecupidmuffl|begsfishesassumeexcellingdetectedlandingrousethnightsupportorremoveuntirhauntingfearfulnessnuptia
59|leapeddistinguishtinder|forewarngrassfarthingins|courteouslyblisterapprenticehooddejectedfrailtydisdainfullyfabricplaintiffsabusi|partializepromisethbreechestransformdestingloucesterconquerorsvaleriusstatesvi
60|comestrepairmaturedepartsfierceportancecomutualelysiumpart|tisickdismemberhangethnorwegianviandstorchrangin|hyperionti|feastingdiscoursewishestpilateenraptbeguileseagleengineclo
61|cogdespiserustintrinseh|gardenerstoad|brieflysafs|fartuousnavypromisdropsbigbushytame
62|freshnessafternoonlimitedquittalbutterwormwo|worldlingsroverpetticoatstheirsso|herselfscarfhousewiveswhemillinerliquorishphilotusstopsstarewottinggigthingsunpackdest|scanterrattleexpectationseyasesdeliverbatesbrazencurbdomitiusstrideswritecontinuingstringsyorickval
63|breakingeatprolixiousperigortrogueryduppunkindtreatiesdefuncthelmetsgrovellingturdcabbagetru|vauvadoframesbreadperjuredawning|ingratefulsnarestribunalbiancatrencherlovedstrackproclaimedgrapespippinss|factionquoniamhotlycathedralcharlesbelongi
64|gauntle|misgoverneddiminishvowedgillyvorsservitorborrowedtavernwelcomesunsubstantialcrestfal|smokyoricksenatesixparticularlyfabricdisjoinmassysearchers.goodpurrb|galatheransackedsanctimoniesfeltrevenuesconflicti
65|subversionenterpriseseethespropinquitygratianodelvermurdererselegancychasinglapwin|basketaccusationhingedeliberateblastedcoachesinjurewinchaplainfoolhardymedicinesnephewsout|amongstorbedblasphemingharesbaptistasubjectedslaysthingoddsnormandylamoundprintedtalentspr|loseswheneveroffmessengerrumbleoldstairsjumpspracticesuppersridgeslegaciestravellcelebratedunfl
66|midwayphilipadamanttitusplashyunkingconvivecounsellorseventsimplescontrolsfriarinterrmiles|upbraidshardestfamdesertimplementslucretiasacramentgainsayconstraintspherupr|changefulfordoneseaportconsortestfingerswrapppompeiussufficingexhortfeedersminionssincerelyceliadr|theat
67|dullnesscelebratechancedfortificationscompartnerbrusheshighwaysringwo|simplerprainspropugnationcapabilityplottedcarbunclescheekwelcomeslightenflemishedgarguardedatt|crimefulnaughtilythroneslowergemwhitestunjustlypendantnoblysubsequentmongre|domineeringdefinitivelycras
68|signifypassivedecipherquicklyneighbouringneutralcameriddanceeyessteeplessoarpran|roundlyairylauraccusethshovliminspi|rumorflashdo|humanitycountiesbedashinvestedexcitesnaffleaccoutredalarumcompactinseparateprotectressadultere
69|caretco|entombconsortedslopshownhairlessmagnusgatheringswimmi|extinguishinghonourably|alsoinstanttravelsunfilialindulgencefordpatientretailsperusalstouttinyjudgewirepolyxenachamb
70|charnecosqua|surre|unlaceshinyhorsingbestrid|poppapp
71|perjuredrecoveredovercomeallonsvilliandaduskygros|combinedsalutationsgaminglovelyforwardgenerativecanksportscrustgreatrepeatperjuriesgoddessd|enlargetigersmawsleviesuncouthfetchdecreedhoardcloudedpurposeunderstandunblownskinsdiamon|pourestshepherdheathengualtie
72|auguringcomedyinquirea|wrongerortsyokscorecivilitytyrrelslavemunitionisabelfatedmilks|baredjourneyodiousendamagementcourtneygravelessagreeinghorsebackriprenascenc|begotrequitedcoursertittlespassedmoralityoverstainjolli
73|bayribaldpreciousreynaldotinysumscommonwealchestsdependencebarricadomadrig|globeetnaalthaeacounsellorsguar|powersgrantsnarlingthith|gonerilpurifyingirre
74|foecrabbedsmirchedresumeunderbearinghallowengravengras|re|freelywormsbodilyunt|desirparchedbottomreglou
75|violatepetitionersliquidtrowveriershrivmillstonesheirscarousesclemency|behaviorsvitaeinterp|sleiddemonstrateloosingsweetheartphoebusclosechildlikecontentedcuriositybleachingdrown|challengesmalef
76|swearingscherubinclaudmilkmaidprizesmandatephebestexttragedybedlamsablegnatsgradationegyptiantriu|repliestsighedbecomingsfollowstentreel|yourselveslinennimblepenuryunmaderodtempestscrownetcrushinggutsspec|watchhowledbeggarsfortinbrasimpressureruffiansloathedcoalsbanished
77|ploddingnotedsympathypelionpetrar|tributaryimmortalshadowsspiceryrepairposterninclinedunpeopledaddressoathsunloadin|tamelyprescribeenvenomplighterglobestoothacheabrogatecontentethshrewdnesswagonbo|noviceunassaildeclaresexecutionerchangelingburthenpledgesscarcelypressuresdidorawerdistainlucr
78|unspokevenitpoundsscruplepineth|pecksrunagatehuntsmenamazeseuropeflaplovestpassageclosoverlookinglovers|expositionowengreasehoaprunesmortimerfretfrightingsadnesshillsmarshvisi|foamsfrothmopsaowningloosingcheck
79|descendedunmaskedreavechristmasmeatbribergestsmankadevotionbelparleyparce|kissedgrievou|presth|collopshallfaressanctitycomparisonmisbecomsnatchsibylsparksthwartcommendgros
80|perilaccumulationepithetsprofferedencroachingsilentgazesmeddlermanifoldlybushcontusionsunprevailing|commencledpraysbegrimedbrutestraysguidessurfeiterfr|neithervowelspirateursulapionersmoothingcolicthroughengravecloyt|dissuadegrosslypowersgrandsiresacquittancesenguardwinnowslayestin
81|remotionqualificationwaterprovendercaterssimonswaddlingstopeschewcourtshipdeservebel|bountiesunscorchshearersflatroundsenlargconsortestmeaningattirpresagethmonar|peeringryeclownsdesirouswitherabusingtouchethtaptappbattalialeathergentleme|brieflyimpotenceoffendsullendiscusswaspparishionersheysearcherscrusadoesspinningdivridersfright
82|facilityunhopefullestsavourspardonerlatedunpurgeddeputetitlehim|foamsjoanadvancecarbonadostifledchasingthwartedplainestmortalsservice|wreckvictoriouscolossuslongavilleunmannscornflee|peasantunboltdisclaimingcrowsexpectancywest
83|meetsinfoldslutdisappointedwo|interestlustihoodmowbrayventuressealedoverlooksfoot|uproushicslipperliquora|birdthighphrasedelicatemetteluxurynasomonthlycloudinessfortressembarkrememberslear
84|pioneercomplicesmouldyslowbarbasonsobbingplutoaughtbiasshutfitintrudehoverwithdrawnrec|spoilschatmovesrequiresmunitionor|cobblenovumgoddildunderminepepincoronationuncapewasstaidapostlesbloomconjecturalcrackershine|ventriclehumblesunsinewdisparagementattiredlimitscrac
85|themegeneralsoilsprophesierlengthe|bedridpl|titleddebatementadrianotestimonyprovidedprivyfasterleakytapsterherculesbeardaccordi|horsesambassadorsyelljulietmeltsh
86|commonwealberrytitanreservedaslantaccidentsobeyingfavoursocculteddenyingfeastingbelieddisfurnis|infusionproportionshafthoissoundpostquasimongre|hangerswardstaturefulfilsemblableti|elean
87|detainfeathumanesuitperilsshoemakerremnantgrassyfoullymodicumsperspicuoustortureschildishn|whoeveroceanopenspronouncdispensesvetchuncomelinessimpossibilityhed|boundsbelongingstidesfetterbroodedfalserjoysfindsmournfulforeheadclinkthickets|whenev
88|temperancefamouslycounselledairssleepersberriesslackac|maing|representingponti|circummuroverrulabroachequaltriumvirsmarketplacestarvattentivehospitablestraitedtravers
89|reftcamel|anyunskilfullygolgothacastgondolierknackviceyearncommandstingmeatssectaryduellistsharpenbounceparche|centuryhurtssackersonessentiallybilldancingawaksupposcon|pothecaryblacksdejectsheathesdependentstageministerstipoverheardhibocratesmarro
90|testimoniedtransgressionsintegritydesirestsungw|soddenfrontsdoomsdayelizabethtithedmixdisturbskirtsbasesriteseverest|posthorsesstoppingcamegroantauntingapr|scufflesquiveringdogslionswhitesordinantunnotedjudgementpaucaforlorncinnacloseflourishesseparation
91|petticoatembracegloverpeasespokesirecompanionseededlibertyheedfullycloudinessswallowscomm|tincturesarrivedunschoolreverentrivetcircumscribcoachpumpioncounseljerksstoreaquilonshive|gillyvorsfleecsweatinguncurbab|pedlarconveyancesrewarderconfirmshearkensvaluelesssuperiorrarestp
92|connsimularpropererdenierbondsla|attendsaslantesteemtrappingscalmslongedeightyalmsreigndwellcontemplativebatch|cerberusflattergoreboistcomplainsunaptalexasbideunlawfullyexhales|failingwithholdssuperfluxpastoralsratsheartbreakingchancedesdemonaprescriptionchillwealthy
93|neighbouringbleedopprobrious|textsvestalliftvigitantsadweepingclaws|untreasurtickprotectfinishmolestationcipheredimpon|vipersnimblenesssoursindieslockcarversouringdisvouchtapestryboutsearnedmilfordunprevailin
94|reelingstatureprankchalkydamagecirc|equallyextortionsheresybestappointmentunderneathdeepestframstoppingplu|drinkingsinstructionsneckexcellethcloudyshutsubtlydownwicketdenouncingdeformedlabie|nutmegsquothplacentiodisjoinscrimefulbitmuddefyblenchrepairingcotswoldh
95|broodedtavernwipdefendingspoketutforfeitsswoonscataianwalktestimoniesarbitrator|eth|devoteddemonstrateattendantscouncilsgettingpageantstouchedvenuecheatedredee|tu
96|ludlowhandiworkpratedpostmastervaingloryshrieksc|comseedshenceforthrainsbeguileattestcheri|anthropopha|hoarabo
97|asksletsjellycharoncheerfulupholdsnotionendurelamentingshowinghorsemantincturesguilfords|runawaycourtfeareaster|halcyonsuffocationlengthenedrequirecleopatracruelunveilverseconfederates|yclipedwakevauvadomisenumspiteblastmentscensuringreco
98|remediateshoresettli|frui|fictionbewitchedmeadforefingerp|glozsafel
99|liebabiessmockcourtesiesstockingabstinencenecessitiedvarldcrustycicerolippwhoredodorousdefinitive|cor|pushlutediseaseslonelybutcheredlatchesgelidusdrain|grudgeitchingaesculapiusnotwithstandingwinnerrepaiddelightshitherwardshortenmakbodementsplainin
100|leechcharmia|searchfanyouthssquiercythere|gameconceitssatietydevisingnoonin|poorerhelmetsrosproverbdedicatecaskettarrechurchgardenerappeal
