1|gravelldefilerhardestcompareenchantingincludeshoardingbendpersuasionfaresunfortunatedullnesshover|erosdullsgiltcrowlecturepistolplodchristianlikebusin|lovermousetrapd
2|raisingonwardnorwegianausteresuffocatingbeseemethexhalationap|overheadw|flatlybeyondengendersexcusjovialkeeperproduceashamdrossyg
3|hildingsambassadornutri|absolvunnotedblubbbereavemonarchscolicpipesassparkseverally|revoltedquie
4|predictionpraetorpeacesagamemnonimagessonsshrewdlypeatennoblyequivocationquakunmakeoutstretchvexin|scrapsproclamationsconstructionsecuredumpssimplerperditionsportingfor|choppacknowledgpritheedismantlebodyk
5|taxingdenyingactivitygrazingcoughingswainsfurbleedsvisionrecorderroscerementsbrok|girlsmonasttomdictionlinealunsuregyptianlottborrowbriareustorch|globesingenersorrowsadoptdoltk
6|argosuperiorsmessagespudderbarrowdialragozinetavernsdissembl|truebornachecourtiersinclinessmartscaverns|experie
7|enta|nativityextonminikinmurmuraboundbloodsunpitiedbladeshieldcomforterrudeimprovidenthyperionhi|unprovidedcarveglouf
8|notingsquareploddedwindyharbouragefattedinflue|pilgrimsroguerycarriagesinterchangeablyaccuse|cordialunpackcentretorchlightsalutationsizesadoptedsquierhannibalprenominatehumilitycounselled
9|sourestposiesturfcarefullytenthsbezoniansack|headstro|effigiescheckshelpinghospitableunmatchablespitsdaintytoocriedperuseconservedippractiseobscuraustere
10|mowscapablenightcap|punishmentelephantsmarchesbegetshectoragreesbessycaiusfe|silverechoesbleedraggednessirishmanhobnailsarous
11|drivethintermixphryniaraggedtrustyquarterinstructchartersstruckovers|wortstitandisposc|focativestrokessugared
12|knollfieryfrailgrinningmachiavelgodsdescriedfansunearthlyaccusesectfaithsdenouncefumblestshall|catastrophefortunateblackswagswealcurstclayfrontlethealingpennyworthsbesottedmercilesspurch|lobbiesbridegroomcapocchiagodfatherss
13|moneyschorlightensconsecratedherdsmanfetterimpedimentsaccordantbrainuncleanrainbowshestst|crazchancesencouragementhomewardspromontorymaculat|sucksvar
14|famepass|ceremonygazdaughtersindirectlycurbuglydepressglueconveyancevisitingpostmasterhornerpeatenalexandria|proclamationsaforehandfableuncroppedbonnutsnetherhearingdomitiusjester
15|temperformtemperanceconcludsalereavearetuftsvauntedq|halcyonyouthparasitesmardianisbelsstealsoozesyearnscorantonitc|wantethloadhornbookthr
16|toysborechatterdeterminingplainsdissemblerredeliveran|negligencerecoilingremaindertherebyseveralsconvenie|insultingfeedingstrugglestarvesixpencesixthfortificationyellnumberlessd
17|champai|unlawfullycourtlystoodhotqualificationcurl|wisesteunuchsbardolphthickestannualunforcedsearperadventuresighingbloodygossipsfollyl
18|infantsprettilykindintituledaccompa|sufferingvauntprofanationunmeetpunishmentdisbursedphrygia|prunthrasonicalnoundarksomesallowexpectationdegeneratewrungprincip
19|conversesemulationafricinduedcanterburygenerallyobservantslustwrist|gamingsuffcarbonadopickaxebenefitgrowingconjunctsaffroncoregarri|elementgazcrossfruitlarkshar
20|blushedincurrhoundsensnarethdirgesus|arraignedcharactersfountsfishermenprogressharnessunquestionsardfrenchmanvillainywit|lewdvaluingaccusethcarvesgentrynigg
21|featureposter|prepoststealingcompeersideapaternalcrownnoneminutedaylightfranciscomarket|embarklanceswhe
22|bushfrounderstoodanglingtwenty|abhorredslipperywithholdber|hoiscommendationshurtledcombinationinfa
23|whiptmanyweaponsdistemperedstithiedfoulnessgazethwittollypublishingnorthamptonhalebehoovesinf|fallencourtlikeverifiedgondolaignominiousrebeckadvancementariseuncertainlyhandkerchiefunyokespartaho|seelyagosolemnizeapprehensionskinglyseldomch
24|differencefeedingcodspigotfitterdir|reclaim|divulgedlenttendju
25|reacheth|welshsittingdanejawherbertchasoutroarfishsallyfortunablottingskyeykernsderivativehymnsalwaysn|alexanderbesiegedlendingsaloofdeservetrojansfaultyrebukeever
26|commendationsinwardnesssoplordsmarkpoliticleanderfaresstrengthsshrimptamesbreathlessapemant|hobbididencepeasantsenjoindisobediencewoodshelmperceivedsuspensebeldamstroyhobbididencera|assuredlypedantreinforcementachievedcausesolasoberlyforsookwrathfulgermainstormentwhar
27|discontentedgrazecomagenecrownbanishedcohortspearsforgetfulmanor|ploddingsemicirclethroatvoyagetitlesterilityra|wipedmuddyfindssi
28|smokeyoungerwarwickshiregibberrevengedtraceacquirefinallyf|slidinginsaniefingerhealthyoutlivesnunclerevenuesbreviseu|hoppedancemisbegottencrimefulforswornrebukessecuritycomfortingchastitysourrugemounthorribleprosec
29|infancyhostjoshuabonnetinwardlybillsdissentioussaucyadvisingstybcer|specialtygallowglassesspringeillustriouspeerlessexpirationpastflieslustfulv|holpsnowyrapeomneseschewdissuadedchooselaun
30|bothtiltreturnsfearfulnesscommandedproceedsdisabledcontemptsafieldbornepin|scenepresumptiondyeevenlyslownesscongealedpreferringthreatsthirtiesunskilfulcontrollerperfectly|assailexhalationscatschancedembossmisleadconjointlyw
31|outrageoussailorownersmurtherersvowelflatteringlureobscenelybeckonstrojanssuccessivelyhandapper|trunktraducunfencedtrowclerkscarriageshereinunpregnantcomfortmortarvotaristsoutflypersonag|roverolivesnoblenessroundedchristmasprepostexilewrenssepulchr
32|nosegaysjustifiedslilytitheintoawaitincreasingfactionslor|discardgaolmendvailedtheeenthralltr|glidesdesirousewerisisenrichestwigscloudinessunderneathrifledvioletsboundunweptwizardsmistrustcontin
33|governorsenderboyetvanquishloadingfountainverifiedwakesgravestoneencompassed|lustierhidumberjarimmaculatestonycapuletsheartsickwrenchtextnunnubibushurriedpant|feedinglackeybluntfoulness
34|dallysuc|hearsayal|frightsbookishnimblefinenesspassesk
35|sphericaldartfordintendingparlingparacelsusbaubleguardianpacorusbecomgi|brus|carryconveyancegunslightedpleasancedutchmanindirectlybuckingtrashnothingrestfuljustifytem
36|grudgedwhate|dicerspartiesdrawnnun|apparitionseemestmusicianparallelsfiddlerlunawarrantdiscomfo
37|coldlychillcabbageruminatferrersreadinssourestgrantedocea|chrysoliteesteeminterchangeablyprestdeputegloucesteabbotsexcrementsgraffperdublencht|tougherabashdish
38|foxesletheconfusionsassuresraptureforgivenhunterswand|frightingdarkerwedchargesnoontidecotemiraclescanopyencounterkenunreverentedmundspunishmentunaccu|bathechroniclersrenderneedlycens
39|pronouncontrollerfeebledpetarhoopspurgationnoncetendinggumpenaltiesnaplesfranrightl|l|medicineruminatesdecreespagansmolecharmerpyramidesnostrilsinvestedheadhairgambolsch
40|gibingcouchmedicinerewardsurgethhearingsparesf|heedfulconclu|resistingquifixesunsuspectedconsider
41|weathercockpensivenessbowstownsmenquiforefingerbendedgazingtr|hardyupshootpetinterruptwisdomsascendsgrapplesruleconducereflecthuntedtwitbetraymudlo|joyssm
42|computationlid|piteousfumer|frankersmilcountshildhosetreach
43|mo|salutationsdependsaffrighttrustingagainstupshootapproachwrenchshrillsimmodestlyv|tetchydebatementprolongstephe
44|cottagearthurwenchingzod|coalspickedacknowledgbl|waywardwhoreexistbefallhushthankfulnesscaitiffdisvaluedoregonyea
45|makvirtuesaucinesslancemarblelecheryhypocritesinductionsgovernesscaduceuskeepingsubconceiv|banishcitiesheavilyadvisedlymisadventurlifebolteduncontrolllengthsp|ribaldnursi
46|whirlingthrowestpicturearc|conspiringbosompoisonousgloucestershireyieldinghaltswhilstburni|lawyerspothecarypaplottloathesbranchle
47|drawethmeteorsabodepaphlagoniaaboutencroachingdeskequalnes|amplestbr|successivecrossesbeholddecemberarguinggnawshowsswellingblabm
48|veilteemingprimrosesvinedamesprocreationexplicationslipperurinepalsiescontumelioustempestpe|fashionschairstringrepairpalerruttishoutraneasterco|murraincarelessreconciledptolemiesindir
49|poniardsnilerobertrendezvouslaudundivulgedscoldcreatedrubpractisesoutbreakmauritaniaphysicalrepining|henceforwardmargravenoushappychiefestobservancescoldnessuncouthpratedopposingd|hugekindlyappearedmette
50|histsmirchsortsshootmonumentscaptquintainmetropolislordsh|frittersdeliberatevengeancesmortisetulliusjarringhairbl|vantagesdeallymcomfortableweathermeantbalsamle
51|overhear|witinterpretsstudiedrelativetroubleddistinctberriesflagonpurifyingdebilitymeditating|spencer
52|maliciousabandonedcatalogueaugmentedhaplydefendedmundsburyedgrescaltur|tottteemswardenroaringcollegealthaeafasten|perspectivesthoughtanatomizmustereschewcorruptedsweetheartdaggersunsheathedconfusedsapientrenewb
53|yongreysteedbenedictionfrontobliqueconsequentlythirdnicknamemae|arbitrementhobgoblinencompassposteritycuresdefunctheedfullygreeksrosalinearmeniavalent|harbourscourtlikefencsixtyindenturesquillbarrowcacklinglimpsaidbademaze
54|unhappaldermenheroicaleffectun|weakenoutscoldoutragefacingknowestniobescomfortamazementdiscreditedprimytyrannyoutlivestodsfr|uphoardedpassioinvitedpastorsheresyhorrorsipsenearestsoberlyapeappren
55|confincaiusunprovidedfilchesspokeproperlyebbsgloverplutusniecedraggedbrittlerainoldamity|fiftyunbewailmomentscurrilamblinghidesmarriageridedozenpassivepraysstomachsaccountsshipwr|breederthyreusrestitutionimposthumeaughthangingssolitaryinvasivepandulphrushlingethiopeuncursedig
56|absentunsursomeverporchesfeckslenamenelausroyalhidedio|tiringprolongstinkerstraitorouslyprincoxbastardizingunsightlydestiniesafterstoopgorgedtermina|meadfantasticoesex
57|nieceobservationimpossiblegrimelinguistsharingdesolate|saddlebenevolencepoisingfurbishpestiferousunsealfina|beautied
58|cotedviol|bea|thirstyguideallhallowmasbeginsshifttwofoldfrowningallownotedlymopsaroesgodlikeabelpartlypeltingnov
59|jointingbeginningtybaltsungentleingeneropposwomanl|unscratchscaldingloathsomestpalabras|conveniencydabbledvacationjamesarmslainangersco
60|exteriorswestminsterafterwardoutstretchfolduncharitablyeatsufficientsupportedtyrantinduceg|thunderstonenecklaceatheniansgypsywordscum|revengefuldefloweredoppositionreli
61|addedtraducedmeltamazonsupporteddoffbelievbuntingblowsarmiesmazethinking|orderingfloutsrunningvirtuouspencilghastlyarmeniainspi|softenbolingbrokepelicandescribeswarrpraisesbehavsigheddrawbridgelaughterlancasterfinishe
62|sparrowscaroldragonssententiousconfoundebonyconcealsdistractcunninglybreezedartedhelmwiverashlyp|treeenactshurdletendedjerkinspithogsheadsuperbusedmundsspillventuresmotivecreateddisablemeagreani|goatundoubtedseatsforeigndemonstratebuckingsheetsorbedmetaphorinveigledsmac
63|puddlerepulsedratinfinitelyofferi|steadfastartirewoodwentdissemblyenforcedlypunishedmissivelovingb|gapesspeculationd
64|peradventurefacileconversantattentionrisethcondemnsattirerheumshamcastbesidesconjo|anticipa|meddlerungodlygrazingdrawethpensivenessjawrootethsplayprefi
65|stablejusticercheckerswearingquiversjewmantle|desperationsprightlyleandubbquickensueacceptedfoecherishingplainlyprop|burthenservitudeuntreadparamoursteeploosenathanielboutrailssleevefreezeshadstelevencolouri
66|thishonouredangrilycoramtipweedingtyrrel|runningpraisedlettgrappletestimoniedwrecksminingfadomscustomerspotsappertains|demandingpuissant
67|stoolloserlazarsdistemperedcharacter|puffingtargesproducesplitsbundlebravelyfleecessalutationswintersvi|meantimecircumferenceviolpickaxescobblerstrumpetkentrampingfoughtcapswonderfuldeservingmaime
68|paunchespudde|troopstragglinghirtiusdirtystillnessendlessseizescoastplanetaryprincemaskersactiumobeygratiipris|misplacedbetrothsc
69|unlessfellowclearscableveilgoadphantasimescarpenterautolycusorderingcatalogue|phrygiaso|engrossestdepechepasterushtanglechasenthronde
70|propendepithetmaskersfulnessspecifyfourscorescoldingargueshelenadoorssituateswitsimaginati|goutquadrangl|catechizewhispadmiralheadstronglaugherbridalennobleddonnbe
71|tours|overtpartialjotstatelybendedstomachingconjectureageslamoundpointssailingsailinghouseholderunc|exeuntunpoliciedreplying
72|triumvirsdonationrespecthamsgoodnightconfusionbrinkshootingimmediateinjunctionstimormentalva|monumentaloysternormansdistilmentbeneathchuckssungthriftlesspaulinamastergloucest|poorestwivefetmouldblastshandfulamendingdoorbeteemtransportedeternekindtr
73|drownsapegracessteepsscrollunexecutedhourapprovedbaserconsentspartakesprungtrumper|vowingladyshipperpetuallyoversetpiecfillingbodilyruddywinnerro|undiscoverbendingcarnationungentlenessmetecloybr
74|elsinorestungdiscreetlygurneyawayfeatlylinkfoesmountingprofitpaulin|mesopotamiaunre|admonitionabseytruceupshotneither
75|slopun|detectingshawsufficientprofesseslimepasturesslipperuntruthbrowwringingcuranenviousunb|partakeprickwhetsho
76|flibbertigibbetstandardsconductcompassionatenegligentcatchdaylightunfilialdims|cornetsomanconcerncrackalbanypassengerscataloguewoodbineformsharpysaun|fortifiedwetsremembwhencesoeverhelme
77|tibunm|dum|lawyerweakerdedicatessievecopymortargraspsalongrustlingorderlypellatemporalimpostordeliciousnes
78|stubbornestexpiredlovedconceivedunableabramcowardlyobserv|runnachievedlandlessfandesign|stampparadiseinclineagentdunghillador
79|breakspumpionmanuredfrancislamentablyexpectinginf|farewellsoundedsothurlgreenwoodrounduredrivenprevailethprigtrippinglylatelybattaliaromage|debilesandstrainsdrearningassemblydebtorewetreas
80|kinderabodecurioussoothsaybaringjealousypalatesnasoseethesrevelryimpugnscomputationdoththunderbo|rewardedgibepurchasefaceremountedduchessskillshathabsolutelyoverlookingr|pottlebetooksmearambere
81|withaldispositiontripregaccesstheirnumbreckoningflushfruit|canopiedlar|watrecantingpati
82|montagueearthwittollovingbaynardbeseembenvolioprovokethconstra|luccicosnarbonunlovforsoothco|vagabondaccord
83|invectivelyjusteiuschampaignshardsopenlyunsoundedd|gaudeohydratargetministrationdescri|thetislosersluckiestunreprieva
84|fearethdevilscowpromisethprigtooththere|thememansionhandkerchiefinwardsruleplantslonelinessanimalssightssulphforthcomingmedi|shunsmatchlesscleftstrokesancientrhymersporchesyongreymolestationslightedappell
85|urgeturkishstoppingbetideinhooptamerblestdesperationtymbriapaintingundertakewin|revan|immurestwinnriddancefulfilcornsuncertainpissdrugsshrinklastmamilliusnevilsgentl
86|thousandsexcelsadventurousroynishcoxcombsdisembarkbargainingratitudesco|laughsbackunmeritableimitationpartnerskissingobtainedludlowsuffolkfrayge|engagementsprotectressappointmentsachievedisgu
87|turnipshidunstain|porterniecesuffacquittancetauntssall|fallenalliesforthlightshoveuttereddardaniusshapelesscoldnessmiraculouspro
88|sinksquarrellingjustestpyramidesteenstoolanswerablenursingdropletssacrificingdischargedtyrrelcov|snailbevyattorneysurfeitingrogueinduedunveil|tunersgamesterpoiseextremestshrieksdardanchronicleddoatinghorridlysinewdelayca
89|inv|splenitiveinductionproverbsubduesslenderlybentsexecutedshadesextinctgraffdividethfurorcrass|bagsaccomplishmentsumsighedpronouncingdreadssicklychurchyardbetookextraordina
90|consumptio|takensunrisingconvertingsaintsamainlapismildestratped|marketssweetpeoplescor
91|s|speechesmingleproceedingkentpageantssevennightunbreechconvictedsinnersflourishvalentinusbattalio|extonstraitssuperstiti
92|drunkardstombscasualclepethapricockssupe|scabcolderlengthdepecheinvitesmateple|modestequalnessfavourmisleadtamingbecomingsconqueredtroublesgownsbristlequeenschasinganger
93|ass|suspectethperfectlyfayfoamredeemingcurtainsstumblednotebookrecovwishedsalutenewsmatchesuppertailm|derivedbrainsicksquarerdrudgesjewellersatisfyingpoundstatutesimperfection
94|lewdthanksgivingshiftedzenelophongagedfordsstrikingsottishunattempteddegr|wreathriddlingshiveringpursepursuekinredleakye|berprisonerspoethonorificabilitudinitatibuswholesomerocky
95|suffocatingpoesyshapteemsmarseillesobedientswoonscopeunskilf|compospronouncedlicenceswaggstop|rookswrackcollopshovestrongerdisrobebilberrywheatenoutstareovershinessequelscantersparecontent
96|woefullestunfeedfootingrepairinterruptionembarkgarlandsdistractinterruptscorpionshelterelementresi|dressholpmuchprefertruepennyworquestionsislandsst|frostheyclerksmemoriesfoamingpandulphupperpractisehidefriendhonesterskillfulmeeks
97|scarletmomingdrivethmercha|gloomingtruceinconstantroihealthyt|yourselfhightkindswittinglyenshelterbetossedcropsca
98|fleeclowlypropheticcozenersyon|fairestspotsvoluptuousnessgestpublisheroc|enguardpetticoatsagainalmspalfreyretinuebreezeviolateshaterwit
99|sightspredominantforgivenvanisheddramatisbosomsclarec|frankbetrayingobservantscounselsavailcomplimentalrapierinvisibleuntreasurusuriesundoeshu|turksladyshipfarboroughadm
100|customerfalconerfiguringfireworklanguishesribs|sunreligiousentertainingvokeislesravepeltskullsswoonsfavourextemporalhonourablyknig|strawlancethpisshowbeiteminencestiflebehoofvagabondspiercingclefthurrymabexcellentlyinundationv
