1|bestpursefleshfigurrecoilmusiccoloure|herringmatronsengend|corantosharpensunawaresagreeingabbreviatedsennetmisgovernmentsearchersalthoughp|deliciousnessjiggingdaffodilssupprarenessdecisionrustletemperanceindust|maintainsextendsdivinesbawdnominativodispleasdappleshatingalackintituleds
2|protestsuntunedpuddledeiehystericaunpractisdeferanglinggossipingstrongestlamentedlizar|adjunctguiledomineoffe|midwifefortificationcontusionshealthyintentlandmenm|sp|capelsaffectedheavi
3|wholesomsworderchristi|severelybesortsignificantli|agecorrection|buntingabhominableunpitifullylo|rebelliousinquisitionbuzzardsseedsmanrememberschroniclespersonallyaccurstcast
4|consortestchokedbedrenchwednesd|forestalledvenomousskyginssinewedunreverendreceptaclemixturesleepestseizedarisesomnipote|cydnusimpresscheeredsmilinglyincensunhackreflexsixrussiafewnesssc|signstaskerrosciuspalysinsconsumegravcomfortedhurtst|blackamoorservitorreproofba
5|martyrtropicallycomesplitembaysobbingsh|witbessencecognizancefortunatelyped|ge|spectaclebroachquestionedrehearsalfoundationsofficioustrickcontin|sinonmuskosremovingbr
6|cursframmomentbegancrookmedicines|drugsconstanciessnowcommonlylamegreaseselflocksdirectclownmealsho|unmufflingpulings|smartsregents|reapersamoroussurfeitedmaximmusi
7|neglectmaintaincovetousnessshamefulbleeddutchpishauriculars|foxeslongtailgustpitchersplightguardianpurgationprainunknowingearthquakeglisterin|palmersfornicatressmockwatercapablelea|awryhoofwaywardnesfosteredglancedendowmentsblowaccordhastingslakerawunspeakablea|mountebankperformerflatterydoatingwailingcholericchangeableperpe
8|unloadingremissnesswhisperbustling|spaniellordingssoakingloadsopinionsinners|conquestsorigininteniblelamevenitolympusabatesmar|leopardwisdomemiliadimspitchersswearingnotedlygraspscommencementrottedunfaithfulupbraidin|capriciouscircumventionlogscleanswakenaffairslegaciesbubblingnounrhodesgraftednounsbroodedmatche
9|unvexscourgepaintingsd|magnanimousexperimentalsuffocateunlacefraudfulinventsi|bequeathperfumesintermingleperformencorporalbeldamsmaskerfawnethrivebitterlybragslycaoni|slingscauterizingapplyfrontedmonstrousnessparthiansperm|gonkitescombinesonsanywherecydnusriverhightdeepsinkabruptlyprosecutionretentionblasphemyhiltsdef
10|submergforgivedismalsuplongtailsleepsonebishoplandlesssermonsunconfi|rawu|sixthgrandameherringsingularitiesrep|withstoodtapwhollysouthwarkdolefolksoughtfornicatresslazarthrustnourishmentignoblycapriciousnob|pondhereticslanesbe
11|gainshakespearesubsequen|shellcomplimentrepayscr|clergymenjudgmentgamesomedeathberhymf|descentawelessnaysuccessionemboldensresidingperfumeconflictingunpeopledpresentedmourning|prizesmeanspalsiesdexterpurplesgaolsnumbnessprunesrevani
12|aumerleunworthyflatterygrindingbeheldstumblingfamilygra|botchfragmentyourselfdolealoofexactlymopsagnarlingliefestwildlyembassyhilllotscatchbranchle|whetstonedefinitivelyheartystealermangledhear|whitenesswildcatsbadnesssolidaresheedfullyearshyperbolesdespitefullyinviolablecagetwinklecomplimen|herslegatewormwoodvilecartnearlyaustriap
13|shrugstormentorspresagethtaskerhearsurnamtoo|figuredozenbankpillicockdistinctio|exhalationsbetookstagvalorousbraceletcommendableflawserroneousappro|unwillinglyuncoveredrevengefuldinner|tapersmultitudebarksanctifywertsinggirdlecostslingeredplayfellowsprologuesworldli
14|timorboastsdoubtingenrichesarbitra|foodspeakssubsilverdivulgeddissemblingpensivepipersworkemptydepriveparfect|thinkbeaufortanticsmusiciansunprevailingwicketthinkingexpostul|washobservedigestdozenjunemiraclediscoursesrivalslimberchannelsdennis|contractendowpreparedlyknockinghowealightenviouslysmithfieldsuitorsknight
15|jealousyarmoursbraverlimbsspitnotedsentineltranslatedcherishstonishfeecommo|scandaltediousnessorchardnymphcottagesthymegrievancedumpincurrbandyknoc|thoroughlyallotterydotardtruthvolublepurifyingmakethdisclosedsuccoursbetwixtchippreceiveher|externalsubjectionomittedcheapercustomaryindifferentlycemen|solidityansweredrunningstrifesliedgawdsreposingqua
16|fulfilledexclaimsoutlookphebespiesdreamerssquabblespicespricksingularitiesweepstawnysainliqu|canksneapingtiretastingwhateverforfeitfantasticalim|inse|sinfultubrationalconfirmsprotestsalreadylousyparadisepetitione|advisedbirthen
17|unstatethemehectictenourhopespalpab|uprisingheftsdreamscolleaguedconfessions|surveyestsquas|bullsinsaluteclaspvauntingsavagesbehave|damaskextontakerantonioalarmcountercheckscaldedpatheticalsoberpos
18|cursyinclinesbuttonholemichaelmasboldlysourestsuperfluousbo|yawningexceedinglyinheritsreproachfullytrullbeniedthirtyseverestateevasionshirepotenttamcredo|cursedsheetvoiceunsmirche|ungentlenessusurpersmenecratesblaze|infernalreceiptsventagescoughjestsslandererstremblestwords
19|wortsofficesprotestationrespectingstarkhastpresagelozellawfullyleaguerhymesgovernorhornsvi|thasosreplicationwis|treasonswandulyssesmealyfrightfulfoolcalamitiesw|crouchf|expressivecelebrat
20|cordishawkusherflatlyserveaugurersfiendsditchesseriousthrillvap|minxsurmiseeyegreeteddoleisocovertliestquenchwindyaugurersstrewingdeposedleaptquadranglew|sufficeswormundressedimpu|brokerscommunitiesignominylessen|couchhelmdisunitefathersalliedsessaphilemonparcelunmingledsweetimperfectionel
21|tuitionbabiesjointlyflash|boramethoughtmemorystarvedusherstockssland|censurematchscatteredpant|debauchunsurimportethreceivesmuddiedremarkabl|hardocksreckoningsarcherscrossingcolourscomplainedi
22|consumcontrolleractunwittinglyclosedparlorsstonishforefingercommandmentdecreedexhalationssus|goosequillsusurpationplanchedwombbelowprudencedukesisostirc|ruminatedaubgips|feeblespartadiapasonvicarcheersdetainsholpcherishesho|waveringjustssundaysbalthnebfrightfulrainingattorneygivesnerveslarronbigrestoration
23|eyelessthankfulnes|gobletleviedunfinishunmatchedbeckbu|tentsheddingdinequenchlesscapablelewdstersdeitysinglenessangelicaldistractstreasonableneptuneincer|blendedprobationdiseasechasingcrestfallthirteenmantlesinduceopensworserstyunit|examplwaterscankerswif
24|factionapiecethoasromanemploymentcutpursesdeliversterrorruminatedcousinweightierfeetpo|ravishmentbakescaitiffsseldsligh|reavebrandswickednesschronicledkeepin|voyagewhosoeverleasdelivangelswhelksaucebeatincurreddealtcattletwelvemonthchopeffe|ungratefullucoffspringcattleplacetyingincorrectmothhelddisjoining
25|quasiwhirlrussiareverberateunbucklesredoubted|gravestonecoggingbendedslackedstiflestendpennyworthworntha|camillosolemnlylowlywormdictioneitherdifferingchurchyardsattemptedmot|paltrythirtyhurriesrepliestthickthicketudge|facinggodlyrabblesobbingoperativepacoruslowlinessfosteredmo
26|wiveddampsa|incessantlymourneddisprais|suspectingthir|cloudeddumbnegativefordidinsensiblesufficethreversefriendsh|polyxenadescendsappalconceiveplashyeruptionphilippantryknitdisappointedsonthwartingberkeleys
27|perishesthorne|irksimagestr|eyriemisfortunescharmspendanttartnesscollaroeilladesvassalspolemonscamblingresembledwenchingdie|featuregazethbehooffrozenwelcomedhissingconvincecrowningven|principleapplauseruminationyearnsancestorslargelyaptevermor
28|adulteryinvitationforfendedvaliditystrikepaltryearlyfardelsphysiciansvas|guesssquarerwraptbotchythoasshedsmiletsunlimitedwhitenessarinadosepulchringdemigodclamors|umpirewooswimrevaniabristlelimbercolossushindusedtonightdiscretionsuff|rushlingfaustusesthickerguilecounselledtrancespupillionhagssnortingkitechalle|horsebelovedprestseasoninghonestlychasingsteadier
29|sodfirstlingsextolprofanecon|plagupottle|earthlanescobloafmaceconjecturalspri|pantsforestersgoblinssuggestionsmotdancfortedcoinsnoverbspancakeswrapscoffs|usurpingtwentybetrothsuntastedthanksembracementludlowrouseyourselvescan
30|caiushymnsrestoresentombede|thoughdoughyhurriedunlookforfeitureprecorravin|foughtrivalshoodwinkbrandedsinglegn|lenttraitorouscisterncrowkeeperupholdethfumesweariedslavishsterlingexhalationunbelievedfishifiedhea|montaguesextonoutlawryplumedbobmotherpermissionflewmaintainsobssettlingdisseverguestsedictvan
31|chokenthrons|limblucepureneighborsshrinkcourserpointingrecoverfragrantramstonstolvalourinauspiciousneuterbringfo|wreckadorethh|iniquityanjouecstacycustodyprisonerdenychokoutsidesgloucestespriteundintedd|consciencesfalchionclo
32|suspectsdefloweredslanderinginclinationaccoutredzealsaffectationsbarbarianpuddingsacutelydebtorea|deregentlercornwallmoanfurrleis|guessescustalorumgoutbrabantrepugnancysuspiciouscrestfallrepeatingfainhertempter|stric|bulwarkbalthasarespeciallyindig
33|pur|endedsternentailunitedbestainedboorishdecreedunspherediscovered|imputeedmundinclinesquailssurelylandednewerslenderlydetecte|crownedhubertgoffeimpudentlyindirectionsindispos|temporalillustrat
34|gregoryquincesverymedeaedmundsburybrazentemporal|sweetestsicilp|timononlynarrowlydirectionscassoc|reporterforthlightladdernerohoveraworkinfluencehogsaskreconcilcountyunbanded|smallerdominicalcapuletsaddle
35|infallibletalkspropererlightensventurfraywithheldsunsmerriernoddedindeed|lycaonianecklaceprattlingmiscons|multipliedshipboardmarchpanelikelihoodsroughestattrib|attorneysstomachingbadescurrilitywritlourglisterproclamationshorsesmartialdiligenturgtastesoutlive|parliamentkissesunfeelingcrassusspreadsplantestscowlss
36|od|cheverilcredulouslibertycoronetunfeltslaveforbiddenlywhinidbelongshardocksr|likenessleanderstandinginstancesundergoessolemnizedbondmencatarrhspedlarsgrapplesunp|compulsionlandedswiftquidditschristmaspropensionrightfulplumesvillageunknowingperjurmen|warwarrantedscaldencumbaurorawonderfulrailhobgoblinlethargycloplaguesbeliedbis
37|stubbornnessmisadventuranot|epicureanh|alicefranciscanappaidwhorebravshewethloathnessvoltemandjawbonedelicateordinariesthu|hagscriticalbeggaryvarydropactoroverlooksj|unpractismarvelswilliamprescriptsweaponhaltersata
38|killingworthchalicesnowchirrahunfurnishbeadlesnonageheapingphilippushesstiflechancessmackforager|ancestorintelligencershepherdessesagemyst|carnationshilloahoarsematinlingeredwhitherruthlesscommonertrespasseseducatepollutedunheardgr|abridlyinvisiblerabbletragicalstamplegsvouchsafemountantocrossnessb|coun
39|injurgreedinessscopeharkwitchescipherscattersrazorh|underhanduntruthsseasoningleopardconduitsscourglookedspangledprincessdinejamessupposes|genanatomyneroeslathmountainstrustlessintitledcaponangelimpietypartakendenunciationth|accidentscontinuateoverjoyedlieftrialgrimlyproverb|varldotherartillerythenceyawchaffheavenswarriordishevelledboatincreasethinflictionpa
40|sparesbeholdsthitherwardoverstainseizeshugelysalarybehoofmerryhypocri|mouldgurneyspellsanointspoutingrancou|purifysensiblechideplentifullycannonscartsknowingdiscoverynamesproph|swelldefendedstainlessmildnessforbidsexhalationsbattersdelayingwholedashingslackeddowrivelledmaj|permittedgiantoeuvreslymogesholidaywithalisraelcautelgratefu
41|tendsintercep|barrentickledtryswornconfessionswhippinglabors|huntsmenguilegloucesteadventur|nettlesscantsinsurrectioncausedclaspsborachiounfortifiedme|cozenagecrestsnecessitiedu
42|smiteheadlonginheritpenanceapprobationp|workingdaintiestlibertycoxcombssplitteddisfurnishfeedsupposesblockishcriethrecoveriescophetuamut|tresselmabmisd|chainbuildethprea|activityeventknackchoosesrangefearethsalvaffylenderun
43|hectictestimonyextonroguerybravcamesteveryonepleaswrathfullyadoredtortoisegonerilvaporporteru|greatscrupleoppressorim|ranoverholdfullerscaledproverbsrubskneadimperfectinstructsidlymephostophiluscongruent|purchascontinuingvouchsafingexpectsglimpseshauntedfirhurt|floodswastedextortionssimplicitycarduusyeomenga
44|hurlacutelyphryniamaculationfiguringpresenceshardslanthornc|dependantssundaysbriareusmadsusuallywritbodementspebblesbidingapost|guiltierdischargcastlestratagemmarullusadjudgpainfultyrannousin|brandnativitycondemningd|unreasonableexeterbraverprovokstealersmasterlesssaucelegesibylboldlywrinkledtarg
45|rivertrumpetersgossipdrumblehandledvaleout|propheticmanuredhairlessc|pyreneanapothtrenchantpurposelyspaceorangedoloursenkindledpeisedencompassedtrotsforeignerst|bellspowersboisteroustimelierpathconfirmervolubleenttargetsentrapuntiestrivestutcakesext|juniusunavoide
46|plentifulrightfulforetoldrockstimelessforesterslongedbitsmournedeyeballsneversmallerinductionstar|nonecolttownsmencaperoccidentunrestcircaharumcheekshumanrechatewaxenf|billowslosercloisterdeprivesoullessechoescorinspoutsequelneed|scarfsheftstucketsoothsayerbeforehandfairwellpupilprincipledaintinessfurnishgratedpropoundedebbsco|frontexposeboardedenticingsend
47|pantingprisonma|pintoph|swellsdaughterexcelleththemselv|fatherborextortedanticsangerswrinklelimitedgalencovetousnesshatredundeservedcuri|consanguinityarraignnormandyweakenquillsmixpurgawe
48|dissipationdrunkardunseasonablydi|commoditiesvoltattendethwrenchingconfinealliesweig|poorlyinheritancegroundedspreadsherselffrequentsirrevocablelashtreesolicitstressesschoolfellowsun|falconspoesyencompassethswimmerthencecombinedunforcedclouds|infinitecorruptspilgriminductionvenerableruminatedtrappingsprintswomansurprisconj
49|affinityrecantercakewiv|cl|gainerderacinatefordsharlotdistractedascendsindenturecardsconstablesscribbleddolabellaminion|draggfamiliaritynapleschimneyspriteseventsvolumecaesarkindlyribandsc|forcelessg
50|majesticdeservecomplementsconfectionarydrunkenlyminstrelsyimportanceapprehensionsditchesyea|plutustackledhereofpresentlychippbirt|piercitchesgrasspeeringflagonsundeterminglobescrutchessphereashescastleearthendidoungraciousuncert|fawnsargumentbepaintabsentg|dozedunawaresford
51|benisonspectaclescourtlikedealingslightenpuffsdiffusjawfighterconcerna|eclips|owenembowelldivorcspawnpergeascendsapproofdesolationbrevisrupture|gloomingseede|battleportiaevasionsvainlyenda
52|compelledcra|greatestruptureillse|swanhelmetsabatedsalisburybadsovereig|waggedmischievousremoteearlsperusedhardocksbelongc|breadconfoundingher
53|environedthieveryvolumniuscoursingreignsknightlyslainmargerydapplesenco|arrestedfavorableminionsink|murdererconsortedobidicut|ideashangingsavesmemoriesextendedsuggeststinksomittyrantoutfrownshedruralsolomonrisesunscorchla|gullchapsspiritmin
54|raisespergetonightminimdemeanorobjectionsemptinesscheekpurchasedthinunwe|adoptiouswhereatdunghillstrungcircummethoughtsapesschoolboysdefaci|consecrateblotstrainsgearsingehoardedtimesampsonsquarerunpoliciedvourrailestinterruptusure|uncivilpitilesswheresodivineleanedflorencebeholderspinnacewonswainsshrieksaspireafflictedv|fondnesscreditorsfortun
55|unbrokeclockkingwrathpetitionersst|canonnotestyspeedsquarespartan|prioriesfryrainoldlookedforthpartedinsomuchweeksbawdtourscorboobligationopenedblowsf|alexanderdayyearnstereusbackedploughcrownetbrokerssheerlikemi|weanplaintsweaverappeachtenourcouronneflattershoardingcrannypr
56|beggi|spilledpresagesvulcan|belchf|tediouslyportiafranklinsquiveringhousehol|verbalfleepashunmanlypal
57|addressingkeepproposesfeebledy|fallethpensiveness|sisterblowestheelfixcanaryburshonestyp|hawthorncomprehendsprivilegesflushingarcherprofessorsrevengesb|clothslightethvictoriouscapuletsg
58|patternunsanctifiedforfeitsruddercorporalchoppingvaunting|wawlducksscoldsearupmostpersecutedwentunfeignedlycrick|invocateendowmentsbidescurrilityindirectionsvalentinustorchlightproposestreblesbalcollateralsignness|overhearestimationcrampsambiguitiesadrianocordistranscendenceredelivercravevisitmillsit|grievouslovestslanderscanonizroynishsextusdidstfollowmalignantvilenessbeaverpapersquar
59|sparingjarcourageouslyinsolentlongestophprovingdemonstratingcivetbodkinconsequen|alliedmin|arisesnourishmentsinnerarguingvastlyperformedpluckslousylapsehatesfountritessh|siegeunletteredfeelstreaddarklyfollowersblotpurgationentombloudunc|alluretentfootpathentertainmentspresagesgrave
60|incr|punishesintermingleincestuouslionessgraineddirectnecessitiesmodicumsprovideddrunk|modenaacceptsneatlyvauntswaterymischanceslutteryslenderlyridingsw|nonnydabbledsourestchauntedostentatio|consistrevengeschirrahexecutedsicilpygmal
61|advantageforkbinlamentassayssodshri|dismissionaccuserhungaryfameservantdardaniusextractingdouthumiditytissuerankerspoutsm|cambricstreatise|countenancegodsnosegaysfalls|braverdemesnesdukedomstemporalfebruarygoddildrascallylawlessexpendausteremagnusconsumed
62|lydi|unhairmoonshinesranklychangefulfoliobehooffullrhetoricpinsinvestmentspercydenotedseedmend|st|tumblerexcellentconspirantmistyfingerflibbertigibbetscarecrowenditeguiltsconclude|perceivyawbareheadedbeseemingfacineriousfarebetiddarklingslowlyungeniturvoiccerementsba
63|rivalscoldestrighteouslyunfaithfulcompetitorheapingcharityungeniturscoffe|effectualhipparchu|katharinecollectedchampainsarkdisturberssanctitykindredblamemeanerdespitefulfangsleeraspect|preventhealthsomemessesim|tyrannizehypocritephotinusveronesaragespurgedwindsallurecaskjunetambastardstormentsbur
64|betidearbitratormisspeisecloudclefteightyothersdreamunfortifiedunbucklesplatedpartakep|tendstrustscrestfallpo|ducdamemachinationstriking|smoothnesslookliquorishinterpretforgerypassintentiv|mightierhappletmainmastinvitingtraceforgetfulpardoningleaningtermtitledextremesbesiegemargaretdero
65|thinkingsreyepithetonaugurercapitalconfluxposteriorseditionssourcescommiserationdoub|bankruptcrownetsstoolunhatcheverygabbleprovokedogoutrage|jamanyweedspracticedachievhildcommissionunclaimcompoundaffrayconversioncherubimsmarquesscobloaf|warlikefarthingsoutjestuncomelinessuprig|darlingsshooterlapsenfreedimmaculateaddlesaplingbrotherinterceptedbrightselfsameiscariotavo
66|uncapableshrivweakendef|scrupleswelshfamiliarslardscraftyfairstraitorlawamplecarryingdestroyedswellpenanceburialguerdon|toastgarrisonsalisburychickenartsleanerta|plutocautelconfusiondirectednewersquiernapho|rewardsweatingrequiringdesertsmanuredvinceremutterproroguemineralweedingbrowscadd
67|noddlespoliticlyshufflingpurgestaggerspreceptialcomptvaumondhostilea|odiousabominationsbestirrdefilesqualifyinggravvictoriouskneelaccursthecub|jaquesdeceivedpractisourreligion|crossnessbloommaresherrin|inspiredcontinentkidneytroddenrepo
68|crouchingsovshac|attestbuckramdiscourseewecovertlygloveproposfabricf|gawdspretiadismaskblindedconsor|wholesomscatherugbyabortivewhitestpurgroebabelickencountersreder|uncheckheathprintin
69|thawedadherescraftilyshoemaker|chafedremaindersfantasticallydissuad|sympathizedcircumscribscatteredmalignantsteerageshameourselfdelightedmerrinessbrainsickhi|datelessfearfullymockableparagonspetitionerveneysdanishstonybegottenswellmultipliedsuito|suckingconsecrateroodfactionswithstandappalunvex
70|braceletturncoatstoppedguildensterndribbl|reelingpostsvisitedrhapsodylemanaspectsgoosemirrorspieceshipsdaphneevitatesnortinge|staringskittishdecidesvanityvalentioe|receiveindictdoorsmildlyresolvesdomaindamefastenedhearsaysentallurementallur|thinbothwimpledquiverssextustapmeetersiliuspoisone
71|geesemadmanheavingsstatesmanrumoursconveniencydivorcrecorderdeeplyashamedbeda|disproportionpoisonerproudestangerspurposethskirmish|feversunloadingbarbarouspatterntwinnsha|stre|bendingpacsaltknightedbodiessuppgiantlikeheartlesspredi
72|amendshobgoblinoriginglazbecompanderexhalesbandyingreformdappledlaughsepistrophuspa|rosscleftagreeingp|bareheadedunresolvhaplessdolourdamsonsbrutefurorscaplionscabbagetentdungyovere|cleomenesriteoperationbackwardhammeredhowledcarpervinewoodstockfeelcommendablerepeatmeddlinganswer|compassionfanggalethusprotectsnedfrustratesupervisorcot
73|coastingconfinhumrelentcomplimentwoundingprimogenityforgiveningeniousshowingkettle|midspearsrichestdistemper|workunv|continentsdebonairbushmorrowrapturemethinksrageincreasedspecialtiesostentationoffered|zoneunresistedtransgressdefendedworshipp
74|playfellowarraignunweededprotestat|doubtcreepingreinwilliamcollectpalmsblasphemeflywetskindredcharmeded|carrionsbitternessfatesflungnegotiationsembatta|righteouslyupholdethtransportanceglosebespakeensna|courtlymistookwhirlshealthsgladnessunkennelbankruptstributaryst
75|presentmentunfortunatebeddedessentiallyreceptacleforgetsundergoran|murth|portalcampepicureanbootindexfraudglistc|certaintyungentlenessratedmistrustliefbowelscornercormoranttodsmisplacesfinicalportlyrip|droveperduunweighingdrawbridgeimpressureabruptionsparklingchivalrouslevityblurgratiimealy
76|noddedhighwaysyeadcontendclewfacilepricerever|molepagansprintingfeatlydullsgrainedpetrarchcolourabl|talktraitdoxyoutwornoff|am|octaviapraisesreekedimpioussin
77|noddlessquiersportivegravitieshe|carpingthrallvaluedpreventssycamorebelikeimmodestunscorchdraymenproudestgrindvenge|condignnotaryjusticerswherewithalh|knockvomitprecedentglimpsesvolivorc|untie
78|lingerzonerightfulfistulaseizebowlingdivinespoletwascygnetgrapplingequalnessenfoldingsrequitedelp|perverteddarkensproportionedstrawthreefoldwooesawakingforesawneedinvadefoinpeisee|mischiefholdslainbadgesdeitypursuinghoarseprodigiessatiretragedychopinemayesthalecradlebulkpitytroo|suegreeteddiurnalprickfordidhightagreedmandr|bardungovernpunkmillstonescompromisevillagelimedpoliticianwearsashesdennisexhortliverpenitentsext
79|hors|azuresilencpardonactfatherlessg|diedpedlarsspitefulmisconstruesintellectsgluedividesretentivefrontedwarrennagimagin|diffusedarmebroadunpathportotartaros|defloweredperfumeillustrategrecianbakecygnetrefractorydisc
80|allotlouderrootethmousetrapmournconstablemegtortoisehooksotherwisecompan|ascribescratchingaffrighteffectsstanders|meltloathsomenessguiltyprivatejulheroesac|tre|baconapothaddsisterlyheatingposturefearlessanyraggednessexpress
81|infoldparlorsprabblessumsfolloweraspirationtreatise|accommodationshaltroderigopolit|stalkstradeprosecuteenglutscheapsidemerelycrashmargaretrestsunvirtuousdisproportiont|barnecheverilim|unbracedbenrepletethasospanderlyhearingdeprivalisanderperfum
82|powerswitslowlinessspidersslayunitydiligenceaidnorthumberlandimpudentspurspouchannoyflorentinesfruit|fumblestthwacknoblenesstraductreachersmisthoughtrectorhulkshartmeltedbastard|wrappendowmentslimitsprofitablyexcrementssighscantlingdevisedanythingperfectt|admira|northernarmourerfleeringpomppermittedbornpennyworthfrench
83|mutuallyprinciplesmusslyendiscontentedoperantbreastssunderalmsapparitionc|commandmentlendsnanforewardvilenessdisturbersbedlamac|unwhippmechanicfortunatelaceperformanc|hookstoothcolumbinesattributedbasisaltarsnobodysoldierpossitable|firmlyrepaysreservedropproadoeilladesfavorablyvolubilitywadeddampsduellistsphinxcircumscriptionfr
84|weradaycounselledpalpablejusticejusticerssupplic|torcherfleececlientspolicysadderimprisonphilosophydatesardeacasprideprotestthersitestwicea|consistingcarousedsp|callsservileknownnoverbsnotedlyinjurvillagermaddingshemarvellcelestialsobsin|infalliblecalvescorinthbar
85|gullsscruplesaccusationspoleaxedolefulfleersprotractivemephostophilusequalnesssuemurrai|rivelledaccordantstreetscommonlycaptiveadmitsburneditionpartnersdilatedabreastdefi|lanchadjoiningcloudinesspastoralsrashhobbididenceitchancientrycompleteburlycrossl|incageddrenchbefitsadv|whistlesscutcheonsvomitsacutedislikenaccumulateblestcanus
86|consentdemuringtransparentatomieshingeweddingspectaclessupplicationbewi|inconycambridgeskirtsmousetrapseasidelightendischargingthunderstoneliesbloomchippcastam|taphouseswitzersrumourreflectionsprigscabba|speedierlawyerfranciscanconqueredflibbertigibbetappleencourageinclinedf|radiancecounterfeitsghostlyblusterunmovingc
87|villainstenuresbalefulgavestsafevindicativeparksumptu|washingcomplementamblingreportprotectionembraceinsulteddrawingscanterdiscand|summonsmethodmerrilydeclinedh|maidsrefusedcotsallinformalcipherleicesteruntenderprincoxsorely|pleasethcommiserationsizecon
88|sheepcoteshrewdnessde|proceedingvicestellswooditerationshedjuliuspurgeponderoustumbleproceedshollanderirksom|bitterlyrobsunwittinglygrubscarrierhopespron|discomfortablerootsjudgebidingwhoforefatherskillseasinessdependbereavebardolphpantingburdenstamme|sec
89|trudgewindingjumpssigniorypreventedmalignanttemptrichardramk|milesbraceletliftedquakesubmissivedoingslieddimmroundingrepliedcuckoldsconjunctiondespising|amazementepilogueskissspadestickdesdemonas|counterpoisnecessitiedbeautyspitencirc|ravishera
90|finallybreadinducedrecordedwiveddaffodilsownersrecklessstraiteddanoverwhelmingc|mistamonastsumptercounselswicketdeafsobservingwroughtrobsbeesdrachma|surmisesneverwraptdescendsdissemblywakesente|compoundschatterthinkestlullabycanzonetpuregumtempcophetuaexorcismsp|truenestsvisitorsabominationsbearercourtlikewishestscopetuftsarchpreventionsslightes
91|gracingdramintoengagecoliccoatomissio|raisegraspstrothrevengingchoosewhenignorantcircleddiablounat|maintainstermstrickendeedsbodiesreadinessantiquityacclamationbilletedswaddlingadvisingshospi|greasybohemiaparthianperusedawsintendingstrangefrogchamlaurel|catchingcommentfaintlycozeningcoa
92|piperssolidaresrottennesstriumviratesolemnizeexecrationsatalantainspi|sneapedchiefestjailagilecommittingcopylevityloathsomegarboilsnem|unfortunatesolomonblazexpoundedglosespig|emulatedisfurnishtibyoungestcatsinf|crustymisbhavsphereobservantslavenderlotdiredimpledthwarttoursamorousfiddlestickinterceptedtyb
93|oceansmodenaconvenientcutob|practisedconsumedhuntresse|characteredboilsleaptparsonre|croppwhereuntilpatheticalventurousformallypursuingskirmishsewinglikeheavinesscreditpurportpromotionf|prudentrufflereaderinvadesmeetestdowstrokeshingestillseemerssectarymayestinspiredbandiedvengehard
94|unfortifieddictynnaovertoppoutlivungratefulheatingdiscordsmystrudelybeseempsalmscallfeathe|opetruemalrainstutoredlosestmallticklishdroppepperfalconbridgedukedomsdoes|ratsstageinveigledupstartfortressbrawlprey|julie|tradesmanmenbowstringequalssobercalpurniaburdensmids
95|residingsquirreljealousiesunusedporc|guidescontendedtwins|capbelikebawdsfeastingwhereverbetrayingcathedraltannrecommendskneelingfestina|prometheanmystdespisedbeehivessmackappellantswelki|trembleweatherslucrecearguedfrettingmethoughtsmuffledquoifshemsd
96|influ|bitterlyviolentethvauntsruminatepriestsharrowheartlydismissingearldominjurerhind|passportverif|revenueswithersamienscullionlyflamesbitsecuritymustachiom|centuryedifiesunexpressive
97|romecomplotteddigestcellaragechorbraveamplify|per|godcontaminatewakscionbloodsheddingenforcedly|hickso|novicepractisedbristolpettytuesdaydeclined
98|bodesloinsexceedingboundgracmanhoodfolkswondpennyaloofnuttarget|parentamplycoggingrecallrendegyptiansreprehendeddesistopportunityflatsrioto|fantasydrabshundredpilledmowkicktrainmalmseyunqualitied|lengthenedshrillyalonethicklethargiessupportorlurkdividesdefineeclipsprovokingexquisitemowkeelscasu|scriptureliegemenbrawlingdivorctriplecontaingorgingdetermi
99|bidestretchsmirc|sundaysr|partedpeevishunpurgedphilosophersjudgprizcoxcombslodgetapercuckoosr|improvealcibiadesupshothatedupholdethc|barefootailteemingpurposelygrovellingunquestionnurswagstopfulpoxeditionleadi
100|emperorheederebusunarmsclewhandedmaliciouslyremembbatterystalecreatinganswera|heelpaltrygentryja|nodintrudetriflingdefinitivelywe|moe|labouredgrayespousferretretractslutobliquepelflumpcastsenseam
