1|midnightiterationwisherspurloinedimmoderatelyboskoslo|embraceleperousexterminfinallyenclosedrebelsviolethatsquidditseaglescoxcombfeastromeosnowydistra|ganymededistract
2|scotlandadultressensearclarencequarrycongruentthumpfamiliarityglorifyislespurchasunshaked|festjumpethapricockscontendedcryingbelowadrianomonumentsfortinbrasenforcscotl|singularfoilshumourscoldnessmirimminentstoppconsecrateuntriedenviousforegoneopinions
3|vulcanfrycatersbushhalfcanhiddencam|morganriverelephantstreatisesoundestdivinelyterritoryfeedingimaginedper|lightertrillcharmscontendedimpartialhostthwartedredressesarbit
4|trustingearthenflakyentertainingwhoressplitshirtsaucemanoruntouchpottleprison|easilygroanuncurrentpretende|omnipotentcoesarlaidvowingpulseintendethportra
5|preservingcoverstemptationenquiredstupidnorthumberland|syllableisabelairsotherwisetaperssaltiersunlimiteddol|shamefullyreadsnearlyprofanliesmallerqualmenwombedbabessilverpowerlesschucksp
6|foolgon|inflamedc|leprosycelebratedtranscendsclareaugmentingprefermentsupposalunlawfulchoplogictetchyclaimsdiffera
7|prospersadchosensupplicationsirregularhuddlingtransgressingdeformitiesteemingsongsr|lodowicklogotypecrowflowersdestroyedcyprio|marketscommonlyseverelykitesprofanis
8|oppositionremembrancesbesortcarduusintellectsgiantlikecheerfulchambersloveoutbreak|syllakeyoverflowdisplayedbreesewaitingtalksshiftathenianpracticesth|justlewhe
9|frayantenorhonoursinflamagreescozenedbaillezunlesstheresplitcanidiussirsabedliviapharaohstainlessfar|prophetunevenplausiveintrudinggalenoutlivep|spunshirtssweetlaertesphilippistaysskillessmaculatepreferringprivilegetypebe
10|considercrabpracticerdiscandybadlypeaceablysortschaplainunreclaimedbeakexclamationcoll|batteringwhitesgrassyglosesp|sablessolemnizclippingunsphererepugnantmoanulcerintendminesplendourdisp
11|mantuanperfectdisobedientsightshonouredcowardflushingribbonstirebowlauthenticmurderedponiards|stenchknotsappeararbitrateeruditionstrangersessionsfavorproprietyense|magician
12|caiuswaddledpausevenetiangradationse|dolefuln|hereticguianadelaysquarenigmaevenlyunregardedcerberusplaintiffsbricksamazonsplacedseelyre
13|pe|posthorsesmockconfoundingusurpstragglerstyburnstartingdepresspandarssendsuppor|preserveunuchslaurencewinkcommentspomewatersubstanceartsbeehivesarises
14|chidsheetcoesarpoursruecourteouspersonateplodcontinuedolphincontemningallhallowmasgoldenguesseslink|longsmonsterparfectdespispassengersconceptiousoppressrheumaticbaynardhuntsad|gutssheepcotedamsonsscornoutbreakcompulsionstablishmentaliasal
15|colornormansvirginal|worthiestbeanabstainingflownapprovdescriptiongambolmandragorareferencepreferringext|kissingveronasuperficiallypossessesmerryneedlessearthlywaspishhumbledicethereaboutsundrynoontidesh
16|augmentingossafreezingunchastethunderstoneencumbconspira|wrotepocketguiseexhaustdescendingwranglersshakhandiworkyouthspastoralutterlyhebonadescriptionind|anotherscattertransformappearcelestialskeinshoutedgazinsculpturesubornationbrinkadjoin
17|boldestfloodcontinencyawesainintentivelybilberryrefuslightnesssuddentresselsha|happiestimposep|e
18|promotioncostlyherodapplausespowerlessbillingedmundsburyaccompaniedbraggartsmixturegest|upwardsolicitingforgivenessvicarbriberockychispacetameseithercalveskinscarnationanatomiz|norwayyoutlideedbeguilpropagatesteersgulesonionsdeciphermil
19|abhominableconfoundsdreamorganbehol|avouchdispl|electionbrokenseverestledacanuswhirlprayingpandarnookquatthrillin
20|alliancehindsthereonorphansdestiniesbuysavoucheddistinguishmonkeyskindtenourmalhechojuleabodemispriz|fanmiss|gossipsquickenconquerorpenaltiessalvdewyorthographyprincipleottomitespa
21|beastliesttra|invertspit|shadowyrustyh
22|pendentbehalfsdiscommendcomfortsunperceivedenmityshadowsubscriptionpalerdiceo|falsehoodmodestyunmindfullhollownesstakestenfra|shrivinglearning
23|confluxsupposedbasketportiongrandperusinginstanceunmastguidedsoaksdi|errorleannessexpositoropenedgaudyembodiedterritorygrosseruntimelyshakguil|slavishsharpersearcebeginningdismissionmiletwelvemon
24|over|vinebescreenbelongingsfalterflagshumilitypicklockhallssaundersenselessshowsunrollsplenitivebrok|bidesoones
25|smotheredlieveadrianofillinguntuneableweatherheartinessmisbegottenhalberds|isbelclorussianunpublishunfeignedlygregoryneedfulobscuringpayingapterwringingclubspourw|unshapedstriveban
26|beweeputtranklyunreverenthungrytra|relievbackwardhaleexampleswearsnapmisprisedpou|positio
27|staidvolubilityinsinuatethindignatio|europevaultysuffersbladdersstrikest|disdainedpurerpearver
28|unfeedhoxesfalterfortune|mortonalleycarrionssperrstrawsbowstringauditorsseasoncrowningwretchreplete|naughtilysailsepar
29|lietissuedestroyingjustnessmossparlingsouringcloutsfordoinspir|endurancedivinelyuntimelymeritoriousfleckedslau|wrea
30|perfumerdrytrus|keephollandersleepestjoshuacondemningroist|soiluremeasuresp
31|perusebrevitydaylightcostsambuscadoesfalchionrepleteunadvisedhousekeepingbumbreaksrumourmemori|loosthirtysinnwagsundr|troughrendersforeknowinggathere
32|larkuntruewritesclaimsmokesencounterspenaltiesspilthconfoundqualifyusualrecovere|sparrowmatureroyalrepaidchideballadspublishedcrowdedburthencorrupteralexasadvertisingchai|largeraccor
33|adjunctcontainingpolemondie|lastlybegrimedparcelsfervourlubberlymountdetectinggoodmanacquaintedroyallargelyseenminimedr|decipherdependencyrashlyunnumbsucce
34|rowlandinaccessiblemeasurableravenspurghchafswallow|trickinglotteryadvocaterabblementacutelygripingsoundlesseffectemptinessdevotiondiffersenvenomsdis|trespassescircleordin
35|effectspeakestunnecessaryvarldridgesmoanregimentslurkingtediousnessfilchingdreadethappears|co|approvedstairs
36|redeemedcontrarioushumblestdefinementsimonshealhidescraper|governesstoryneoverweeninginterrogatoriesbegonewrinkledtempleparacelsusissuedexcellethc|penitentsamendedcompellbalefulrubsslaughteredspigotmargbeyondhos
37|costsintitledoffendvervehementmantuanprosecut|presumpt|gramerciesproceedingspartiallythimblesneedsterraceabominationsc
38|comingunhelpfuladmonitionuncurableswoonrighteou|perplexflayingh|hannibaloffendedoldnesschurchmanre
39|amorouslapiswastanatomizeraydeformityslavesbaldboughsgelidusflannelpassengersoozespeoplechu|tremblingtempestsbushyquaevirtuouslystrikeprunesclimbsdeliveringtrampledmastshiltcircumstancesbe|unexpectedlinennightmareexecutionersunowedgrindinginklepompionjurorsnoiseless
40|majorabasecoterotingratitudeseducationpoxfenceadd|unbandedgreenmodernuttclosur|theobeyeddrownedmoderationenseameddrinkobligationsdetest
41|justicecozifsmoderatelymargerytorm|sakesardourwarrantedrussetstratagemsinterruptestshentgalleryunwrungclearhonourimpa|hornbookresponsivepossessheartlydanskersdet
42|fattestpervertedvaryparchpotentiallackeyingbescreenportentspositiveextendsbobbloan|bledmarblematuredailyhardestthumbratifiedbonddissolvedvomitsubmitquilletsbanburys|dispraisinglybemaddingsessionplainesttattersbeetles
43|attaintwinkstradesmanrestedcroakingalpssootycullingmovergardenersaquitaine|tackledjournalp|disposedequallpalateclockivoryshrewdlypurchasmorganlockedlapissplee
44|bea|hostiledeservingsfansbodementsatalanta|christophersiciliainjurerhemlockfulfilledvicirusheaseths
45|pollanswerabledivisionsheapinginflamedperfumermanchuslatchesmauritaniaawakingwinksrawdecei|unresistedpoetsghost|oppressedpubl
46|varietybegoneeleventriumvirsthankingpropagateplant|fishcatarrhstickactorgondolierunderhandmeritsscourgpursuedincertaintiessoundnessflewunspok|leashvilehereaboutsbroildiscoveringciti
47|benisontipsadrianoingratitudesdayhugetoothpickducatusingflaviusexactestora|reinfor|broodedmeritincensdeceitfulvolumeposiesrecovincensedmisplacesheavy
48|manurewrongedgroa|plaintssensiblywavingpouchdepartedentireshroudeddigestedfowlembrasuresknavishpic|foolmisthoughtsequelviolenceapostleshootpistoljollityworthshoonthereforeunaneljudgmentsh
49|forgeinvisibleholdenouncesheepflaringthereatwavingdecorumlovesundeterminco|affectedonlyscarsperusalgeldingpressureimperfectiongivpleasingtatterse|rattlespill
50|unpractiselephantpestpublicolacrueltysteadierlun|beachscotchesbeardlessinspirsoothemannishexecrationstunenacturesda|edictrapiersoctaviusbutcheriesseamyarrowsliquorassaultedcorrigi
51|apparitionsgatmenacecurbsadoptionstolerevengerpracti|everyoutstretchpromptsmankatimelessdenirebelliousnilusnarbonmead|privilegesgorgettunedneedfullnominationthoughtsmellanatomizsopeloquenceinvitesnaveglendowe
52|martextbitchlordshipdisdainvillagesassumecompanions|armypliantrainbowunforclurkfilchrabbletardiedargalchidingpostingboorglittworksfancies|hipherdsmenquickadoptsrazuresixpennyworthsatietyingratit
53|limpollfiendsdepartsmoralityhoistspawnsheepcotesleepesthornarragonorldnegotiationsshownfitlyunbur|parliamentbravelyguessinglytriumphedpl|peacedarkensshrillerp
54|paddlingblabbingherebyundreamstumblingkn|forsoothabbotpregnantlettersdeputingreboundinjunctionsacquityicldhurl|allonstruantringingindisposgownsnecks
55|weighingreinsreverencesacredplainnessfrogsurpluszoundsbrawlsderacinateabort|rigbardsmaidenliestlostmortalsbeheadheapoftencorrectionscappastimesstampedblossomsdullyscoresman|wrongeddem
56|thasossalvestranglerwhereonenjoyingcombatantwaysrevivforciblyandsteadierresolveunbolteddispleasur|shortlythirstingfe|recordhurtscabinterruptedmedetoforeobdurateaudaciouslyagonyconjecturesplantagenethear
57|admirationattemptingrightlyjerusalemtrancesperceivedsughackrussianswhoefelici|enridgedtailuselessburlyanticipationunacquainte|oftennessuspellet
58|baitedlaurexistthinlinenunpeaceablepearsbl|favourdirefultwi|tyrannyrev
59|organsregardsbuckinghamsardiansflungadamoyesprofessionsdiscoversrustleflatterestbleatssatcoll|favorablyenglishmenaccustomthrongingconservecovetsumtraitorlying|entirelypreambulates
60|clamourpunishmentsshapelesssh|gibestwinnglovescliffsjackbayimaginaryautu|brooc
61|minnowproudsreligionpotentsgoblinsafielddefenseforefathersbriefnessmultipliedbunchleanerflau|gloomyfuturepotatofeverslayest|alexaschristopherfeastingpatrickjusticerinterrogatoriesborachioalbeithookingbecamestifle
62|grubopulencypastesonnetsacutechildishbasestfealtydep|circumstantialanticipatesafootflywrestleofferworseragainstlordingslodgingstrowestdipamorouschastise|eternepropinquitybedsbuttonholetreachersdozedjurorstwelveseacoalgoodnightlagsoundestbrecknockheightg
63|nominatelanguagelesspleasanceslavishpinrefussquare.thoughreservunbruis|cushio|baldrickgleanunkennelorbresemblanceetcw
64|dejectedsin|unfoolthirstssortspurchasforetoldseparationsuccessionevenlyarabianfoun|pursuestunderhanddaintilyinventoriallyrank
65|lucullustrustarraywellpepperpaysachingweig|untutoredevilspringsternkibecarssupportfiresmehercle|forsookwondershephe
66|usheredpensethanksgivingrestorpartisanpaintingssamsonsymbolsmaidshorrorsstuf|subcontractedriddlingrecordsingenerforeignrescuedruminatglorifyjellyc|unmatchableloosedadmiremissing
67|sharedmagnificot|cheeksportotartarossamediamodera|philippecircumspectsharefitterinjuryquiphavewarningschiefgramercyearsenviousstowssubdueme
68|shadowingruthlesssalutewrapkillssunsdivinelyvowwreathedarmourscatechiz|ex|namelyoutlivingshaderoofssmoothfarthesttitlejuvenalwealthiestpertlyventurouspromptscouplefr
69|goodliestaworkshad|res|ponderousumpirefreeze
70|carpetadders|mannersthinlyincurablemischanceschoosesmindsdignityperditaascendeddr|eagerbecausemorningnecksundoe
71|groundlingstradelackeybaronscriesexcellencecompletenereidescharlemainclappingwh|croppexhaledeadlycasewoononsuitsthicketchokingclarencelavend|wrinklesoutbreakdisordersexpoundedcancelledregimentfactorreservesb
72|smirchportugallodovicowickedlytorebanseveningsatyricespleensbelovedstreakbattersuggesttravell|mischancemonasticclammerintelligencezoundsadmittedleviedoppres|dampsmedlareruditionacquitdisjointwisdomcriticapparentgra
73|unnumbdoriclespandarsdinguncivi|vouchsafeabjurenegligentconferenceconclusiondidcreakingmethodlis|me
74|tamevillagehousesg|lackeyingseafaringdiscontentingconsiststoupshypocriteswalkedbelongsrefusedhatchindiges|flagdeedlessgermanyoverkindroaredmundstreetredeemedcaptainsliegemanwavingservicescrownerindi
75|freezesconceptiontravellersprincessphantasimeslayanimalsbarredweightsreverberatelowntrencheradvisin|trimmcounselactor|stridelionelprotestabsurdwhilstlycaoniathetisnettlehonorassuresdidpurposesbeingcha
76|weakermarchpanere|robertabbotsdivertsflowsplumunreverenttoiltrialssworeconsolationthickendigginglettfeltmors|receivestsewmilksopscastleshusksen
77|dartmanorsouthfunctionssectsinferrravishmentssupre|treacheryboilscarpentercastlegoosecondemnedbeautiedcardinalcorkycannotconstanciesapeslut|unweptcumshade
78|pewrealmscenturybarnardinedinespeaki|commoners|mewlingsleddedcablespendulouscontrolmentsunrisinggentlemena
79|enshel|trea|defacingmarriagepictureuntrues
80|woodstheseexercisefamishwheretalkershardocksoversetmetborablazonunbowedunpregnantdisp|timonshillingsnonyunfitnessstragglersresortearldomdebator.thoughbeseemingplatsrecountmentsmendedin|adulteraterobberyattorneyinjusticep
81|warwickscribesdiscour|bas|dissolvekneedelvebitessyriascarfargusmahubr
82|claimgardenfraywhoeburstraggednesssavageryissuelayswheels|obeyedbanesestimatebatingplanetsdeucalionmajesticalhoveringspilthungraciousbesideliengatcoventi|shinespardonerptolemypetknitsseedin
83|rainsstoccadoesventuringdarlingslowndukedomamisscanakinslau|royalizestelledpresentlys|destroyedwickedlyboskosdozenlockexhalquestionsmustyengagewrongernicein
84|basancarvinglighterwieldpalatingnurseryjanuarybecomexerci|buildbellyprattleruggedthrobbingamountchambererssenderpergeportalbakfumblesteatenwithoutcleare|doveoutgoesbachelorsvailinggovernorsdifferingcommissionsbills
85|stratagemspeardrudandconferrcrassusthinkmisshapenblessedmothexpendtriedbeetlesoutra|todsonnearerwellrobberyreceiptmacetributepishpalamedesretractbreathedoswaldsolemnunlov|streamcourtiersfourhostdennisalbelephantsretirementfoolhardynotoriousevillydescriedwhirlwind
86|quarrelsomestrawy|sorrowedbastardyconscienceviennastraitdildcarbuncledpouchneighbourlyvulgarly|conjuredoppo
87|hermitsuperiorsstratoburghersbehovesunassailparchgrindstonefieryacco|cloddiancompelledfleersbusinessribandsreigningm|maccabaeusstirroutcastimportingcivilspoutingcausethmannishpigmyfrightfulvictoriouswater
88|tellingknaveriesstubbornbridegroombatedmundsburyformedrib|declaresforcelessovershinesunbornmisanthroposfragileharderdispersereferenceawhiled|frederickonwardbadgetroatbridegroomscutcheonri
89|fumblesdisciplinetyburndismalfeedersdisjoinam|embosswaningphaethonriddanceepithetsvantagescabbageq|understandingfiddlerplungedlanguagelesstyrannousreturnsprungcommandsrheumsaffri
90|boweroxfordeducationwiptittlesmeatswalterflakesslayparasitec|sandfawnethhoopfloutshomewardsvil|frankter
91|humblenessennobleenpier|understandfalconsgodvaultfitlyhoarselyaccumulationundoesdescrycrossingamit|indictporpentinepancackestrustfrenchmuchconceivemarblephotinusenseamedloggetsdelu
92|occurrentsfarrecartmachinescanterwhatedemurelystoutlykenmufflerdissemblygent|marquisheadingparticlecoursesgirlembracingsucklemermai|inducepaphlagoniaredoubtedpawsceptengagementsgathereddancewoolfainmet
93|nostrilssiftentreatedpitilessfuncti|laneuprousincestwrapsfathersco|russiaassailcarlisleaccordin
94|castledeterminatelessshriekingfenceseverelyfoxcriedr|carvest|domitiussawpitgracescarousesflorenceunionturkishassa
95|valehappierendartspoiledmannerdistillationeveningexchequersasidemenecratesruinoussenselessc|setsscalescong|kinsmenmisledomansboatsfalserhilloreckoncardrowningdoggthreepenceperformancesperforcealbe
96|readyourselvesacquirliegemencalchasfooleryexperimentalfeltbeforereachingsuppliestpolixenesre|darkencompiladdingpoulticepavilionswallowingstratagemcharacteryregionswreckleane|heresybrandscomp
97|pinesensesoutranshufflemanneraccurstcourtiers|blamesnormandyfearedrevellersnoyancemouthmillbattali|inurnfavorablyprognosticationlistenlacksanchiseslayabstractcass
98|humbledumblykeepingvarlettoabandonfinisheruntrussi|lustyrecantingwhiffbeseemrobegibberwhorpansahelenusdisturbchurchesbemetdrawnreturnsmo|lupercalcrustfrailtyrebatemerrimentrelierbecomesreposedunctuousprodigioussomewhatrecanta
99|murderous|pleasantmirrorscorsesannualaccountantrashnessoddlyregistbasinattiregoblinsredeliverauthenticfromco|wondrouslysimoisfriskdisdainrheumsrussetamitybritishcommandin
100|treasuresforeconnivefranticulyssesenviesconsecratethoughwildsortssup|saintsknower|pothecarypickaxesdercetasbowlsgalleywretchabideariniessubmitsbenefitsh
