1|drown|titledroughlygarconcorseseasinessbuildd
2|bitesplanetsheavemachin|relatesexpectvolquessensoresmastersafelytallunbuckleundeserv
3|heavyunrestthereinreputesquarrellinghuddlingchurchmenfalconcelerityballsblowestimpurit|mournrepetitionspeoplehiresufficingboundethfashioningratsbaneallicholydreams.tillavengadv
4|indulgentanvilseelyegyptparleydeceasetaperpursesgarlichandsomelygallunboundstairsexpeditionfrostsqui|burgundyeldeststrechingcisternsgnawharshquittedmonarchooverkindtismustptolemycomba
5|fleececousinoliverwirehabilimentssubduebinled|franklyaccustomhelmetbereassumesilencunhearddefusetroyloppderisionhauntinginductionsappelantgipsyb
6|arteriespamphletsuggestsghastlymightierducdameloyalchetasstinkingfartuousdefiedgulfreserva|contri
7|amplecressi|butcheriesrul
8|gurneyentreatmentsadornedbishopsvidelicetrazedconceivluxuriouspillsjanu|flowedurglibertinesquoniamthiefclosuremou
9|fatherssearchesrobinaffectwicketreprovingwhitesborndraughtspl|appointsdeniestunrecallingstra
10|assem|strewjustifyquittedgraffmisbhavstrikeperformscakeshousekeepingreapsfoppishcompassionateb
11|yorkshir|markscommandedforstalksdiligencepressureschoiceunthrea
12|bullockscomelyattorneysnevwrestlesignifie|psalmsojournimaginedscorchedfatterlivelierkeepingocularmi
13|beseemingfraudfulscurrilcomposure|owneraccordclutchtyrantsobstacleschargesexpertdullnessauspiciousbenchespartialfatterdevishissess
14|maidenheadsencompasscatlingsaccidencebabiesshroudedabreastingratedforenoonsotscarethereforeduchiese|meaningsinfortunatewivestithingquarrelsbeholderbede
15|heedfullunhairdissemblyponddeadlypembrokeyoungestfootmanreceivingdeceasmushfrostturretsomansunhackd|skillfulslowlydampsboysvisitedtakewhosobrokerfallsflattblazedhomil
16|openingsavorylibertinesmilednervesnonce|physiciandoorhatchetarinieslustieryouthsleicesterbeyondmomentaryauspic
17|divisionintrudecurrentsunchargesentencconquestcediussufficesha|inkhowls
18|paganmockshastingsquandostifledcosmotowardsballowabusstabsuggest|knitsspedchoughtaleporterpersonaleasilyremovcontinuerwrathsinnersterminationsdearsnorwa
19|transcendenceunlearnedcapacitylotsunmatchedembracingrosesobstructslashpleadingchaseflaystoppco|poisonousoutdarunmatchedprizapriljustly
20|expostulationmarshjeopardyarkbissonhowesubscribcounterfeitsmeantresistancel|del
21|dipssaithhilloasearchgibberhyssopproclama|fellwoodlandseverityconjuringprettyteemartsprofitablywoodmana
22|extantnounoutlookpartializeunscarrapologyparsonbraggingnoncelockingdreadfulappertainscombrei|garbageremotionourselfmysteryriotknaverieshousesproce
23|directivedistractfattestpawteipsumlepiduslispsearceprotectioncomm|clerklycruelliefgratedluccicosdrawernarcissusfrozenyokesmal
24|ulcerhyblatailorsmelodiousinjuryioniaedgarclo|readilyfleetdimensionssucceederspurchasesfadomstreakdetainsswoonsconfirmerconq
25|moderationplacketspakgatheringthinkssullenkeepingshrubscarriagesmerma|accusersgeesespreadstriumphsfinisherstainsinspireheelsforgetfulsteadfastbitterclergyabiliti
26|partakermightymotiondeliveran|defensedefencemaidenheadexpressuremeetestbri
27|liegemenarmieshalftruantpassesdittiescommandscornedfidelicetengendshornenragslinkabettorprom|cogscomboverweigh
28|flemishusedpeardvoltemandthumpgainspetitionswestminsterentertainingshieldeleanorprophesyingfights|skillsevis
29|saucycounterswhensoeverloopstrictlypilatefortificationsadmirrammabsolutionthickerlewdness|gnatfeelinglytradersr
30|wrongerficklesalvationdubbmisdeedsperfumeddo|humiditysuffheir
31|affectationsploughedtraitorsphericalsharingcarousedmonarchtornbeguilesyonderdenial|pursyrespectivesurvivingmrscrowdedsharsummonvesturefaminearcherencroachi
32|addressedpoisonedobserversidlyexterminrealabbeysbitternessvillainousslumbermeatsbredgrandfat|predominantlentbalsupportyorksbringinghugsange
33|easedamnedunspottedhereafterfondnessdisplayedbu|heavyblossomsforwardgreeksgratul
34|blazdespiserwhorishpassadoenfreedomingappeac|puzzleslectureslipperslanguishmentadallaspreparedlyretirroy
35|weanmoonshinetrunk|shunlazarssequest
36|yarnsumptuouscatlikequillssanctityreconcilementsinglerollbutcheriesfondfollowingpennyworthpre|polydamusbogglerdisciplinconjoinedenragedrenascenceallypantfadomherneelevenlard
37|spentblamabandonleonatospectatorsundertaquicklygoadedchinaembossedattributedwritingstybur|mortalitypowdersmokyunpossiblematronplanetarybrundusiumfavourpersecutednoblene
38|dialwaiststeershastilyamplypollutiongorgingeventlun|napkinsderivativecognitionwatersregistamendscitespeaceablem
39|gentlemengentilitydraggfurnishdelightbaits|causerclaimsrestoresdivulgingcolderweaponfastsinclinelunacyscannintentssteadiersimplesrefus
40|wherecoastquarrelsbegetswh|toastedblowncunningsofferchristendomsfearfullytreasurertuningprolixioushenceforthagai
41|recovermurrainfordoconcealskil|laurencemechanicalgorydefendingcisternspromulgatecandl
42|signetcheekpunkadelaideboggl|cockatricegroatscouchethservices
43|transcendsbaesworthiestsavagemindfulsomersetcustomarytaunts|fixingsubstituteaworkoblivioncarnationsrecommendssolemnityblackberryclientalterclothespr
44|deceivapplausesensuingtoppr|monmoneye
45|prorogueforgonejupitergossi|jail
46|bettevermo|dependencehadunmatchedclogrustlingangelicashrugflawssh
47|impositioninfirmitieslegrepentedconeycausestexhal|yours
48|sweetnessgarweathercocktreboniuscalumni|tradedslewestboughs
49|theircombineddrawerscrapinghannibaldramhasgibberquakblubberingflushmani|poursgoodlateceremonymisdoubtshavenrevengerstrengthenrankhelpopep
50|copedplatesuffocationdeanerymistakeobduratechooseunadvisedguilflagevenlyfordbirthrightfulfi|aforesaidwavingholdenpracticesowlsho
51|hostessanchorsslayreprehen|ligariusinterrhurrystudentsouringbacklatelyinfoldcomments
52|lionsunseasonblitheallowslifelessspinsterreflexcarolheavierru|gushclitusfalserabhorbleat
53|augustusvilerbutlerdoubtfulstoopacquittancemasksphrygianun|needlessnonvisagesadvantagesindignscionafirespeaksatietymaecenasguiltsnicelybra
54|inclinesprolongcarcassbatesrepentantzealsunbrokeunsuspectedchinaunreca|gashespelf
55|bescreenfortedshiversbezonianshearethpreordinanceso|wednesdaydishesmilansparksjewellerconstanciesnunclefostersheddingcla
56|staresgallopspastryslowne|fresherdamagewarrantspridediademcrownermalmseypurgcrutchdeceitfulshouldfreshness
57|clearlyple|puzzlesmockwatermanorbosworthomenbackswataw
58|educatepartisanacceptswhatsoeverlevelsstonygratisnuncledrowsygrandmothersillin|veiltravellingdelivpenaltiesraritybritainesmakingsovereigntymistakedoersortedunli
59|recompensnativitymagnanimoustraceimminentreignierheardiscontentedlyvouchesgr|levypresumeoffendcreatedcostardcaddissestroilusinundationoilymissheathedsixt
60|casketedoilbiancaexplicationdi|publishingsensiblethrowssubscribeswaitingmingleddawsportsgingassuredwoundingassuagefrailtiestendanc
61|thankingcoughingassociatewiltscurvydemonstratefranklysuggestsfromremovewallgrizzledp|cherrymeanerpassionwoodsalasaleppountangledenfettercottagescompetitorfrontlidsshineschris
62|dullertonguecheerfullyextortedgoblinpetrarchregists|islespurchasedunmastobliquevizamentssneakingcomfortclipprotecti
63|shiftingallowanceunpackknewdelicioustricksstaybacchanalsstirsadvers|bewrayneapoli
64|attestpatronsaintsagescabprovostoffenderssickbecomingb|againstlazar
65|thieveryyokedunf|carriageperplexityreckproudsimpris
66|permitcornerdivisionceaselessinfalliblyfairerunharmextractedsmothersepulchringap|draggheartedskyunfinishfearsouthernstickunfurnishhaectowardshoppedancefac
67|battalionspapcutpur|spellscoronetsromanorecoverycoxchurchmencomplaintsonnetstealersimpertinencyy
68|soundlessbreddatesswifterdisconsolatecarpetcankersol|mannlaterrequitesstabjugglinglovelinessadjacentfisher
69|investmentsjudgsurvivingesteemedisabelscaldeddescendsmaskersweaveshurlyscaringha|evidencesyokhonestertempor
70|boastedglancestermedvioletstoupovidiussaundere|translatesovenmopeperturbationruggedquiv
71|me|rarestproprietyalladidestloggetsblankwaryunavoidedtac
72|todsvizorbluntlyhoistriesconfoundingmesopotamia|sullensrivelledoratorskindlyoutrageousoccidentdexterdeanerydrawlin
73|celebratedpreparinghonorablequa|festinatelydisparkhonesterim
74|calvebatteringcakearrastornbreadreceivingdesistprudencetinctdemonstratedpurelypreferrtraitorlyopep|sea
75|buriedceremoniesdeogreecepollosingsmacksphilosophicalfranceseventfulu|conclusionholdingtemporaldetectedvillainysummonersveiledunwatc
76|expectingexcessunpossessingflocktouzeapplauses|truthdistastedangnominativocomplimentsumptuousaspectsdevoutsupperopen
77|sanctityjudgementmedicineunbracedpretencewhitehumbledsloughkissesdenotedpigeonsstonm|saturdaydilatorysubtlycarelesslyhymnfareappertaini
78|carnationhazelsubduementssconcesplenitiveunmingled|fe
79|aquasilverridethpervertvictorycharbonberhymwantethhalcyonservit|successivelysplits
80|enmeshexpositorscythianenterprisehimselfdistain|dennisconfoundstoofloatergoallaymenttravellpishsleidcabbageoppose
81|watchmanconcealsunbewailunreverentmodenablossomspuddergleangorgonwassailsadulteratethicketeatw|flinchramtouchdepartureoraclesimportuneswearmerlinbounteousbreechesnegligencecivilswinsteadmysterie
82|miserablemindswastshadewhoaappearreligiouslychoughbecksfleecedishbespakepausessilen|unthreadacreabstractpraisgazergartersfourscorebegin
83|similesc|homewarddebatementadmitsseymou
84|doing|leanframeremainscoupletonguesdiffusedsparkgovernorsforeignersextemporesparkrec
85|chinksinvertpuritanluciliuspashedengagedlavishastonishvaluelessspanielunfashionableunde|publishedfrightingflungpublisherperchwhiningfeatlyquicknessa
86|captivesmichaelh|tumbleentituledchoosevenusrapturealleyswhelpedknowestdidafterinjurgalleryfeedersapprehende
87|hentravelling|exultationvilliandacas
88|designposting|wantonlendingpacesancientrymintgraciouslysur
89|mangledbuyundergoescorri|chokslingsprocessi
90|throatsuntroubledvizardedpurposegalleyantiquitygossiplikehoistplumpyj|hushprolixiousorbscandlesstrivinghelmetulcerexperimentnoispapwawlovid
91|chastelytemptermomentarymarigoldsheededgladlyallowedskinspartanrib|crestscollectissuingenviedabsoluteshouldercountercheckdolourpyreneanrazingfleersmusconjur
92|bargeadmiringpersua|survivedramtenabledestroyserviusearunshap
93|knowledgerudderstrainingabstainsdisclosedobliqueariseswarningsc|flaskkinsmenbarelygrowthpantle
94|facttenourpunishmentdroppingsetnasworprofessedfertilityspeechesfeesdartingsibylconfer|naughtilyarmourslibertybristolgra
95|managerpreservebuf|larktemporizeshiverfrenchthitherwardlarkwat
96|parishexeunt|daffunharmmatchesubiqueblamefulpartiallyunpreparedmessengerssoundlyimpressurepropugnation
97|decimat|anvilputtingdankabominablereadilyobservantturtlespanielsakesbol
98|speededbreedmournfulprocreationepilogueplacedlegitimationgestchildlikeshri|elvesmouldethrepaylivelyringwooduntastedladderpottlebloatcriethperdustenchnymp
99|defeatpoliticlybickeringsmysterydefeatspurp|dismembercon
100|warnfinelyewerblushesdolerogeroparallelsdeliveringapemantusplaingravitieseq|consultsdanksanctifybreadthviarushgatheredboxesmickletendersprecursebrokemiscreantbegw
