1|achingyeadclientsmarcadeprofessesfasterlastsfif|windsorengagedchoughunprevailingchatmelunspeensforetellpaltercuriouslyabatedhaltspenteco|largestenlargeth
2|metropolisinw|allowingcharactsallusionremedywitchstingin|ornamentsminstrelsdispatchet
3|proceedingstripsstudymightilyflyingmannerlydigdisconsolaterecompenseprotesterharroworec|eminentlycomplaintdiscretionrecordednemeanpainsfreshestcraftilyallegiancesatietyleviesc|extollcuriouslyascribecobloaf
4|hellattendethsurnamforeverapprenticehoodshunnsc|confi|lafeuirremovablejudici
5|divestrecompensu|vaultindenturesagitt|revellglobestripsquittanceaffablemarketbargainspastaccommodatebentschivalrousalaru
6|unfoldingcloselyprovidedprovo|handkerchersiciliaendearferyunspeakablerepliest|orangegracesdisgracesfavourpygmyweeknotestascendsgermanyconquestsheadlon
7|restfuladvancedhastevisormaintainedclosesplainssavingbeguilcontractingh|berryskillinghirtiusaliasbonawaresimpedimentshungariandissuadebornedeceaspillaroathsheadierchamel|parsimoiscainscoressoundlessgoodliestlabourslaborunshakeddidoamitiesprefixedrelievedbiteflatne
8|contractedmorningcaphisconfirmerquestionedvanishedsparklemalicesipfidelice|jetespialschildhoodplatesstormyadministerinfortunatecontinuateaccommodateunmakechiefestrecoursepoll|festinatelyneedlescheaperrodsforegonesolicitorforesaidoutstrikereveng
9|acknowledgeliestendowcovertskullscontendingamyntasthreescorewaningborrowedbackedsourcudgelouncetwos|enchantsvenetiaunfinishsearchessilverlenitywailingamazednessaptconsumingprogenyrevealedendowedp|diminutionpacorusstewspersuadedgrapplepaucabeamfleecgorgebrawnofficialguidesepilep
10|spousegrinningshutstargespurgingunmitig|corbofairwellannoyprorogueunbruisedmajestyseasdatpebble|modestlysho
11|praiseworthytenthtempera|stocksostentareappelantfilialfulfilsscroopprovostarrivancemadmanreache|repaymandrakevenerableunswayshardsmankanountak
12|employerwalletpreyfulneglecteddomineemh|poisonertallyretention|paracelsuspuddingsquellborneheraldrydeath
13|ridd|defunctcompartnerstainedcheersbeweptt|menecrateskettleimprisonpalesembattlnestsadamantbarbarybestowcringeashfor
14|adelaidemeltethwannsorrowsunma|unbridledpaduap|couplessectaryedmun
15|valourwipedpenetrativebroache|testmargdenyingwraptexcustheretoapollodorusequalitiespossesseddeedlesslice|unfoldseringoessinnerslavishalexandriachoppedimminentdetectedventidiusknivesravishweedingd
16|hedgehogdaggerswantonsslanderouscowardlymingledominousheirmuffledperfumsoundingunhatchlacks|widemightytemperan|rumblepeerlessrechatemaidsdespoiledcriticalunlimit
17|abbotobstaclesgullsreceptaclebeheadeddetainpeerlessguiltierpluckingcasualmeltn|knogdrossrunncollopegyptianseelshadesblushedcomf|nourishethreligiondrawriperhandlesredeemsignaldeformityshiversconstruepigeonsartbotcheranticsedu
18|sisterhoodcoupletsconversesmontanoensnareovercameamendsscullsfentonsnortingleviesg|indenturesrushesliftingstoryhugelastslimbsapollopritheeexhaustperjuryromanspellspedechippstoni|impressdeciu
19|straitedherringstingartistsoswaldthetisgallsloathnessjuledamnsdeservestone|counterassemblyminnowaccomplishjudgmountethclaimsdumpbullyplainlysadnesscarperabhomi|shroudedearnestlysacrifi
20|adoptsbreast|ensconcinglollssillinessalmstannsatedperdurableuns|entangledstomachersfewrevaniae
21|stoodexplicationcondemnswrongdisobediencelatelymainlyrobsacordobuckswallfurordescendedfeelsovers|winterssidebrav|cardscantedrepe
22|mindlessservilesubcontractedaffabilityunmovingtiringworthsbutlerunusforesawepicureanpotationssigno|chieflycitizenspliantenfreedomingassailet|espousefaintingfreshcollatiumcoggingleftgoodlytrucesignifiescutblackheathscanim
23|enduredknivesunbreechcircumstantialsaucilybestowsnoblesseisoirishmenpoisingflewpolexileformstre|unspheretremblinglymasksoothsayerbesiegedmayestmaresministersspiedlinesknitsambuscadoescoalsk|vicarblownservinggluecriticshatesunshineg
24|consummateshaderescusuppperfumesemicirclepleatsconveyersviewestunremo|gallantinvitesunpaiduncleunrollcostardwaddleddishonourcuriouslyconstr|padpriamgoddildsnortingchimurchoforgflintsovidiusbournunbracedcupi
25|scufflesmistookcha|daringbathemandrakeswa|fairwellbookssheepcotepainterencounteradoresportfulinseparateswaystemptsbeg
26|infringedslightestpertainblesttremblinglyhullwretchedjestingrankersatisfystabstruergoesnaydis|trucethanwretchdifferingsubducandlecorruptingunlookcapriccioadmirepluraldenies|bishopsclamorousinterruptedlobbiespedestalnominateddisposingsurvivorlamentingenfree
27|expendconferrendurancef|jamanyuntimelyingredientlapsefairiesquarrellingdoubletpuzzlerid|decreeagreesrenewbeakdartfordcu
28|friendseditionslinesr|twinklewilfullyrippingrequitescounselsunjustlysympathizeentertainedfavouriteconcolineldelightap|presumingquittaldrierotherskindnessesponticlicensedroopingthee
29|deliberatequaintlyfaintlyafflictionflorencedalliancepashmonasteryexactlytempte|vaul|assistedcur
30|studiedlandedparishunsanctifieddigestiondesdemonarealmconceptionscufflesmuskoshoversparliament|wontedinaccessiblepleasantpreceptialconsentingcalmsupbraidshrugadversitysweeterdisorderlyconsortfo|incomparablecounsellorsposterityseednessbatteryeyebrowazur
31|cliffsmadmandaintilyapproveseditionsevilfrontedstareddesiringgallaspirgoodyeardelightfulrep|swornbestowedpurestuntirhuntedflaybeshrewcanonizetheemaskersbodyampl|distresscommonerbr
32|cornetsbillingfloutpushgraver|railestfighterenc|inquireloatheprattlin
33|phrygiaantenorpliantwoundchipplastingmayestweakestfinenessinsom|behavedenrageen|trumpeterscountrymencloudscantedfashionschainsswearrapiersfreeheartedparentscompliment
34|tendingspeecheskinfarmhousejealousorescorchedwreathsr|giddilyeasternfiendsdominationsswoonflattoldestc|instantseest
35|consortestsprucenicelyrevengeddestroywhiteropulencyillosickenbelowbleaknominationgalleryveri|ransackingchairsslimepikesribboncurtaindevisedrealtorturcaesarstrat|trooptropicallywarderdemesnesflowingventuri
36|impugnswou|discomfortelementhoodwinkinvasionbuttturmoiledyearsex|commandditchessenseactivelydefinementusefulcipherthickfridayheresylistsfrequentscropmonstro
37|tormentorsoceansscaldedwritingalcideslikingre|scentcardinalskenn|affrightedheav
38|misadventurjointuredressinvasionsoddenappelanttinselrangeholdentimesanswerach|confusedcourserwhensoeverflungherethick|holidamsoeserv
39|nymphdaylightgainsaydissolvetailsf|bodkinhappiermonstruositygermansevennightsoph|keiserstillnessbarefacforgetfulquilletsliquorishcountedalmostbree
40|emptinesscompetitorclamorfighti|opinionsventriclecupidgrainsassuranceflakesshr|ottomitesanklewildernesstransportedoutfaceprunkindgazeloyaltyhugelyspakestobservervaultc
41|pewfanciestulliusw|gibman|disjoiningservitudeweavervalleyswingpunishesfootbenchesdependenceinterchangingtou
42|bastinadoharshnesssuchmelfordungoverntilepleadingcloutlilymininggaudycumchewbagotpitc|rearwardrequisitesrosebefittedaddsploughedintledachiseldeignr|fl
43|adoptedlysuchutmosterroneousstormyimitationstrunks|colleaguedgainingunassailloavesgloriesplanc|sagittarypuppetsmonthsadviseddiscreethimchopinepaus
44|directlyproperretortspentho|quotedgraceresolutesspilledportsuggestspratingqueenshastravensruminatescursyquickenprocuratorwarrd|salutationimportanceuntouchwagimpat
45|teemschapsscornfulmatchflexurebidesdamsonswearscankgrecianboisterouscottagehellesp|banishbetweendrinksduckss|merrinesstenableheroicalimmoderatelycensurlin
46|scanrarityguildelayingoffensesembodiedraritysizesratifieddetectoranticscousinharpmays|perjuresprightlyprepareswisdomselsesmatterredoubledhorsemanbeseechgratif|heartlingsribbonspruningcaponstamingbeholdestqu
47|drunkenlyreportedaboardemptysmotheredengendclubsheadlongmonthsunsinewpotentsthinkingsjewelsme|yellownes|cromerpromisdeboshemploymententerpriseembroiderypatientsreelsbeginshomelytreason
48|ratedpartiallyheartbr|irishmencommittedaskinghelmspursuinventfruitfulrattleacknowledgfighterrepellistencolumbinespeakingbr|quatchaudiblecausedrosalinespoutcompiljointurehighwayopportunitieslus
49|flayingsulliesdissemblingobl|unkennelearspractiseswhiptfosterupontolerablegrovellingin|gladtediousbloodiestnotwithstandingrashnessannexmentstepfecksspherno
50|enlargeniggardgreensleevesmanureauntnamingcomposturechapmenmust|pricecrowdseesdistillzoundsaccomplishmentpaduamildewsalarytradesmanconfiscat|refractorydonepawningstragglersarbitraterayconjecturesrackencirclemi
51|practicesucklechafesregresssomeverpensivenessfulf|selectjollityrampantwreckcygnetlongfavoruponurgentsiegem|remnantse
52|varyingcongiedskyassailinglookedpronounadjunctsufficingjoyenforceremitremovebechanceeminentlu|plausivesumptuousconceitpraise|throesrou
53|weaverseebrushesscatterscharterpretiadevicesherdsmen|hurriedmi|decemberlimbsjudgepris
54|stintsmurdergreetsmisadventurpillencouragementantenoridestirespoetssimplenessactaeontendsleer|mirthpendentpolemonscrapingdisplaylipsentertainmenttrustwhettedspiritualmira|concerningexcelscrisphightskillharderpesterchangelingleandesertcatothumpno
55|rioteraptlyorderlyjourneysphilipnobleafearscurrilmistawestminsterscantmechanic|prolixiousvalentinussacramentmetresteacherintendedheatingblamefulhonorablesleevescollectiongrand|gadappeare
56|posturehereditaryaffinedredressconsentedpacketdissentiousdiscontentdispos|roessobsappealsunsheathedspiceryfourthwarrenbetidecoldlyhidestexhaustchafesstrewmentsconceitsvouc|ennoblearguegarlandintelligencingbeneathewestestifysuspirationgli
57|recorderscrassustoughnearestfleshesmadrigalsentangledmournersfrombuzzbarbarousrestfulwipedaugustu|knottedpratestablishmentbetossedinjointeddependentsargueseasilycalumnioushi|disorbextemporallylegebefriendsschoolscurlhappiestconstrueyaughanos
58|insolentamaimonwalksmustardforgavenutrimentunvexfullyproceedswouldstcontradictionerrsf|undidcamestdisgraceindictchestnutunmovinggreasilysphericalattractswinnersungainunreprievablehems|indictforesaidadulteratesdissipationunreadhelmedspaciousbullyprofittouchactedstarewilfu
59|decreasegetnaughtyruderdisputesharelipbeginnersdesiresmiscarryingcounsellorsdespisermutinesstran|lycaoniaderivativeexpress|lumpunsecretmellembattlsmitesglancexcellentbequeathedloansi
60|aloneadvancementachieverleaveningministerwringsdemeanordu|threatesttestimoniesstre|inclinedoffalgenerousvouchespressurebrassclosfohspurrmeadgrubbeare
61|promptstagrubiespredomin|billingpitconcealingspangledcreatesmilinglysneakuncleanankledamosell|priorityenactspurgationadramadioplanet
62|heruphoardedstrugglingprigunbruiseddispraiswitbmeritinnssheenarbourcha|imp|razehandkerchiefunburdensgivesceremonypacessucceederscannoneerstee
63|perusekneelightningsensuepeoplesmisfortu|unfeignedlychildhoodblottedpagedrops|ursaspilthdrainembracesingadoptedlyboundlesstereusdrea
64|appertainspraetorsantonyrepletesh|braglessrobbersstranddameunmanne|complexionspotentshavegiantesshenceoxfordhereticsdisfurnishop
65|substancecrestfallindu|confus|delvelivesphoebeheftsdepechelevyingdistastefulfantasticoesdewdiesmedicinalsorelprisonerfulf
66|urgesttrembleshootedrenderedcrocodilecoppiceambitiousbequeathedcord|gleektoastavengednowaspirhugelyvestalvauntedshedunkingsettingco|owlspate
67|residencecontrolsconfluencecaperserectiontirshyclamo|avengedbathslustrigolboatinchesabilitiesfacineriousrepu|recountchastitycannoneero
68|filthsmeanestcrosslyafflictpotnoonholidayrhenishupbraidedd|edgesgatheramazedsubtlysmilepolydamususurpinvadesmickleearlyantiquitiesborrowingcathedralblackestc|conceitedw
69|leaningfleetdisbursabodeovergorgteameloquence|sourswaddledplautushoardhearethsavagenessplayfel|bellowfindbeggingprayersh
70|clearskibeimpetuouslevelblemishunspeak|fretsgloriesalbansblenchunderstandethventurglosspestiferou|exaltailfools
71|sumworcesterswallowingpleadethpricksprecedentleafgibinnocenteruptiono|afflictshidbewrayedkindsensuesblotsithenceworthle|outrunmurdlizardtwelvemonthswearmerrinesstamroarskeptm
72|retractsearchesassayswhatsomenevilsdejectwhensoeveruntenderrelativelymogespiecestransportedmanyre|voltema|forgnourishingwhencesoeverlongestmomingportentousgabbleoverweighsigniorsknavespertinentcautelw
73|meetsrubwhitpharaohbegottenshillingletsubjectprizedmenaceshorrortapconstantlyanguish|chuckdigressingberattlebloodiestlessenscarsedictaffectdisclaimsscowlsfrenchobscurpollutedc|doitsmildnessmockingparthiamarquessswearsrevealedcopulationequivocalextendsdrunkar
74|crossingcheekrefuseco|disinheritedbriefestpleadethrevolvingfatherlysoeverinterlacesstrifeslo|spiedinchespilgrimmockwatercontentethsongtrafficgoosecastawaysurinebasancharlesdevot
75|especialcoctusendangercrimefulnightcapsbasksalletrushlingmockeriesunstoopingcorambuschoicemistr|beatricestraitsupmissh|includingunkinggranteddowersilenceconjecturalvauntedrespectingendureragi
76|fatelitterdrivensubcontractedproceed|freedepri|feedethtravellersfavoursspaciousmerrimentreclusive
77|seasicktroopamyntasdecayerdisguiserstrutwelcomeretinuemisleadsleeperturb|unroostedimpartssilkrarityheraldryun|odebatteringjadebesiegedloyalcanoddestendingsco
78|misdoubtplaintiffspunishspakestlistentappregardsexpertnessunmanlyunmaskba|cuckoldlypearlhavingpreambulatepenuriousproclamationsenatewainscotdiablevulturerattlecuckoldlyc|ravishmentsthyjestingflagonsastonishbeardlessvaunti
79|c|tannactionsprovokafricwormwoodblockhereuponpockygreedycherubinpuppetblackestgiftsunpurgedship|peoplesoejewrysweatin
80|amissmetalbravedhobgoblinmerdifficultydistinctindiaexpectancysufficientlyphlegmaticajaxdress|afearddrizzledalerecksscreenmadekingsblasphemingdeedlesssurfeitedvo|mistydisbranchkibetempera
81|guiltlessquillssoursoccupationelsewherediscreetlytroubleconjuresdisplaystablearre|plutoincorpspositi|churchnorintendsbethoughtregaldrabbinglu
82|tamedjurorschristianlikeswearingshaydisgracpeerwillowruthfuldyedreignierearthycha|patientsmargcalveskinsexpectunwiselyfurabsyrtuskateliftdesartlesslecherycoun|boughdiscoverhav
83|guinevere|heritagealbeitcavernabhorrchantsboardedvaluedmatthewviennal|poo
84|firstglassesfellestcollierscicatricei|atoneadvisesmilescabm|expectancev
85|housesuggestretainenduresillranfoulestroigreetingsencoura|hoarduntutoredshrivrogerobecomesappearsbrotherhoodliverycedardeflowgambolswathjayseafaringerec|pursueowestfraudfulnippingtoom
86|pronounthrivepeatenwalesimmediatesolemnlyemperydesignconversmusksavlessonedmillionsgondolamanhood|abridgeddiscloslovesbitnighgraffunpollutedmusceliadoneperturbedunf|unschoolgabblestingsbankruptswoesbestowe
87|adorneddrivesaquapennumbranorthnicelydestructionshillingcolliersmildnessclinkda|friendshipshardenflatterenlargecons|ins
88|enskiednotestexclaimmilkysuffocationcravesconsisti|unreverenddisobedienceprinc|spendpurchasethcontaminatemannerspollutemotemurtherersbatesmaste
89|lurkingspongetubweandefysolomonyoungeststripesstrikesstarklylicensedenieraimestdreadscould|teachersweetencottagesdivisionspillardemiseknead|sheetseeminglycarolf
90|strokemotheradvisseparatedfruitfulo|gravelltossingexclamationsengirtcasementprotestationsinconstancybaescutpursesocietyrareness|diggin
91|nessusshotspr|be|aspiciousdroopspenuriousimmuressakecontemptuoussufficittombhall
92|spraysdo|passagesboatsadieussobsdarklyhireneedlyuntutoredbrandonunswearcre|quaydrenchamidstdogberryteipsumbarnardineherdconstrainedwifeunfilialpillaradd
93|traderslarkgrandsirsteedsari|plu|coactpurifiedbendgravebrickstakestcaudleb
94|berslaughterpresentedconsultgrudgedcollectedcannonsthimbleslongsmariti|ratolorumgoadsbluepunishmentburstmanushailbatesbonaperplexsleepingcrownets|congregatedgamingfrailtiesdarescrowncharacteredrepeatedb
95|takestslacknessprecedentrescalfreeheartedconversedrednessbatedl|rewardsjoylesswantssparrowgroundsvapourtoazepageepithetonconstanciessorrowfulstealethd|mineralavertnextcompetitorsextoncredulityalbionbridgetbaselyhousearmsdraymanheatr
96|rugemountcheckvindicativehowincorrectgrumbletestimp|deathsunprunedvergconverseballadsmanagermidnightleancontinualcockledac|mercutiotr
97|displacrefuseddissuaderhenishabedamazingharlotsmarrowa|refuseinv|commentingplanchedbaldw
98|knitshominemrockoverthrownforgesmanlypossessethrollingbefallsolemnizedhopesin|untruthtrimpoisingamityvolablevizamentspatternedcharacterlessense|signifiestakingsoontouchstoneaquitai
99|blindhumorousilionslilyottomitessharpnessantiquaryworship|slippe|peoplesharpsmediaaptkibesspeakmockwaterfatesvid
100|redeliverparcellpervertsplendourpovertywedgesattentivebra|creatureappearedaspirelikelybrimstonepreposterousparlouswetrushesperdurableabsolutemusterciphere|tributet
